Date,Div,Time,HomeTeam,AwayTeam,FTR,HTR,Referee,Season,Last5HomeOver2.5Perc,Last5AwayOver2.5Perc,AwayOver2.5Perc,HomeOver2.5Perc,HS,AS,MaxCA,AF,HF,HC,AC,HST,AST,MaxCH,MaxCD,Over2.5
2023-08-21,E0,20:00,Crystal Palace,Arsenal,A,D,D Coote,2023/2024,0.0,0.0,52.63,63.16,14,14,1.98,10,14,1,8,2,3,4.95,3.9,0
2023-09-17,E0,16:30,Everton,Arsenal,A,D,S Hooper,2023/2024,0.0,0.0,52.63,36.84,8,13,1.64,10,12,1,11,1,4,6.68,4.61,0
2023-09-30,E0,15:00,Bournemouth,Arsenal,A,A,M Salisbury,2023/2024,25.0,33.33,52.63,63.16,8,15,1.59,10,11,6,6,1,8,6.5,4.8,1
2023-10-21,E0,17:30,Chelsea,Arsenal,D,H,C Kavanagh,2023/2024,40.0,50.0,52.63,63.16,11,13,2.41,14,7,2,7,5,3,3.5,3.5,1
2023-11-04,E0,17:30,Newcastle,Arsenal,H,D,S Attwell,2023/2024,40.0,40.0,52.63,68.42,9,14,2.83,9,14,0,11,2,1,2.94,3.35,0
2023-11-25,E0,17:30,Brentford,Arsenal,A,D,T Robinson,2023/2024,80.0,40.0,52.63,68.42,9,15,1.72,7,9,1,8,3,4,6.18,4.2,0
2023-12-05,E0,20:15,Luton,Arsenal,A,A,S Barrott,2023/2024,60.0,60.0,52.63,68.42,6,23,1.31,7,14,3,8,4,9,19.0,8.08,1
2023-12-09,E0,17:30,Aston Villa,Arsenal,H,H,J Gillett,2023/2024,60.0,40.0,52.63,78.95,10,12,2.12,11,16,3,3,3,5,3.8,3.89,0
2023-12-23,E0,17:30,Liverpool,Arsenal,D,D,C Kavanagh,2023/2024,60.0,20.0,52.63,68.42,13,13,3.03,14,13,4,5,3,2,2.56,3.83,0
2023-12-31,E0,14:00,Fulham,Arsenal,H,D,J Smith,2023/2024,80.0,40.0,52.63,63.16,15,13,1.63,10,11,5,4,4,3,6.66,4.53,1
2024-01-30,E0,19:30,Nott'm Forest,Arsenal,A,D,S Hooper,2023/2024,60.0,60.0,52.63,52.63,9,19,1.41,7,6,2,11,3,3,9.52,5.3,1
2024-02-11,E0,14:00,West Ham,Arsenal,A,A,C Pawson,2023/2024,40.0,60.0,52.63,52.63,5,25,1.59,11,17,2,6,1,12,6.75,4.6,1
2024-02-17,E0,15:00,Burnley,Arsenal,A,A,J Gillett,2023/2024,40.0,80.0,52.63,57.89,8,16,1.33,8,11,4,6,0,7,11.5,6.42,1
2024-03-04,E0,20:00,Sheffield United,Arsenal,A,A,S Barrott,2023/2024,100.0,100.0,52.63,84.21,4,22,1.2,4,11,0,7,0,10,19.0,8.6,1
2024-03-31,E0,16:30,Man City,Arsenal,D,D,A Taylor,2023/2024,20.0,80.0,52.63,57.89,12,6,3.8,20,9,7,4,1,2,2.12,3.83,0
2024-04-06,E0,17:30,Brighton,Arsenal,A,A,J Brooks,2023/2024,40.0,80.0,52.63,57.89,10,20,1.57,13,14,8,7,2,7,7.0,4.7,1
2024-04-20,E0,19:30,Wolves,Arsenal,A,A,P Tierney,2023/2024,40.0,60.0,52.63,63.16,5,24,1.3,9,14,1,2,3,9,12.5,6.6,0
2024-04-28,E0,14:00,Tottenham,Arsenal,A,A,M Oliver,2023/2024,100.0,60.0,52.63,84.21,14,9,1.81,16,12,8,6,2,3,4.63,4.33,1
2024-05-12,E0,16:30,Man United,Arsenal,A,A,P Tierney,2023/2024,40.0,40.0,52.63,68.42,14,11,1.36,6,5,4,7,2,5,9.81,7.05,0
2024-08-24,E0,17:30,Aston Villa,Arsenal,A,D,M Oliver,2024/2025,0.0,0.0,36.84,57.89,11,9,1.78,15,8,4,1,3,4,4.85,4.16,0
2024-09-15,E0,14:00,Tottenham,Arsenal,A,D,J Gillett,2024/2025,50.0,0.0,36.84,73.68,15,7,2.63,10,13,7,6,5,4,3.0,3.75,0
2024-09-22,E0,16:30,Man City,Arsenal,D,A,M Oliver,2024/2025,100.0,33.33,36.84,73.68,33,5,5.37,10,7,8,2,11,3,1.83,3.75,1
2024-10-19,E0,17:30,Bournemouth,Arsenal,H,D,R Jones,2024/2025,25.0,25.0,36.84,31.58,13,6,1.85,11,12,7,4,4,1,5.37,3.85,0
2024-11-02,E0,12:30,Newcastle,Arsenal,H,H,J Brooks,2024/2025,20.0,20.0,36.84,63.16,9,10,2.01,18,16,4,6,4,1,4.3,3.75,0
2024-11-10,E0,16:30,Chelsea,Arsenal,D,D,M Oliver,2024/2025,40.0,20.0,36.84,57.89,17,13,2.52,12,12,4,3,3,3,3.14,3.55,0
2024-11-30,E0,17:30,West Ham,Arsenal,A,A,A Taylor,2024/2025,80.0,40.0,36.84,57.89,12,16,1.48,13,10,2,10,5,7,8.0,5.0,1
2024-12-08,E0,14:00,Fulham,Arsenal,D,H,C Kavanagh,2024/2025,80.0,20.0,36.84,63.16,2,12,1.65,9,10,0,6,2,4,5.85,4.41,0
2024-12-21,E0,17:30,Crystal Palace,Arsenal,A,A,S Hooper,2024/2025,40.0,40.0,36.84,47.37,15,14,1.5,8,9,3,3,6,6,7.68,4.6,1
2025-01-01,E0,17:30,Brentford,Arsenal,A,D,P Bankes,2024/2025,80.0,60.0,36.84,63.16,5,14,1.57,8,6,4,3,2,5,7.16,4.9,1
2025-01-04,E0,17:30,Brighton,Arsenal,D,A,A Taylor,2024/2025,40.0,60.0,36.84,68.42,11,9,1.85,14,17,2,5,4,3,5.45,3.8,0
2025-01-25,E0,15:00,Wolves,Arsenal,A,D,M Oliver,2024/2025,60.0,40.0,36.84,57.89,9,9,1.62,10,20,1,5,4,3,6.4,4.27,0
2025-02-15,E0,12:30,Leicester,Arsenal,A,D,S Barrott,2024/2025,20.0,40.0,36.84,47.37,6,11,1.35,10,9,3,7,2,5,11.0,5.7,0
2025-02-26,E0,19:30,Nott'm Forest,Arsenal,D,D,A Madley,2024/2025,40.0,20.0,36.84,31.58,6,13,1.98,17,10,3,11,2,1,4.38,3.55,0
2025-03-09,E0,16:30,Man United,Arsenal,D,H,A Taylor,2024/2025,60.0,0.0,36.84,52.63,10,17,1.82,11,8,2,9,6,6,5.6,3.72,0
2025-04-05,E0,12:30,Everton,Arsenal,D,A,D England,2024/2025,60.0,0.0,36.84,47.37,5,14,2.15,13,17,3,8,2,5,4.4,3.32,0
2025-04-20,E0,14:00,Ipswich,Arsenal,A,A,C Kavanagh,2024/2025,100.0,20.0,36.84,52.63,4,24,1.37,7,10,0,12,0,7,9.97,5.3,1
2025-05-11,E0,16:30,Liverpool,Arsenal,D,H,A Taylor,2024/2025,80.0,40.0,36.84,63.16,14,15,3.44,10,13,3,1,5,7,2.31,3.68,1
2025-05-25,E0,16:00,Southampton,Arsenal,A,A,D Bond,2024/2025,60.0,60.0,36.84,68.42,7,23,1.28,8,7,5,8,2,8,12.2,6.8,1
2025-08-17,E0,16:30,Man United,Arsenal,A,A,S Hooper,2025/2026,0.0,0.0,0.0,50.0,22,9,1.97,19,10,3,4,7,3,4.0,3.8,0
2025-08-31,E0,16:30,Liverpool,Arsenal,H,D,C Kavanagh,2025/2026,50.0,0.0,0.0,50.0,9,11,3.1,10,7,3,8,3,1,2.4,3.5,0
2023-08-12,E0,17:30,Newcastle,Aston Villa,H,H,A Madley,2023/2024,100.0,100.0,63.16,68.42,17,16,5.64,17,12,6,5,13,6,1.71,4.3,1
2023-08-27,E0,14:00,Burnley,Aston Villa,A,A,M Salisbury,2023/2024,100.0,100.0,63.16,57.89,9,16,2.32,11,12,4,6,2,6,3.66,3.7,1
2023-09-03,E0,14:00,Liverpool,Aston Villa,H,H,S Hooper,2023/2024,100.0,100.0,63.16,68.42,17,9,5.25,7,12,7,3,4,3,1.65,4.9,1
2023-09-24,E0,14:00,Chelsea,Aston Villa,A,D,J Gillett,2023/2024,25.0,75.0,63.16,63.16,10,15,4.4,11,9,5,11,4,7,1.93,4.1,0
2023-10-08,E0,14:00,Wolves,Aston Villa,D,D,R Jones,2023/2024,75.0,60.0,63.16,63.16,8,18,2.11,9,19,2,10,3,4,3.8,3.78,0
2023-11-05,E0,14:00,Nott'm Forest,Aston Villa,H,H,J Gillett,2023/2024,40.0,40.0,63.16,52.63,5,13,1.99,9,6,0,10,3,3,4.27,3.9,0
2023-11-26,E0,14:00,Tottenham,Aston Villa,A,D,R Jones,2023/2024,80.0,40.0,63.16,84.21,18,15,2.79,13,11,9,3,8,5,2.75,3.99,1
2023-12-03,E0,14:00,Bournemouth,Aston Villa,D,D,T Bramall,2023/2024,80.0,40.0,63.16,63.16,15,11,2.19,12,16,7,7,7,3,3.4,4.11,1
2023-12-17,E0,14:00,Brentford,Aston Villa,A,H,D Coote,2023/2024,80.0,60.0,63.16,68.42,4,15,2.44,6,19,7,12,3,5,3.5,3.7,1
2023-12-26,E0,20:00,Man United,Aston Villa,H,A,C Pawson,2023/2024,80.0,80.0,63.16,68.42,13,10,3.08,10,10,3,6,7,4,2.45,4.2,1
2024-01-14,E0,14:00,Everton,Aston Villa,D,D,D Coote,2023/2024,60.0,80.0,63.16,36.84,10,16,2.88,14,13,4,5,2,5,2.81,3.65,0
2024-02-03,E0,17:30,Sheffield United,Aston Villa,A,A,P Tierney,2023/2024,60.0,80.0,63.16,84.21,10,14,1.73,7,10,3,4,5,10,5.6,4.4,1
2024-02-17,E0,15:00,Fulham,Aston Villa,A,A,L Smith,2023/2024,60.0,80.0,63.16,63.16,15,12,2.5,6,11,4,4,4,3,3.1,3.85,1
2024-03-02,E0,17:30,Luton,Aston Villa,A,A,M Oliver,2023/2024,100.0,80.0,63.16,68.42,13,12,1.73,19,8,8,6,5,8,4.8,4.6,1
2024-03-17,E0,14:00,West Ham,Aston Villa,D,H,J Gillett,2023/2024,60.0,60.0,63.16,52.63,13,13,2.88,12,13,7,11,5,5,2.5,3.8,0
2024-04-03,E0,20:15,Man City,Aston Villa,H,H,D England,2023/2024,40.0,80.0,63.16,57.89,25,8,16.0,13,6,2,3,11,3,1.25,8.0,1
2024-04-14,E0,16:30,Arsenal,Aston Villa,A,D,D Coote,2023/2024,60.0,60.0,63.16,73.68,18,11,13.0,7,12,4,6,4,2,1.63,7.0,0
2024-05-05,E0,14:00,Brighton,Aston Villa,H,D,R Jones,2023/2024,40.0,40.0,63.16,57.89,15,2,2.84,10,13,7,3,8,1,2.63,3.95,0
2024-05-19,E0,16:00,Crystal Palace,Aston Villa,H,H,D Bond,2023/2024,80.0,40.0,63.16,63.16,15,8,5.0,8,10,2,4,9,2,1.75,4.67,1
2024-08-17,E0,17:30,West Ham,Aston Villa,A,D,T Harrington,2024/2025,100.0,100.0,68.42,57.89,14,15,2.91,11,18,5,3,3,3,2.56,3.6,1
2024-08-31,E0,15:00,Leicester,Aston Villa,A,A,D Coote,2024/2025,50.0,100.0,68.42,47.37,9,10,1.95,21,13,1,4,3,5,4.2,3.88,1
2024-09-29,E0,14:00,Ipswich,Aston Villa,D,A,S Attwell,2024/2025,33.33,100.0,68.42,52.63,15,7,2.11,14,10,10,0,5,3,3.9,3.65,1
2024-10-19,E0,15:00,Fulham,Aston Villa,A,D,D England,2024/2025,75.0,100.0,68.42,63.16,10,14,3.0,11,8,6,11,4,5,2.55,3.5,1
2024-11-03,E0,14:00,Tottenham,Aston Villa,H,A,C Pawson,2024/2025,80.0,100.0,68.42,73.68,16,12,3.77,14,14,6,4,6,1,1.99,4.15,1
2024-11-09,E0,20:00,Liverpool,Aston Villa,H,H,D Coote,2024/2025,60.0,80.0,68.42,63.16,14,12,7.0,15,11,2,9,5,2,1.51,4.9,0
2024-12-01,E0,13:30,Chelsea,Aston Villa,H,H,S Attwell,2024/2025,60.0,80.0,68.42,57.89,17,10,4.85,6,21,3,4,8,4,1.77,4.3,1
2024-12-14,E0,17:30,Nott'm Forest,Aston Villa,H,D,S Barrott,2024/2025,60.0,80.0,68.42,31.58,17,8,2.85,6,12,4,3,6,2,2.89,3.3,1
2024-12-26,E0,15:00,Newcastle,Aston Villa,H,H,A Taylor,2024/2025,60.0,80.0,68.42,63.16,22,4,4.04,10,15,9,6,8,1,1.98,3.88,1
2025-01-15,E0,19:30,Everton,Aston Villa,A,D,S Barrott,2024/2025,20.0,60.0,68.42,47.37,10,11,2.35,10,17,8,5,3,3,3.63,3.21,0
2025-01-18,E0,17:30,Arsenal,Aston Villa,D,H,C Kavanagh,2024/2025,40.0,80.0,68.42,52.63,18,8,6.4,18,10,10,1,6,4,1.65,4.35,1
2025-02-01,E0,17:30,Wolves,Aston Villa,H,H,A Madley,2024/2025,40.0,60.0,68.42,57.89,8,10,2.4,13,20,5,8,5,3,3.35,3.5,0
2025-02-25,E0,19:30,Crystal Palace,Aston Villa,H,H,S Barrott,2024/2025,80.0,60.0,68.42,47.37,19,6,3.33,10,19,3,8,6,2,2.35,3.61,1
2025-03-08,E0,17:30,Brentford,Aston Villa,A,D,J Gillett,2024/2025,20.0,40.0,68.42,63.16,13,12,3.31,5,10,6,5,3,4,2.27,4.0,0
2025-04-02,E0,19:45,Brighton,Aston Villa,A,D,S Attwell,2024/2025,80.0,60.0,68.42,68.42,11,8,3.15,11,16,4,0,4,5,2.45,3.7,1
2025-04-12,E0,15:00,Southampton,Aston Villa,A,D,T Bramall,2024/2025,80.0,60.0,68.42,68.42,7,25,1.57,4,11,2,14,2,10,6.68,4.7,1
2025-04-22,E0,20:00,Man City,Aston Villa,H,D,C Pawson,2024/2025,60.0,80.0,68.42,73.68,14,7,3.96,10,9,10,2,6,3,1.98,4.06,1
2025-05-10,E0,17:30,Bournemouth,Aston Villa,A,A,S Attwell,2024/2025,40.0,60.0,68.42,31.58,10,6,2.75,12,19,10,0,4,3,2.75,3.6,0
2025-05-25,E0,16:00,Man United,Aston Villa,H,D,T Bramall,2024/2025,0.0,60.0,68.42,52.63,25,6,1.74,10,10,4,3,10,1,5.21,4.42,0
2025-08-23,E0,15:00,Brentford,Aston Villa,H,H,T Harrington,2025/2026,0.0,0.0,0.0,0.0,9,17,2.28,9,11,2,9,2,2,3.5,3.6,0
2023-08-19,E0,15:00,Liverpool,Bournemouth,H,H,T Bramall,2023/2024,100.0,100.0,78.95,68.42,26,13,14.5,13,11,10,2,10,5,1.23,8.6,1
2023-09-02,E0,15:00,Brentford,Bournemouth,D,D,R Madley,2023/2024,66.67,100.0,78.95,68.42,21,12,5.0,13,6,5,2,7,5,1.76,4.1,1
2023-09-24,E0,14:00,Brighton,Bournemouth,H,D,J Brooks,2023/2024,100.0,100.0,78.95,57.89,13,12,6.5,17,12,4,4,4,4,1.54,5.25,1
2023-10-07,E0,15:00,Everton,Bournemouth,H,H,D Coote,2023/2024,40.0,100.0,78.95,36.84,25,11,4.34,15,14,8,7,8,4,1.97,3.85,1
2023-11-04,E0,15:00,Man City,Bournemouth,H,H,C Pawson,2023/2024,60.0,100.0,78.95,57.89,21,5,32.0,9,8,12,1,8,1,1.11,14.0,1
2023-11-25,E0,15:00,Sheffield United,Bournemouth,A,A,A Madley,2023/2024,100.0,100.0,78.95,84.21,10,23,2.33,8,6,4,7,2,11,3.57,3.66,1
2023-12-06,E0,19:30,Crystal Palace,Bournemouth,A,A,C Pawson,2023/2024,40.0,80.0,78.95,63.16,16,11,3.6,17,10,3,9,3,4,2.36,3.57,0
2023-12-09,E0,15:00,Man United,Bournemouth,A,A,P Bankes,2023/2024,80.0,80.0,78.95,68.42,20,10,5.15,10,7,10,4,3,4,1.72,4.6,1
2023-12-23,E0,15:00,Nott'm Forest,Bournemouth,A,D,R Jones,2023/2024,40.0,80.0,78.95,52.63,11,18,2.6,10,10,6,6,5,7,2.95,3.6,1
2023-12-31,E0,14:00,Tottenham,Bournemouth,H,H,S Hooper,2023/2024,100.0,80.0,78.95,84.21,12,24,4.23,18,9,4,13,6,4,1.8,4.7,1
2024-02-01,E0,19:30,West Ham,Bournemouth,D,A,T Robinson,2023/2024,20.0,60.0,78.95,52.63,9,9,3.12,11,13,1,5,3,4,2.55,3.71,0
2024-02-10,E0,15:00,Fulham,Bournemouth,H,H,D England,2023/2024,60.0,80.0,78.95,63.16,7,25,2.91,11,11,1,14,6,4,2.69,3.69,1
2024-02-17,E0,15:00,Newcastle,Bournemouth,D,D,M Salisbury,2023/2024,100.0,80.0,78.95,68.42,17,12,3.66,22,9,4,2,5,7,2.06,4.1,1
2024-03-03,E0,13:00,Burnley,Bournemouth,A,A,D Coote,2023/2024,40.0,60.0,78.95,57.89,20,10,2.05,13,8,7,2,6,3,3.83,3.85,0
2024-04-06,E0,15:00,Luton,Bournemouth,H,D,A Madley,2023/2024,80.0,60.0,78.95,68.42,19,8,1.98,14,7,7,2,9,1,3.9,4.1,1
2024-04-21,E0,15:00,Aston Villa,Bournemouth,H,D,T Robinson,2023/2024,80.0,80.0,78.95,78.95,14,14,4.05,14,8,8,4,4,6,1.88,4.2,1
2024-04-24,E0,19:45,Wolves,Bournemouth,A,A,S Attwell,2023/2024,40.0,60.0,78.95,63.16,15,21,2.6,17,10,8,12,4,6,2.85,3.83,0
2024-05-04,E0,12:30,Arsenal,Bournemouth,H,H,D Coote,2023/2024,60.0,60.0,78.95,73.68,25,7,15.0,12,16,6,1,9,2,1.25,7.5,1
2024-05-19,E0,16:00,Chelsea,Bournemouth,H,H,A Taylor,2023/2024,80.0,80.0,78.95,63.16,16,22,7.52,9,5,6,5,6,5,1.44,5.9,1
2024-08-17,E0,15:00,Nott'm Forest,Bournemouth,D,H,M Oliver,2024/2025,0.0,0.0,78.95,31.58,14,13,3.37,8,17,2,6,8,4,2.38,3.55,0
2024-08-31,E0,15:00,Everton,Bournemouth,A,D,S Attwell,2024/2025,100.0,50.0,78.95,47.37,18,17,2.52,1,6,8,4,8,7,3.14,3.55,1
2024-09-21,E0,15:00,Liverpool,Bournemouth,H,H,T Harrington,2024/2025,33.33,66.67,78.95,63.16,19,19,11.0,12,10,3,9,13,6,1.29,7.1,1
2024-10-05,E0,15:00,Leicester,Bournemouth,H,H,D Bond,2024/2025,25.0,50.0,78.95,47.37,6,17,2.11,14,12,0,9,2,2,3.7,3.94,0
2024-10-26,E0,15:00,Aston Villa,Bournemouth,D,D,A Madley,2024/2025,40.0,40.0,78.95,57.89,18,11,4.59,14,12,9,7,8,3,1.86,4.1,0
2024-11-09,E0,15:00,Brentford,Bournemouth,H,D,D Bond,2024/2025,80.0,60.0,78.95,63.16,12,15,2.75,16,8,6,4,6,3,2.65,3.7,1
2024-11-30,E0,15:00,Wolves,Bournemouth,A,A,P Bankes,2024/2025,80.0,60.0,78.95,57.89,10,12,2.74,11,13,3,4,3,8,2.9,3.6,1
2024-12-08,E0,14:00,Ipswich,Bournemouth,A,H,M Salisbury,2024/2025,20.0,60.0,78.95,52.63,18,22,2.0,13,9,6,13,5,6,4.0,4.0,1
2024-12-22,E0,14:00,Man United,Bournemouth,A,A,C Pawson,2024/2025,80.0,80.0,78.95,52.63,23,10,4.39,11,11,13,1,7,5,1.91,3.85,1
2024-12-29,E0,15:00,Fulham,Bournemouth,D,H,R Jones,2024/2025,60.0,100.0,78.95,63.16,11,16,3.31,16,7,1,7,6,9,2.42,3.55,1
2025-01-14,E0,19:30,Chelsea,Bournemouth,D,H,R Jones,2024/2025,80.0,100.0,78.95,57.89,26,7,6.0,16,15,9,3,10,3,1.57,4.95,1
2025-01-18,E0,12:30,Newcastle,Bournemouth,A,A,S Attwell,2024/2025,100.0,100.0,78.95,63.16,13,19,5.5,18,7,7,6,5,10,1.67,4.4,1
2025-02-15,E0,15:00,Southampton,Bournemouth,A,A,J Gillett,2024/2025,80.0,100.0,78.95,68.42,11,14,1.54,15,13,4,6,4,7,6.5,5.0,1
2025-02-25,E0,19:30,Brighton,Bournemouth,H,H,M Oliver,2024/2025,40.0,100.0,78.95,68.42,11,19,3.8,14,12,1,9,4,5,2.01,3.99,1
2025-03-09,E0,14:00,Tottenham,Bournemouth,D,A,J Brooks,2024/2025,60.0,100.0,78.95,73.68,12,17,2.5,16,15,3,6,4,8,2.89,3.88,1
2025-04-05,E0,15:00,West Ham,Bournemouth,D,A,T Robinson,2024/2025,20.0,100.0,78.95,57.89,9,11,2.43,13,13,4,7,3,4,3.1,3.57,1
2025-04-19,E0,15:00,Crystal Palace,Bournemouth,D,D,S Barrott,2024/2025,60.0,80.0,78.95,47.37,5,15,2.79,10,13,5,4,0,4,2.66,3.58,0
2025-05-03,E0,17:30,Arsenal,Bournemouth,A,H,J Gillett,2024/2025,60.0,80.0,78.95,52.63,13,9,5.36,16,7,2,3,4,2,1.75,4.18,1
2025-05-20,E0,20:00,Man City,Bournemouth,H,H,T Bramall,2024/2025,60.0,80.0,78.95,73.68,12,8,9.2,13,7,3,1,5,2,1.38,5.8,1
2025-08-15,E0,20:00,Liverpool,Bournemouth,H,H,A Taylor,2025/2026,100.0,100.0,50.0,50.0,19,10,9.5,10,7,6,7,10,3,1.31,6.6,1
2025-08-30,E0,15:00,Tottenham,Bournemouth,A,A,S Hooper,2025/2026,50.0,50.0,50.0,50.0,5,20,4.0,13,17,0,8,1,6,1.94,3.85,0
2023-08-19,E0,15:00,Fulham,Brentford,A,A,D Bond,2023/2024,100.0,100.0,63.16,63.16,10,17,2.83,12,13,5,5,2,8,2.95,3.35,1
2023-09-16,E0,17:30,Newcastle,Brentford,H,D,C Pawson,2023/2024,66.67,50.0,63.16,68.42,9,11,6.0,12,8,8,3,2,2,1.69,4.2,0
2023-10-01,E0,14:00,Nott'm Forest,Brentford,D,D,P Tierney,2023/2024,33.33,33.33,63.16,52.63,6,18,3.17,10,6,1,11,1,5,2.85,3.34,0
2023-10-07,E0,15:00,Man United,Brentford,H,A,A Madley,2023/2024,60.0,50.0,63.16,68.42,21,11,5.5,17,10,7,5,8,3,1.74,4.35,1
2023-10-28,E0,12:30,Chelsea,Brentford,A,D,S Hooper,2023/2024,40.0,40.0,63.16,63.16,17,7,5.9,7,12,10,1,2,5,1.7,4.32,0
2023-11-12,E0,14:00,Liverpool,Brentford,H,H,P Tierney,2023/2024,80.0,40.0,63.16,68.42,17,16,8.5,12,16,6,8,10,3,1.41,5.77,1
2023-12-06,E0,19:30,Brighton,Brentford,H,D,P Bankes,2023/2024,60.0,60.0,63.16,57.89,18,8,4.91,8,10,7,3,7,2,1.89,4.2,1
2023-12-09,E0,15:00,Sheffield United,Brentford,H,H,S Attwell,2023/2024,60.0,60.0,63.16,84.21,9,10,1.82,13,14,3,4,4,4,5.0,4.1,0
2023-12-30,E0,15:00,Crystal Palace,Brentford,H,H,R Jones,2023/2024,60.0,60.0,63.16,63.16,13,9,3.97,10,14,7,4,6,4,2.2,3.4,1
2024-01-31,E0,19:30,Tottenham,Brentford,H,A,D Coote,2023/2024,100.0,80.0,63.16,84.21,19,9,5.45,15,13,5,3,5,5,1.7,4.65,1
2024-02-10,E0,15:00,Wolves,Brentford,A,A,S Hooper,2023/2024,60.0,60.0,63.16,63.16,17,9,3.45,9,11,7,4,5,6,2.28,3.75,0
2024-02-20,E0,19:30,Man City,Brentford,H,D,D England,2023/2024,20.0,40.0,63.16,57.89,25,6,17.0,6,12,10,1,11,2,1.21,8.5,0
2024-02-26,E0,20:00,West Ham,Brentford,H,H,S Hooper,2023/2024,40.0,60.0,63.16,52.63,17,14,3.16,9,5,1,7,6,8,2.42,3.65,1
2024-03-09,E0,17:30,Arsenal,Brentford,H,D,R Jones,2023/2024,80.0,60.0,63.16,73.68,17,9,15.0,10,9,10,4,6,4,1.25,8.0,1
2024-03-16,E0,15:00,Burnley,Brentford,H,H,D Bond,2023/2024,60.0,60.0,63.16,57.89,17,9,2.33,17,14,5,4,6,5,3.27,3.8,1
2024-04-06,E0,15:00,Aston Villa,Brentford,D,H,M Salisbury,2023/2024,80.0,80.0,63.16,78.95,11,8,5.81,11,15,11,3,3,3,1.68,4.35,1
2024-04-20,E0,15:00,Luton,Brentford,A,A,J Gillett,2023/2024,80.0,100.0,63.16,68.42,6,21,2.49,9,13,4,9,3,9,3.05,3.8,1
2024-04-27,E0,17:30,Everton,Brentford,H,D,D England,2023/2024,20.0,80.0,63.16,36.84,18,10,2.88,12,10,6,6,1,4,3.0,3.6,0
2024-05-11,E0,15:00,Bournemouth,Brentford,A,D,M Donohue,2023/2024,80.0,80.0,63.16,63.16,13,11,3.4,12,16,3,8,4,5,2.16,4.1,1
2024-08-25,E0,16:30,Liverpool,Brentford,H,H,S Attwell,2024/2025,0.0,0.0,57.89,63.16,19,8,13.5,7,10,9,4,8,2,1.25,7.75,0
2024-09-14,E0,15:00,Man City,Brentford,H,H,D Bond,2024/2025,100.0,50.0,57.89,73.68,18,8,16.1,3,9,12,3,7,5,1.22,8.3,1
2024-09-21,E0,15:00,Tottenham,Brentford,H,H,J Brooks,2024/2025,66.67,66.67,57.89,73.68,23,6,6.5,9,11,9,4,10,6,1.5,5.33,1
2024-10-19,E0,15:00,Man United,Brentford,H,A,S Barrott,2024/2025,75.0,75.0,57.89,52.63,23,8,5.09,5,14,9,2,11,2,1.73,4.5,1
2024-11-04,E0,20:00,Fulham,Brentford,H,A,S Attwell,2024/2025,80.0,80.0,57.89,63.16,26,5,3.76,10,3,11,3,12,2,2.05,3.88,1
2024-11-23,E0,15:00,Everton,Brentford,D,D,C Kavanagh,2024/2025,40.0,80.0,57.89,47.37,27,9,3.28,10,8,10,4,5,2,2.42,3.47,0
2024-12-04,E0,20:15,Aston Villa,Brentford,H,H,L Smith,2024/2025,60.0,80.0,57.89,57.89,20,9,5.15,15,11,10,5,10,1,1.83,4.3,1
2024-12-15,E0,19:00,Chelsea,Brentford,H,H,P Bankes,2024/2025,60.0,80.0,57.89,57.89,26,9,8.6,7,11,8,5,8,4,1.38,6.3,1
2024-12-27,E0,19:30,Brighton,Brentford,D,D,A Madley,2024/2025,60.0,60.0,57.89,68.42,24,8,5.19,12,6,5,3,7,3,1.67,4.65,0
2025-01-04,E0,15:00,Southampton,Brentford,A,A,S Attwell,2024/2025,80.0,60.0,57.89,68.42,8,20,2.24,4,10,2,2,1,11,3.49,3.71,1
2025-01-26,E0,14:00,Crystal Palace,Brentford,A,D,T Harrington,2024/2025,80.0,80.0,57.89,47.37,16,13,4.09,11,8,4,7,5,6,2.03,3.95,1
2025-02-15,E0,15:00,West Ham,Brentford,A,A,D England,2024/2025,40.0,60.0,57.89,57.89,13,14,2.94,13,10,9,2,3,5,2.45,3.77,0
2025-02-21,E0,20:00,Leicester,Brentford,A,A,T Harrington,2024/2025,20.0,60.0,57.89,47.37,8,14,2.02,10,10,5,6,3,6,3.9,3.91,1
2025-03-15,E0,17:30,Bournemouth,Brentford,A,D,C Pawson,2024/2025,40.0,80.0,57.89,31.58,17,10,4.5,7,13,4,3,5,4,1.85,4.35,1
2025-04-02,E0,19:45,Newcastle,Brentford,H,H,P Bankes,2024/2025,100.0,80.0,57.89,63.16,21,12,5.0,12,12,4,5,4,3,1.7,4.5,1
2025-04-12,E0,17:30,Arsenal,Brentford,D,D,S Hooper,2024/2025,40.0,60.0,57.89,52.63,14,3,5.66,9,7,13,5,3,2,1.68,4.33,0
2025-05-01,E0,19:30,Nott'm Forest,Brentford,A,A,D England,2024/2025,0.0,60.0,57.89,31.58,14,11,3.26,12,10,4,5,5,3,2.38,3.65,0
2025-05-10,E0,15:00,Ipswich,Brentford,A,A,S Barrott,2024/2025,80.0,40.0,57.89,52.63,11,15,1.57,12,6,5,6,4,5,6.0,4.85,0
2025-05-25,E0,16:00,Wolves,Brentford,D,A,C Pawson,2024/2025,40.0,20.0,57.89,57.89,18,13,2.45,9,7,8,3,6,7,3.0,3.82,0
2025-08-17,E0,14:00,Nott'm Forest,Brentford,H,H,P Bankes,2025/2026,100.0,100.0,100.0,100.0,11,10,4.3,15,7,5,5,5,3,1.95,3.55,1
2025-08-30,E0,15:00,Sunderland,Brentford,H,D,A Taylor,2025/2026,100.0,100.0,100.0,100.0,12,7,2.42,12,11,3,4,3,4,3.2,3.4,1
2023-08-19,E0,15:00,Wolves,Brighton,A,A,A Madley,2023/2024,100.0,100.0,63.16,63.16,16,16,1.88,11,14,5,3,5,8,4.4,4.21,1
2023-09-16,E0,15:00,Man United,Brighton,A,A,J Gillett,2023/2024,66.67,100.0,63.16,68.42,14,10,3.78,9,8,8,1,4,8,2.08,4.15,1
2023-09-30,E0,12:30,Aston Villa,Brighton,H,H,A Madley,2023/2024,100.0,100.0,63.16,78.95,19,11,2.82,21,19,1,3,9,3,2.7,3.85,1
2023-10-21,E0,15:00,Man City,Brighton,H,H,R Jones,2023/2024,50.0,100.0,63.16,57.89,10,5,8.5,11,9,2,2,6,3,1.4,6.2,1
2023-11-04,E0,15:00,Everton,Brighton,D,H,T Robinson,2023/2024,40.0,80.0,63.16,36.84,10,7,2.55,5,15,3,3,4,2,2.93,3.86,0
2023-11-25,E0,15:00,Nott'm Forest,Brighton,A,A,A Taylor,2023/2024,40.0,80.0,63.16,52.63,18,11,2.27,7,12,6,4,5,5,3.8,3.67,1
2023-12-03,E0,14:00,Chelsea,Brighton,H,H,C Pawson,2023/2024,60.0,80.0,63.16,63.16,8,18,5.7,12,16,5,8,5,9,1.77,4.5,1
2023-12-17,E0,14:00,Arsenal,Brighton,H,D,T Robinson,2023/2024,60.0,60.0,63.16,73.68,26,6,7.3,9,11,10,1,9,1,1.54,5.12,0
2023-12-21,E0,20:00,Crystal Palace,Brighton,D,H,J Brooks,2023/2024,60.0,40.0,63.16,63.16,11,18,2.42,11,12,3,1,3,6,3.5,3.55,0
2024-01-02,E0,19:30,West Ham,Brighton,D,D,S Barrott,2023/2024,40.0,40.0,63.16,52.63,6,22,2.63,6,4,2,0,2,8,3.2,3.8,0
2024-01-30,E0,19:45,Luton,Brighton,H,H,R Jones,2023/2024,80.0,40.0,63.16,68.42,18,9,1.86,14,13,7,4,8,2,4.5,4.2,1
2024-02-10,E0,15:00,Tottenham,Brighton,H,A,S Barrott,2023/2024,100.0,40.0,63.16,84.21,16,6,4.28,13,14,9,6,6,3,1.79,4.66,1
2024-02-18,E0,14:00,Sheffield United,Brighton,A,A,S Attwell,2023/2024,80.0,60.0,63.16,84.21,6,24,1.72,5,3,5,10,1,10,5.15,4.45,1
2024-03-02,E0,15:00,Fulham,Brighton,H,H,S Hooper,2023/2024,80.0,80.0,63.16,63.16,12,15,2.89,10,16,2,6,5,5,2.62,3.6,1
2024-03-31,E0,14:00,Liverpool,Brighton,H,D,D Coote,2023/2024,80.0,100.0,63.16,68.42,30,9,9.65,6,20,8,4,8,3,1.33,6.7,1
2024-04-03,E0,19:30,Brentford,Brighton,D,D,A Madley,2023/2024,60.0,80.0,63.16,68.42,5,24,2.8,12,9,1,5,2,6,2.63,3.88,0
2024-04-13,E0,15:00,Burnley,Brighton,D,D,S Hooper,2023/2024,40.0,60.0,63.16,57.89,11,20,1.95,8,18,4,5,3,8,4.11,4.1,0
2024-04-28,E0,14:00,Bournemouth,Brighton,H,H,P Tierney,2023/2024,80.0,60.0,63.16,63.16,15,13,3.66,10,14,8,2,6,1,2.04,4.27,1
2024-05-11,E0,15:00,Newcastle,Brighton,D,D,D England,2023/2024,60.0,40.0,63.16,68.42,18,15,5.5,16,9,8,4,7,4,1.62,5.0,0
2024-08-17,E0,15:00,Everton,Brighton,A,A,S Hooper,2024/2025,100.0,100.0,73.68,47.37,9,10,2.45,8,8,1,5,1,5,3.16,3.5,1
2024-08-31,E0,12:30,Arsenal,Brighton,D,H,C Kavanagh,2024/2025,0.0,50.0,73.68,52.63,11,22,8.6,7,12,3,7,7,4,1.4,5.6,0
2024-09-28,E0,15:00,Chelsea,Brighton,H,H,P Bankes,2024/2025,33.33,66.67,73.68,57.89,15,15,4.5,8,11,8,2,7,5,1.81,4.3,1
2024-10-19,E0,15:00,Newcastle,Brighton,A,A,P Bankes,2024/2025,25.0,50.0,73.68,63.16,21,10,4.9,9,11,9,4,6,5,1.78,4.25,0
2024-11-02,E0,15:00,Liverpool,Brighton,H,A,T Harrington,2024/2025,60.0,60.0,73.68,63.16,16,13,8.4,18,10,10,7,8,5,1.41,6.3,1
2024-11-23,E0,15:00,Bournemouth,Brighton,A,A,S Attwell,2024/2025,60.0,60.0,73.68,31.58,19,6,2.9,10,13,7,0,5,4,2.56,3.67,1
2024-12-05,E0,19:30,Fulham,Brighton,H,H,P Bankes,2024/2025,100.0,80.0,73.68,63.16,6,13,2.8,8,7,5,6,2,3,2.72,3.68,1
2024-12-08,E0,14:00,Leicester,Brighton,D,A,S Attwell,2024/2025,80.0,80.0,73.68,47.37,10,16,1.73,10,9,5,5,3,7,5.25,4.35,1
2024-12-21,E0,15:00,West Ham,Brighton,D,D,R Jones,2024/2025,60.0,80.0,73.68,57.89,11,12,2.58,20,14,8,4,4,6,2.85,3.77,0
2024-12-30,E0,19:45,Aston Villa,Brighton,D,D,C Pawson,2024/2025,80.0,80.0,73.68,57.89,20,13,4.37,14,9,12,3,4,4,2.08,3.89,1
2025-01-16,E0,19:30,Ipswich,Brighton,A,D,T Harrington,2024/2025,40.0,60.0,73.68,52.63,5,11,2.03,14,13,1,9,3,5,3.95,3.8,0
2025-01-19,E0,14:00,Man United,Brighton,A,D,P Bankes,2024/2025,80.0,60.0,73.68,52.63,10,6,3.35,12,13,4,2,1,3,2.35,3.5,1
2025-02-01,E0,12:30,Nott'm Forest,Brighton,H,H,S Hooper,2024/2025,60.0,60.0,73.68,31.58,14,10,2.94,13,8,4,6,9,5,2.68,3.47,1
2025-02-22,E0,15:00,Southampton,Brighton,A,A,D Bond,2024/2025,80.0,80.0,73.68,68.42,6,18,1.58,12,11,5,6,1,12,6.0,4.66,1
2025-03-15,E0,15:00,Man City,Brighton,D,H,S Hooper,2024/2025,80.0,80.0,73.68,73.68,11,15,4.5,10,10,4,5,3,3,1.86,4.22,1
2025-04-05,E0,15:00,Crystal Palace,Brighton,H,D,A Taylor,2024/2025,80.0,100.0,73.68,47.37,8,11,2.9,13,12,2,4,3,5,2.58,3.58,1
2025-04-19,E0,15:00,Brentford,Brighton,H,D,T Robinson,2024/2025,20.0,100.0,73.68,63.16,16,12,2.74,11,7,4,8,8,3,2.75,3.7,1
2025-05-10,E0,15:00,Wolves,Brighton,A,A,M Oliver,2024/2025,40.0,80.0,73.68,57.89,10,7,2.56,12,8,7,4,3,2,3.08,3.48,0
2025-05-25,E0,16:00,Tottenham,Brighton,A,H,R Jones,2024/2025,80.0,80.0,73.68,73.68,4,23,1.95,8,13,2,11,2,8,3.9,4.15,1
2025-08-24,E0,14:00,Everton,Brighton,H,H,S Attwell,2025/2026,0.0,0.0,0.0,0.0,11,13,2.5,15,7,2,2,3,4,3.0,3.4,0
2023-09-18,E0,19:45,Nott'm Forest,Burnley,D,A,R Jones,2023/2024,50.0,0.0,63.16,52.63,14,10,3.95,10,16,5,4,4,3,2.2,3.6,0
2023-09-30,E0,15:00,Newcastle,Burnley,H,H,T Bramall,2023/2024,50.0,0.0,63.16,68.42,20,8,9.5,15,7,5,3,8,2,1.42,5.5,0
2023-10-03,E0,19:30,Luton,Burnley,A,A,P Bankes,2023/2024,66.67,33.33,63.16,68.42,18,14,2.7,6,14,7,6,3,4,3.13,3.3,1
2023-10-21,E0,15:00,Brentford,Burnley,H,H,J Smith,2023/2024,80.0,50.0,63.16,68.42,23,6,5.2,12,14,5,5,10,1,1.83,3.99,1
2023-10-28,E0,15:00,Bournemouth,Burnley,H,D,S Barrott,2023/2024,60.0,60.0,63.16,63.16,13,6,3.53,12,9,10,5,6,3,2.24,3.72,1
2023-11-11,E0,15:00,Arsenal,Burnley,H,H,M Oliver,2023/2024,80.0,80.0,63.16,73.68,16,8,19.0,9,8,3,3,6,5,1.26,8.2,1
2023-12-05,E0,19:30,Wolves,Burnley,H,H,J Gillett,2023/2024,60.0,80.0,63.16,63.16,7,12,4.5,15,11,6,8,4,3,1.99,3.8,0
2023-12-09,E0,15:00,Brighton,Burnley,D,A,S Hooper,2023/2024,40.0,60.0,63.16,57.89,29,6,7.08,8,5,9,1,11,3,1.57,4.92,0
2023-12-23,E0,15:00,Fulham,Burnley,A,D,R Welch,2023/2024,60.0,40.0,63.16,63.16,19,7,5.56,17,5,8,6,5,2,1.8,4.2,0
2023-12-30,E0,15:00,Aston Villa,Burnley,H,H,S Attwell,2023/2024,40.0,40.0,63.16,78.95,19,9,8.5,14,9,6,2,7,5,1.46,5.35,1
2024-01-31,E0,19:30,Man City,Burnley,H,H,S Barrott,2023/2024,60.0,40.0,63.16,57.89,14,8,26.0,13,3,7,3,4,3,1.14,13.0,1
2024-02-10,E0,15:00,Liverpool,Burnley,H,D,T Robinson,2023/2024,60.0,60.0,63.16,68.42,25,9,19.0,13,11,9,3,10,4,1.18,9.5,1
2024-02-24,E0,15:00,Crystal Palace,Burnley,H,D,L Smith,2023/2024,80.0,80.0,63.16,63.16,15,2,4.19,13,8,12,3,6,0,2.06,3.58,1
2024-03-10,E0,14:00,West Ham,Burnley,D,A,D England,2023/2024,60.0,100.0,63.16,52.63,22,11,5.7,18,11,4,4,4,4,1.68,4.3,1
2024-03-30,E0,15:00,Chelsea,Burnley,D,H,D England,2023/2024,80.0,100.0,63.16,63.16,33,18,11.5,7,12,12,4,13,7,1.3,7.0,1
2024-04-06,E0,15:00,Everton,Burnley,H,H,M Oliver,2023/2024,40.0,80.0,63.16,36.84,12,6,5.0,13,11,3,5,3,1,1.8,4.0,0
2024-04-20,E0,15:00,Sheffield United,Burnley,A,A,A Madley,2023/2024,100.0,80.0,63.16,84.21,18,16,2.7,9,10,11,2,11,9,2.76,3.7,1
2024-04-27,E0,15:00,Man United,Burnley,D,D,J Brooks,2023/2024,60.0,60.0,63.16,68.42,27,16,5.9,11,7,6,5,10,7,1.55,5.3,0
2024-05-11,E0,15:00,Tottenham,Burnley,H,D,J Gillett,2023/2024,100.0,60.0,63.16,84.21,21,7,9.0,14,10,9,3,9,3,1.37,6.71,1
2025-08-16,E0,15:00,Tottenham,Burnley,H,H,M Oliver,2025/2026,100.0,100.0,100.0,50.0,16,14,6.5,8,14,6,5,6,4,1.58,4.1,1
2025-08-30,E0,15:00,Man United,Burnley,H,H,S Barrott,2025/2026,50.0,100.0,100.0,50.0,26,6,8.0,9,9,7,1,6,3,1.4,5.3,1
2023-08-20,E0,16:30,West Ham,Chelsea,H,D,J Brooks,2023/2024,100.0,100.0,78.95,52.63,12,17,2.3,9,12,3,9,6,4,3.6,3.75,1
2023-09-17,E0,14:00,Bournemouth,Chelsea,D,D,D Coote,2023/2024,0.0,50.0,78.95,63.16,13,14,1.94,20,15,1,7,4,6,4.34,4.0,0
2023-10-02,E0,20:00,Fulham,Chelsea,A,A,T Robinson,2023/2024,33.33,33.33,78.95,63.16,10,11,2.3,12,15,8,1,3,4,3.82,3.57,0
2023-10-07,E0,15:00,Burnley,Chelsea,A,D,S Attwell,2023/2024,80.0,50.0,78.95,57.89,10,9,1.83,8,11,7,3,3,5,5.64,4.2,1
2023-11-06,E0,20:00,Tottenham,Chelsea,A,D,M Oliver,2023/2024,60.0,60.0,78.95,84.21,8,17,3.21,21,12,1,6,5,8,2.4,3.75,1
2023-11-25,E0,15:00,Newcastle,Chelsea,H,D,S Hooper,2023/2024,40.0,60.0,78.95,68.42,14,7,2.76,19,13,4,2,5,4,2.78,3.74,1
2023-12-06,E0,20:15,Man United,Chelsea,H,D,C Kavanagh,2023/2024,60.0,80.0,78.95,68.42,28,13,2.7,12,12,12,4,9,3,2.96,3.75,1
2023-12-10,E0,14:00,Everton,Chelsea,H,D,M Oliver,2023/2024,60.0,80.0,78.95,36.84,9,16,2.96,12,12,4,8,5,4,2.75,3.7,0
2023-12-24,E0,13:00,Wolves,Chelsea,H,D,D Coote,2023/2024,60.0,80.0,78.95,63.16,14,16,2.26,9,11,10,6,6,5,3.7,3.8,1
2023-12-30,E0,12:30,Luton,Chelsea,A,A,P Tierney,2023/2024,80.0,80.0,78.95,68.42,15,12,1.63,21,14,7,2,6,8,5.9,4.7,1
2024-01-31,E0,20:15,Liverpool,Chelsea,H,H,P Tierney,2023/2024,60.0,80.0,78.95,68.42,28,4,5.25,16,15,8,1,13,3,1.73,4.6,1
2024-02-12,E0,20:00,Crystal Palace,Chelsea,A,H,M Oliver,2023/2024,80.0,80.0,78.95,63.16,13,14,1.75,7,14,1,7,4,5,5.26,4.11,1
2024-02-17,E0,17:30,Man City,Chelsea,D,A,A Madley,2023/2024,40.0,80.0,78.95,57.89,31,9,9.5,12,7,12,1,5,6,1.36,6.6,0
2024-03-02,E0,15:00,Brentford,Chelsea,D,A,J Gillett,2023/2024,100.0,80.0,78.95,68.42,14,17,2.23,9,10,0,6,5,6,3.43,3.8,1
2024-04-07,E0,17:30,Sheffield United,Chelsea,D,D,R Jones,2023/2024,100.0,80.0,78.95,84.21,11,6,1.47,10,12,7,6,6,3,7.5,5.5,1
2024-04-23,E0,20:00,Arsenal,Chelsea,H,H,S Hooper,2023/2024,60.0,80.0,78.95,73.68,27,7,8.5,11,12,4,2,10,1,1.45,5.5,1
2024-04-27,E0,20:00,Aston Villa,Chelsea,D,H,C Pawson,2023/2024,80.0,80.0,78.95,78.95,9,21,3.43,14,13,2,4,4,5,2.14,4.2,1
2024-05-11,E0,17:30,Nott'm Forest,Chelsea,A,D,T Harrington,2023/2024,60.0,100.0,78.95,52.63,20,12,2.06,8,14,5,6,4,5,4.5,4.2,1
2024-05-15,E0,19:45,Brighton,Chelsea,A,A,M Salisbury,2023/2024,60.0,100.0,78.95,57.89,12,13,2.1,14,13,4,6,2,6,3.44,4.24,1
2024-08-25,E0,14:00,Wolves,Chelsea,A,D,D England,2024/2025,100.0,100.0,52.63,57.89,12,14,1.93,13,13,5,5,4,8,4.1,3.99,1
2024-09-14,E0,20:00,Bournemouth,Chelsea,A,D,A Taylor,2024/2025,0.0,50.0,52.63,31.58,19,10,2.28,9,16,6,3,7,3,3.36,4.0,0
2024-09-21,E0,12:30,West Ham,Chelsea,A,A,S Barrott,2024/2025,100.0,66.67,52.63,57.89,15,12,2.06,9,17,6,5,7,5,3.81,4.05,1
2024-10-20,E0,16:30,Liverpool,Chelsea,H,H,J Brooks,2024/2025,50.0,75.0,52.63,63.16,9,12,5.0,13,12,1,6,5,2,1.72,4.6,1
2024-11-03,E0,16:30,Man United,Chelsea,D,D,R Jones,2024/2025,60.0,60.0,52.63,52.63,11,12,2.65,14,19,4,8,4,3,2.73,3.75,0
2024-11-23,E0,12:30,Leicester,Chelsea,A,A,A Madley,2024/2025,60.0,60.0,52.63,47.37,4,16,1.5,12,15,2,9,1,7,7.56,5.05,1
2024-12-04,E0,19:30,Southampton,Chelsea,A,A,T Harrington,2024/2025,60.0,80.0,52.63,68.42,6,26,1.37,14,7,5,7,4,13,9.4,6.0,1
2024-12-08,E0,16:30,Tottenham,Chelsea,A,H,A Taylor,2024/2025,80.0,80.0,52.63,73.68,13,17,2.35,11,17,5,10,5,8,3.12,4.1,1
2024-12-22,E0,14:00,Everton,Chelsea,D,D,C Kavanagh,2024/2025,20.0,60.0,52.63,47.37,5,12,1.7,12,20,2,5,4,5,5.18,4.3,0
2024-12-30,E0,19:45,Ipswich,Chelsea,H,H,J Brooks,2024/2025,40.0,60.0,52.63,52.63,9,20,1.43,5,9,4,7,6,5,8.5,5.5,0
2025-01-04,E0,15:00,Crystal Palace,Chelsea,D,A,T Robinson,2024/2025,60.0,40.0,52.63,47.37,13,15,2.05,12,9,6,6,6,1,3.89,4.0,0
2025-01-25,E0,17:30,Man City,Chelsea,H,D,J Brooks,2024/2025,80.0,40.0,52.63,73.68,15,10,3.05,8,6,2,4,6,4,2.4,4.01,1
2025-02-14,E0,20:00,Brighton,Chelsea,H,H,K Kavanagh,2024/2025,40.0,40.0,52.63,68.42,13,8,2.43,15,12,2,9,5,0,3.11,3.8,1
2025-02-22,E0,17:30,Aston Villa,Chelsea,H,A,M Oliver,2024/2025,60.0,60.0,52.63,57.89,12,15,2.72,16,15,2,3,6,7,2.7,3.67,1
2025-03-16,E0,13:30,Arsenal,Chelsea,H,H,C Kavanagh,2024/2025,60.0,60.0,52.63,52.63,12,8,5.5,13,10,5,4,4,2,1.8,3.82,0
2025-04-06,E0,14:00,Brentford,Chelsea,D,D,M Oliver,2024/2025,0.0,60.0,52.63,63.16,9,21,2.46,12,12,3,6,2,5,3.0,3.7,0
2025-04-20,E0,14:00,Fulham,Chelsea,A,H,A Taylor,2024/2025,60.0,60.0,52.63,63.16,6,13,2.39,9,13,6,4,1,8,3.28,3.7,1
2025-05-11,E0,12:00,Newcastle,Chelsea,H,H,J Brooks,2024/2025,80.0,40.0,52.63,63.16,15,10,3.1,13,9,2,8,6,3,2.29,3.85,0
2025-05-25,E0,16:00,Nott'm Forest,Chelsea,A,D,A Taylor,2024/2025,20.0,20.0,52.63,31.58,10,6,2.11,11,10,7,4,2,2,3.55,3.9,0
2025-08-22,E0,20:00,West Ham,Chelsea,A,A,M Oliver,2025/2026,100.0,100.0,100.0,100.0,12,12,1.8,10,7,7,5,4,7,5.0,3.95,1
2023-08-12,E0,15:00,Sheffield United,Crystal Palace,A,D,J Brooks,2023/2024,0.0,0.0,47.37,84.21,8,24,2.23,11,18,5,5,1,8,4.0,3.28,0
2023-08-26,E0,15:00,Brentford,Crystal Palace,D,H,P Bankes,2023/2024,50.0,0.0,47.37,68.42,12,15,3.86,15,9,8,6,1,5,2.2,3.45,0
2023-09-16,E0,15:00,Aston Villa,Crystal Palace,H,D,D England,2023/2024,100.0,33.33,47.37,78.95,16,6,4.34,9,13,4,2,5,3,2.0,3.8,1
2023-09-30,E0,15:00,Man United,Crystal Palace,A,A,C Kavanagh,2023/2024,50.0,25.0,47.37,68.42,19,8,6.5,8,10,10,4,4,2,1.65,4.46,0
2023-10-21,E0,15:00,Newcastle,Crystal Palace,H,H,T Robinson,2023/2024,60.0,40.0,47.37,68.42,10,17,8.5,12,7,6,8,7,3,1.52,4.7,1
2023-11-04,E0,15:00,Burnley,Crystal Palace,A,A,P Bankes,2023/2024,60.0,40.0,47.37,57.89,17,4,2.46,12,9,12,1,5,3,3.53,3.31,0
2023-11-25,E0,15:00,Luton,Crystal Palace,H,D,J Gillett,2023/2024,40.0,60.0,47.37,68.42,8,16,2.08,12,15,4,5,3,8,4.2,3.49,1
2023-12-03,E0,14:00,West Ham,Crystal Palace,D,H,M Oliver,2023/2024,40.0,40.0,47.37,52.63,9,9,4.6,7,17,2,3,3,2,2.08,3.67,0
2023-12-16,E0,15:00,Man City,Crystal Palace,D,H,P Tierney,2023/2024,80.0,60.0,47.37,57.89,19,5,21.0,9,12,6,1,9,2,1.2,8.2,1
2023-12-27,E0,19:30,Chelsea,Crystal Palace,H,D,M Salisbury,2023/2024,60.0,60.0,47.37,63.16,9,13,5.2,16,13,4,3,4,5,1.83,3.85,1
2024-01-20,E0,12:30,Arsenal,Crystal Palace,H,H,P Tierney,2023/2024,60.0,80.0,47.37,73.68,21,12,13.5,12,8,6,7,6,5,1.28,6.2,1
2024-02-03,E0,15:00,Brighton,Crystal Palace,H,H,S Hooper,2023/2024,60.0,80.0,47.37,57.89,13,7,5.5,14,8,3,2,6,5,1.79,3.93,1
2024-02-19,E0,20:00,Everton,Crystal Palace,D,D,P Tierney,2023/2024,40.0,80.0,47.37,36.84,19,10,5.25,12,8,3,6,4,4,1.85,3.6,0
2024-03-02,E0,15:00,Tottenham,Crystal Palace,H,D,J Brooks,2023/2024,100.0,80.0,47.37,84.21,14,4,6.5,16,7,11,1,6,1,1.57,4.75,1
2024-03-30,E0,15:00,Nott'm Forest,Crystal Palace,D,A,C Kavanagh,2023/2024,40.0,60.0,47.37,52.63,12,10,3.45,12,14,4,6,5,3,2.35,3.45,0
2024-04-02,E0,19:45,Bournemouth,Crystal Palace,H,D,G Scott,2023/2024,60.0,40.0,47.37,63.16,11,3,4.25,14,13,9,2,6,2,1.95,3.93,0
2024-04-14,E0,14:00,Liverpool,Crystal Palace,A,A,C Kavanagh,2023/2024,60.0,20.0,47.37,68.42,21,8,15.0,10,10,11,1,6,5,1.22,8.5,0
2024-04-27,E0,15:00,Fulham,Crystal Palace,D,D,S Attwell,2023/2024,60.0,20.0,47.37,63.16,9,14,3.79,15,11,5,9,2,4,2.16,3.75,0
2024-05-11,E0,15:00,Wolves,Crystal Palace,A,A,T Bramall,2023/2024,60.0,20.0,47.37,63.16,13,13,2.46,12,13,8,3,7,3,3.37,3.63,1
2024-08-18,E0,14:00,Brentford,Crystal Palace,H,H,S Barrott,2024/2025,100.0,100.0,42.11,63.16,9,14,2.72,15,6,4,7,5,6,3.0,3.4,1
2024-09-01,E0,13:30,Chelsea,Crystal Palace,D,H,J Gillett,2024/2025,0.0,50.0,42.11,57.89,13,9,5.1,13,9,4,5,7,3,1.69,4.51,0
2024-09-28,E0,15:00,Everton,Crystal Palace,H,A,A Madley,2024/2025,100.0,66.67,42.11,47.37,8,17,2.71,11,13,5,8,2,5,2.81,3.5,1
2024-10-21,E0,20:00,Nott'm Forest,Crystal Palace,H,D,T Robinson,2024/2025,0.0,50.0,42.11,31.58,20,20,3.32,12,9,6,6,6,7,2.42,3.39,0
2024-11-02,E0,17:30,Wolves,Crystal Palace,D,D,A Taylor,2024/2025,100.0,60.0,42.11,57.89,11,19,3.16,9,7,3,6,6,7,2.54,3.48,1
2024-11-23,E0,15:00,Aston Villa,Crystal Palace,D,A,T Robinson,2024/2025,60.0,60.0,42.11,57.89,17,13,5.5,11,10,10,1,5,6,1.78,3.95,1
2024-12-03,E0,19:30,Ipswich,Crystal Palace,A,D,C Pawson,2024/2025,20.0,60.0,42.11,52.63,9,13,2.35,13,14,4,7,2,3,3.46,3.5,0
2024-12-15,E0,14:00,Brighton,Crystal Palace,A,A,M Oliver,2024/2025,80.0,60.0,42.11,68.42,17,13,4.27,15,11,8,5,5,5,1.95,3.9,1
2024-12-26,E0,15:00,Bournemouth,Crystal Palace,D,D,T Bramall,2024/2025,40.0,60.0,42.11,31.58,18,10,3.79,12,13,5,2,4,4,2.18,3.85,0
2025-01-15,E0,19:30,Leicester,Crystal Palace,A,D,A Madley,2024/2025,60.0,40.0,42.11,47.37,21,9,2.0,6,7,4,3,4,4,4.1,3.79,0
2025-01-18,E0,15:00,West Ham,Crystal Palace,A,D,T Bramall,2024/2025,60.0,20.0,42.11,57.89,7,12,2.72,10,13,2,4,0,7,2.86,3.39,0
2025-02-02,E0,14:00,Man United,Crystal Palace,A,D,J Brooks,2024/2025,60.0,20.0,42.11,52.63,17,11,5.09,13,12,11,0,2,3,1.91,3.8,0
2025-02-22,E0,15:00,Fulham,Crystal Palace,A,A,R Jones,2024/2025,60.0,0.0,42.11,63.16,10,10,3.9,7,10,7,7,0,5,2.12,3.57,0
2025-04-02,E0,19:45,Southampton,Crystal Palace,D,H,A Madley,2024/2025,80.0,0.0,42.11,68.42,8,9,1.65,9,14,2,2,2,3,6.0,4.2,0
2025-04-12,E0,12:30,Man City,Crystal Palace,H,D,J Gillett,2024/2025,60.0,20.0,42.11,73.68,21,8,5.5,16,10,1,4,9,3,1.66,4.4,1
2025-04-16,E0,19:30,Newcastle,Crystal Palace,H,H,D England,2024/2025,100.0,40.0,42.11,63.16,14,11,5.37,15,9,5,4,7,4,1.7,4.15,1
2025-04-23,E0,20:00,Arsenal,Crystal Palace,D,H,M Salisbury,2024/2025,40.0,60.0,42.11,52.63,12,15,9.5,6,4,3,6,6,4,1.43,5.0,1
2025-05-11,E0,14:15,Tottenham,Crystal Palace,A,A,C Kavanagh,2024/2025,60.0,60.0,42.11,73.68,8,23,2.34,10,12,4,8,1,10,3.15,3.75,0
2025-05-25,E0,16:00,Liverpool,Crystal Palace,D,A,D England,2024/2025,60.0,60.0,42.11,63.16,14,8,7.91,10,7,11,0,3,5,1.4,6.5,0
2025-08-17,E0,14:00,Chelsea,Crystal Palace,D,D,D England,2025/2026,0.0,0.0,50.0,0.0,19,12,4.5,12,10,11,2,3,4,1.88,3.85,0
2025-08-31,E0,19:00,Aston Villa,Crystal Palace,A,A,S Attwell,2025/2026,50.0,50.0,50.0,50.0,13,6,3.6,14,7,10,1,4,4,2.15,3.65,1
2023-08-20,E0,14:00,Aston Villa,Everton,H,H,A Taylor,2023/2024,100.0,100.0,47.37,78.95,13,9,4.68,12,8,7,6,7,2,1.91,3.92,1
2023-09-02,E0,12:30,Sheffield United,Everton,D,H,A Madley,2023/2024,66.67,100.0,47.37,84.21,13,16,2.42,13,11,4,6,8,6,3.36,3.5,1
2023-09-23,E0,17:30,Brentford,Everton,A,D,M Oliver,2023/2024,75.0,100.0,47.37,68.42,12,18,4.4,12,9,1,4,2,6,1.98,3.83,1
2023-10-21,E0,12:30,Liverpool,Everton,H,D,C Pawson,2023/2024,75.0,75.0,47.37,68.42,26,6,8.0,9,9,12,4,6,1,1.42,5.9,0
2023-10-29,E0,13:00,West Ham,Everton,A,D,S Attwell,2023/2024,60.0,60.0,47.37,52.63,12,10,3.8,11,7,4,3,2,4,2.15,3.83,0
2023-11-11,E0,15:00,Crystal Palace,Everton,A,D,S Barrott,2023/2024,60.0,60.0,47.37,63.16,13,8,3.1,18,9,9,2,4,4,2.8,3.31,1
2023-12-02,E0,17:30,Nott'm Forest,Everton,A,D,P Tierney,2023/2024,40.0,40.0,47.37,52.63,13,12,2.85,14,15,4,3,2,3,3.04,3.28,0
2023-12-16,E0,17:30,Burnley,Everton,A,A,A Taylor,2023/2024,60.0,20.0,47.37,57.89,14,9,2.28,8,9,8,6,2,6,3.63,3.57,0
2023-12-23,E0,15:00,Tottenham,Everton,H,H,S Attwell,2023/2024,100.0,40.0,47.37,84.21,13,18,4.98,18,6,3,8,6,8,1.87,4.45,1
2023-12-30,E0,15:00,Wolves,Everton,H,H,T Bramall,2023/2024,60.0,60.0,47.37,63.16,12,10,2.74,14,9,5,2,6,0,3.0,3.35,1
2024-01-30,E0,19:45,Fulham,Everton,D,D,T Bramall,2023/2024,60.0,40.0,47.37,63.16,25,21,3.77,13,6,15,6,6,4,2.4,3.35,0
2024-02-10,E0,12:30,Man City,Everton,H,D,J Brooks,2023/2024,60.0,40.0,47.37,57.89,19,5,14.1,11,6,9,0,3,1,1.28,7.85,0
2024-02-24,E0,15:00,Brighton,Everton,D,D,T Harrington,2023/2024,40.0,40.0,47.37,57.89,23,6,4.23,14,9,11,3,7,3,1.95,4.05,0
2024-03-09,E0,12:30,Man United,Everton,H,H,S Hooper,2023/2024,80.0,20.0,47.37,68.42,15,23,4.32,11,13,5,8,8,6,1.95,3.95,0
2024-03-30,E0,15:00,Bournemouth,Everton,H,D,S Barrott,2023/2024,60.0,20.0,47.37,63.16,11,7,3.31,11,14,9,8,4,3,2.24,3.8,1
2024-04-02,E0,19:30,Newcastle,Everton,D,H,T Harrington,2023/2024,80.0,20.0,47.37,68.42,18,10,3.89,14,9,7,3,6,3,2.07,3.85,0
2024-04-15,E0,20:00,Chelsea,Everton,H,H,P Tierney,2023/2024,100.0,40.0,47.37,63.16,14,10,5.1,21,5,4,8,10,2,1.73,4.33,1
2024-05-03,E0,20:00,Luton,Everton,D,D,T Robinson,2023/2024,60.0,40.0,47.37,68.42,18,10,2.55,12,14,8,7,5,3,2.86,3.83,0
2024-05-19,E0,16:00,Arsenal,Everton,H,D,M Oliver,2023/2024,60.0,60.0,47.37,73.68,26,5,15.0,11,8,8,1,5,2,1.24,8.0,1
2024-08-24,E0,15:00,Tottenham,Everton,H,H,A Taylor,2024/2025,100.0,100.0,26.32,73.68,13,10,8.5,15,11,12,5,7,1,1.41,5.73,1
2024-09-14,E0,17:30,Aston Villa,Everton,H,A,C Pawson,2024/2025,50.0,100.0,26.32,57.89,17,6,5.64,12,10,6,2,8,2,1.72,4.2,1
2024-09-21,E0,15:00,Leicester,Everton,D,A,D England,2024/2025,33.33,66.67,26.32,47.37,12,16,3.76,12,11,6,1,2,5,2.15,3.6,0
2024-10-19,E0,15:00,Ipswich,Everton,A,A,M Oliver,2024/2025,25.0,50.0,26.32,52.63,13,11,3.2,10,12,5,8,2,8,2.44,3.6,0
2024-11-02,E0,15:00,Southampton,Everton,H,D,A Madley,2024/2025,40.0,40.0,26.32,68.42,9,16,2.85,18,14,3,6,2,5,2.82,3.53,0
2024-11-09,E0,15:00,West Ham,Everton,D,D,S Attwell,2024/2025,80.0,20.0,26.32,57.89,11,18,3.71,9,10,7,6,6,4,2.2,3.58,0
2024-12-01,E0,13:30,Man United,Everton,H,H,J Brooks,2024/2025,80.0,20.0,26.32,52.63,11,8,6.01,12,12,2,2,5,2,1.67,4.25,1
2024-12-14,E0,15:00,Arsenal,Everton,D,D,C Pawson,2024/2025,60.0,20.0,26.32,52.63,13,2,15.0,9,6,8,2,5,0,1.26,6.8,0
2024-12-26,E0,12:30,Man City,Everton,D,D,S Hooper,2024/2025,60.0,20.0,26.32,73.68,24,8,9.5,10,5,8,5,5,3,1.37,5.6,0
2025-01-04,E0,15:00,Bournemouth,Everton,H,D,J Brooks,2024/2025,20.0,20.0,26.32,31.58,19,9,5.25,14,15,9,3,8,0,1.72,4.0,0
2025-01-25,E0,15:00,Brighton,Everton,A,A,T Robinson,2024/2025,20.0,20.0,26.32,68.42,16,3,5.8,11,8,9,1,1,1,1.75,3.96,0
2025-02-15,E0,17:30,Crystal Palace,Everton,A,A,A Taylor,2024/2025,80.0,20.0,26.32,47.37,17,11,4.7,12,9,6,2,6,6,2.09,3.33,1
2025-02-26,E0,19:30,Brentford,Everton,D,H,S Hooper,2024/2025,40.0,20.0,26.32,63.16,12,14,3.8,6,3,2,5,3,4,2.15,3.7,0
2025-03-08,E0,20:00,Wolves,Everton,D,D,S Attwell,2024/2025,40.0,20.0,26.32,57.89,11,12,2.9,16,11,5,5,3,4,2.91,3.05,0
2025-04-02,E0,20:00,Liverpool,Everton,H,D,S Barrott,2024/2025,60.0,20.0,26.32,63.16,17,5,7.5,11,7,11,5,3,0,1.52,4.55,0
2025-04-12,E0,15:00,Nott'm Forest,Everton,A,D,C Pawson,2024/2025,20.0,20.0,26.32,31.58,10,13,4.48,13,9,1,7,5,5,2.02,3.45,0
2025-04-26,E0,12:30,Chelsea,Everton,H,H,C Kavanagh,2024/2025,40.0,0.0,26.32,57.89,10,6,7.7,11,11,10,2,7,3,1.47,4.95,0
2025-05-10,E0,15:00,Fulham,Everton,A,D,M Salisbury,2024/2025,60.0,20.0,26.32,63.16,18,11,5.09,9,15,5,5,6,7,1.79,3.8,1
2025-05-25,E0,16:00,Newcastle,Everton,A,D,T Harrington,2024/2025,60.0,20.0,26.32,63.16,17,14,12.5,9,12,12,3,6,6,1.3,6.6,0
2025-08-18,E0,20:00,Leeds,Everton,H,D,C Kavanagh,2025/2026,0.0,0.0,50.0,0.0,21,7,3.3,8,6,7,2,3,1,2.4,3.3,0
2025-08-30,E0,15:00,Wolves,Everton,A,A,M Oliver,2025/2026,100.0,50.0,50.0,100.0,12,10,2.38,10,15,2,2,4,4,3.4,3.2,1
2023-08-12,E0,15:00,Everton,Fulham,A,D,S Attwell,2023/2024,0.0,0.0,63.16,36.84,19,9,3.56,6,12,10,4,9,2,2.42,3.42,0
2023-08-26,E0,15:00,Arsenal,Fulham,D,A,P Tierney,2023/2024,100.0,50.0,63.16,73.68,19,8,13.5,5,6,8,3,11,3,1.31,6.5,1
2023-09-02,E0,15:00,Man City,Fulham,H,H,M Oliver,2023/2024,50.0,66.67,63.16,57.89,7,6,19.0,12,12,4,5,5,4,1.22,8.4,1
2023-09-23,E0,15:00,Crystal Palace,Fulham,D,D,P Tierney,2023/2024,33.33,50.0,63.16,63.16,7,10,4.2,15,10,3,2,3,5,2.13,3.47,0
2023-10-23,E0,20:00,Tottenham,Fulham,H,H,A Taylor,2023/2024,50.0,40.0,63.16,84.21,15,10,6.65,14,10,3,5,5,3,1.54,4.98,0
2023-10-29,E0,14:00,Brighton,Fulham,D,H,M Salisbury,2023/2024,80.0,40.0,63.16,57.89,18,10,5.5,8,12,7,3,7,5,1.68,4.56,0
2023-11-12,E0,14:00,Aston Villa,Fulham,H,H,S Hooper,2023/2024,100.0,40.0,63.16,78.95,12,9,6.0,17,4,2,2,6,5,1.7,4.4,1
2023-12-03,E0,14:00,Liverpool,Fulham,H,D,S Attwell,2023/2024,80.0,40.0,63.16,68.42,26,9,14.0,7,6,3,4,12,5,1.27,7.5,1
2023-12-16,E0,15:00,Newcastle,Fulham,H,D,S Barrott,2023/2024,60.0,60.0,63.16,68.42,27,6,4.44,12,7,5,1,10,4,1.95,3.96,1
2023-12-26,E0,15:00,Bournemouth,Fulham,H,H,T Robinson,2023/2024,80.0,80.0,63.16,63.16,16,8,3.97,10,10,6,5,4,3,2.05,3.95,1
2024-01-13,E0,12:30,Chelsea,Fulham,H,H,A Taylor,2023/2024,60.0,80.0,63.16,63.16,17,14,5.5,9,13,6,4,3,4,1.67,4.3,0
2024-02-03,E0,15:00,Burnley,Fulham,D,A,D Bond,2023/2024,40.0,80.0,63.16,57.89,12,15,2.6,7,11,2,13,4,7,3.1,3.41,1
2024-02-24,E0,15:00,Man United,Fulham,A,D,M Oliver,2023/2024,100.0,80.0,63.16,68.42,21,17,5.24,11,6,10,9,9,5,1.73,4.4,1
2024-03-09,E0,15:00,Wolves,Fulham,H,D,T Harrington,2023/2024,60.0,80.0,63.16,63.16,8,23,3.05,11,7,3,4,3,6,2.61,3.55,1
2024-03-30,E0,15:00,Sheffield United,Fulham,D,D,T Robinson,2023/2024,100.0,80.0,63.16,84.21,8,24,1.75,13,10,2,15,4,9,5.05,4.2,1
2024-04-02,E0,19:30,Nott'm Forest,Fulham,H,H,M Oliver,2023/2024,40.0,100.0,63.16,52.63,16,18,2.7,8,7,3,8,4,3,2.85,3.53,1
2024-04-14,E0,14:00,West Ham,Fulham,A,A,S Attwell,2023/2024,40.0,80.0,63.16,52.63,15,18,2.96,13,6,8,3,4,10,2.52,3.7,0
2024-05-04,E0,15:00,Brentford,Fulham,D,D,G Scott,2023/2024,20.0,60.0,63.16,68.42,7,15,3.52,6,3,7,6,3,3,2.13,3.97,0
2024-05-19,E0,16:00,Luton,Fulham,A,A,M Donohue,2023/2024,60.0,60.0,63.16,68.42,15,15,2.24,20,15,4,4,6,7,3.17,4.0,1
2024-08-16,E0,20:00,Man United,Fulham,H,D,R Jones,2024/2025,0.0,0.0,52.63,52.63,14,10,5.5,10,12,7,8,5,2,1.7,4.33,0
2024-08-31,E0,15:00,Ipswich,Fulham,D,D,L Smith,2024/2025,0.0,0.0,52.63,52.63,11,9,2.45,15,15,8,6,4,4,3.2,3.5,0
2024-09-28,E0,15:00,Nott'm Forest,Fulham,A,D,J Smith,2024/2025,0.0,0.0,52.63,31.58,11,14,3.2,15,11,6,5,1,2,2.66,3.23,0
2024-10-05,E0,15:00,Man City,Fulham,H,D,P Bankes,2024/2025,100.0,25.0,52.63,73.68,20,11,12.0,10,4,8,3,7,4,1.29,6.8,1
2024-10-26,E0,17:30,Everton,Fulham,D,D,J Brooks,2024/2025,60.0,20.0,52.63,47.37,10,14,2.73,8,8,4,2,5,3,2.89,3.5,0
2024-11-09,E0,15:00,Crystal Palace,Fulham,A,A,M Salisbury,2024/2025,20.0,20.0,52.63,47.37,13,17,2.34,11,10,1,8,5,7,3.52,3.58,0
2024-12-01,E0,13:30,Tottenham,Fulham,D,D,D Bond,2024/2025,80.0,20.0,52.63,73.68,8,14,3.73,14,4,7,11,3,6,2.02,4.41,0
2024-12-14,E0,15:00,Liverpool,Fulham,D,A,T Harrington,2024/2025,60.0,40.0,52.63,63.16,16,12,11.5,7,10,5,4,4,3,1.31,6.4,1
2024-12-26,E0,15:00,Chelsea,Fulham,A,H,S Barrott,2024/2025,80.0,40.0,52.63,57.89,12,14,6.86,13,13,3,1,8,7,1.5,5.37,1
2025-01-14,E0,19:30,West Ham,Fulham,H,H,C Pawson,2024/2025,80.0,60.0,52.63,57.89,4,21,2.57,18,9,0,3,3,5,3.22,3.43,1
2025-01-18,E0,15:00,Leicester,Fulham,A,D,M Salisbury,2024/2025,40.0,60.0,52.63,47.37,8,17,1.86,8,8,5,2,4,2,4.7,3.85,0
2025-02-01,E0,15:00,Newcastle,Fulham,A,H,C Kavanagh,2024/2025,100.0,80.0,52.63,63.16,11,15,5.12,15,10,4,7,4,4,1.78,4.0,1
2025-02-25,E0,19:30,Wolves,Fulham,A,D,P Bankes,2024/2025,40.0,80.0,52.63,57.89,18,11,3.21,15,8,7,5,5,5,2.53,3.44,1
2025-03-08,E0,15:00,Brighton,Fulham,H,D,S Barrott,2024/2025,60.0,80.0,52.63,68.42,9,6,4.01,12,6,3,7,4,1,2.06,3.65,1
2025-04-01,E0,19:45,Arsenal,Fulham,H,H,J Brooks,2024/2025,60.0,80.0,52.63,52.63,17,9,8.0,10,2,5,4,4,3,1.53,4.3,1
2025-04-14,E0,20:00,Bournemouth,Fulham,H,H,O Oliver,2024/2025,40.0,80.0,52.63,31.58,12,12,3.43,10,11,6,9,3,7,2.36,3.5,0
2025-04-26,E0,15:00,Southampton,Fulham,A,H,T Harrington,2024/2025,80.0,80.0,52.63,68.42,7,26,1.7,12,10,0,13,3,5,5.53,4.2,1
2025-05-03,E0,12:30,Aston Villa,Fulham,H,H,R Jones,2024/2025,80.0,60.0,52.63,57.89,10,11,4.4,17,6,5,3,3,3,1.9,3.85,0
2025-05-18,E0,15:00,Brentford,Fulham,A,H,J Gillett,2024/2025,60.0,60.0,52.63,63.16,11,16,3.7,8,12,5,3,6,7,2.1,3.9,1
2025-08-16,E0,15:00,Brighton,Fulham,D,D,S Barrott,2025/2026,0.0,0.0,0.0,50.0,10,7,4.4,15,16,4,3,4,2,1.87,3.75,0
2025-08-30,E0,12:30,Chelsea,Fulham,H,H,R Jones,2025/2026,0.0,0.0,0.0,0.0,13,11,5.5,17,11,6,4,6,3,1.73,4.1,0
2024-08-24,E0,15:00,Man City,Ipswich,H,H,M Salisbury,2024/2025,100.0,100.0,63.16,73.68,14,1,32.0,15,4,10,1,5,1,1.12,15.0,1
2024-09-14,E0,15:00,Brighton,Ipswich,D,D,S Barrott,2024/2025,50.0,50.0,63.16,68.42,21,6,7.0,16,14,9,2,6,1,1.54,4.9,0
2024-09-21,E0,15:00,Southampton,Ipswich,D,H,S Allison,2024/2025,33.33,33.33,63.16,68.42,11,13,3.06,16,16,2,10,3,6,2.49,3.53,0
2024-10-05,E0,15:00,West Ham,Ipswich,H,H,A Taylor,2024/2025,100.0,50.0,63.16,57.89,23,9,4.18,6,12,5,5,13,2,2.0,3.91,1
2024-10-26,E0,15:00,Brentford,Ipswich,H,D,L Smith,2024/2025,80.0,60.0,63.16,63.16,20,11,5.5,10,7,5,5,9,5,1.71,4.33,1
2024-11-10,E0,14:00,Tottenham,Ipswich,A,A,D England,2024/2025,80.0,60.0,63.16,73.68,17,8,12.0,19,10,12,2,5,3,1.28,7.3,1
2024-11-30,E0,15:00,Nott'm Forest,Ipswich,H,D,T Harrington,2024/2025,40.0,60.0,63.16,31.58,12,7,5.01,16,5,8,7,5,3,1.83,4.07,0
2024-12-14,E0,15:00,Wolves,Ipswich,A,A,S Hooper,2024/2025,80.0,80.0,63.16,57.89,16,10,3.93,9,13,7,3,6,5,2.08,3.77,1
2024-12-27,E0,20:15,Arsenal,Ipswich,H,H,D England,2024/2025,40.0,60.0,63.16,52.63,13,3,23.5,12,7,5,1,5,0,1.16,9.3,0
2025-01-05,E0,14:00,Fulham,Ipswich,D,A,D Bond,2024/2025,60.0,60.0,63.16,63.16,15,7,6.4,14,10,9,2,4,3,1.61,4.31,1
2025-01-25,E0,15:00,Liverpool,Ipswich,H,H,M Salisbury,2024/2025,80.0,60.0,63.16,63.16,16,3,25.0,11,10,3,4,6,3,1.13,12.5,1
2025-02-15,E0,15:00,Aston Villa,Ipswich,D,D,R Jones,2024/2025,60.0,60.0,63.16,57.89,25,4,8.0,11,7,16,1,6,3,1.46,5.1,0
2025-02-26,E0,19:30,Man United,Ipswich,H,D,D England,2024/2025,60.0,60.0,63.16,52.63,10,12,6.86,16,9,5,6,6,3,1.56,4.75,1
2025-03-08,E0,15:00,Crystal Palace,Ipswich,H,D,S Hooper,2024/2025,60.0,60.0,63.16,47.37,19,15,6.63,7,8,5,4,4,8,1.6,4.4,0
2025-04-02,E0,19:45,Bournemouth,Ipswich,A,A,R Jones,2024/2025,60.0,60.0,63.16,31.58,24,10,8.5,15,14,8,3,7,2,1.43,5.4,1
2025-04-13,E0,14:00,Chelsea,Ipswich,D,A,S Attwell,2024/2025,60.0,60.0,63.16,57.89,34,13,16.0,7,11,15,4,9,4,1.22,7.69,1
2025-04-26,E0,15:00,Newcastle,Ipswich,H,H,M Salisbury,2024/2025,100.0,80.0,63.16,63.16,25,4,18.0,9,9,11,2,5,0,1.2,9.4,1
2025-05-03,E0,15:00,Everton,Ipswich,D,H,L Smith,2024/2025,40.0,80.0,63.16,47.37,8,12,6.13,15,12,3,3,3,5,1.59,4.45,1
2025-05-18,E0,15:00,Leicester,Ipswich,H,H,A Kitchen,2024/2025,40.0,80.0,63.16,47.37,9,20,3.11,12,15,2,2,3,2,2.34,3.8,0
2025-08-23,E0,17:30,Arsenal,Leeds,H,H,J Gillett,2025/2026,100.0,100.0,100.0,100.0,18,3,10.0,11,8,2,2,5,1,1.35,5.65,1
2024-08-24,E0,15:00,Fulham,Leicester,H,D,D Bond,2024/2025,100.0,100.0,73.68,63.16,18,10,4.7,13,14,7,5,6,4,1.91,3.9,1
2024-09-14,E0,15:00,Crystal Palace,Leicester,D,A,T Harrington,2024/2025,50.0,100.0,73.68,47.37,20,9,5.5,15,11,5,2,4,4,1.7,4.1,1
2024-09-28,E0,15:00,Arsenal,Leicester,H,H,S Barrott,2024/2025,33.33,100.0,73.68,52.63,36,5,17.5,6,11,17,0,16,3,1.22,7.8,1
2024-10-19,E0,15:00,Southampton,Leicester,A,H,A Taylor,2024/2025,50.0,100.0,73.68,68.42,14,18,3.45,10,10,10,6,7,4,2.25,3.67,1
2024-11-02,E0,15:00,Ipswich,Leicester,D,D,T Robinson,2024/2025,20.0,80.0,73.68,52.63,14,20,3.23,10,11,4,6,2,6,2.42,3.77,0
2024-11-10,E0,14:00,Man United,Leicester,H,H,P Bankes,2024/2025,80.0,80.0,73.68,52.63,13,6,9.86,5,9,1,5,3,5,1.36,5.85,1
2024-11-30,E0,15:00,Brentford,Leicester,H,H,M Oliver,2024/2025,80.0,80.0,73.68,63.16,13,7,5.6,10,9,5,4,6,3,1.66,4.5,1
2024-12-14,E0,15:00,Newcastle,Leicester,H,H,T Bramall,2024/2025,40.0,80.0,73.68,63.16,27,4,11.0,16,7,5,2,11,1,1.32,6.4,1
2024-12-26,E0,20:00,Liverpool,Leicester,H,D,D Bond,2024/2025,60.0,80.0,73.68,63.16,19,4,38.0,5,17,14,1,7,1,1.1,14.7,1
2025-01-04,E0,15:00,Aston Villa,Leicester,H,D,J Gillett,2024/2025,80.0,100.0,73.68,57.89,13,4,9.5,11,10,7,2,5,2,1.37,6.0,1
2025-01-26,E0,14:00,Tottenham,Leicester,A,H,R Jones,2024/2025,100.0,100.0,73.68,73.68,15,12,5.95,16,6,6,4,6,3,1.55,5.09,1
2025-02-01,E0,15:00,Everton,Leicester,H,H,D Bond,2024/2025,40.0,100.0,73.68,47.37,13,9,4.7,13,7,5,6,7,1,2.0,3.49,1
2025-02-27,E0,20:00,West Ham,Leicester,H,H,S Attwell,2024/2025,40.0,80.0,73.68,57.89,8,10,5.15,6,12,3,3,2,2,1.84,3.95,0
2025-03-09,E0,14:00,Chelsea,Leicester,H,D,T Robinson,2024/2025,80.0,60.0,73.68,57.89,20,3,14.4,13,12,12,2,7,3,1.25,7.43,0
2025-04-02,E0,19:45,Man City,Leicester,H,H,D England,2024/2025,60.0,40.0,73.68,73.68,18,2,15.0,8,11,5,0,5,0,1.23,8.0,0
2025-04-12,E0,15:00,Brighton,Leicester,D,D,D Bond,2024/2025,100.0,40.0,73.68,68.42,21,15,11.02,11,9,3,6,7,6,1.33,6.2,1
2025-04-26,E0,15:00,Wolves,Leicester,H,H,S Barrott,2024/2025,60.0,40.0,73.68,57.89,20,8,6.5,17,7,4,2,6,2,1.56,4.85,1
2025-05-11,E0,14:15,Nott'm Forest,Leicester,D,D,T Harrington,2024/2025,20.0,60.0,73.68,31.58,15,10,8.4,11,11,4,4,4,6,1.42,5.3,1
2025-05-25,E0,16:00,Bournemouth,Leicester,H,D,L Smith,2024/2025,20.0,60.0,73.68,31.58,20,3,9.1,16,19,6,1,7,0,1.38,5.75,0
2023-08-13,E0,16:30,Chelsea,Liverpool,D,D,A Taylor,2023/2024,0.0,0.0,63.16,63.16,10,13,2.4,12,5,4,4,4,1,3.45,3.94,0
2023-08-27,E0,16:30,Newcastle,Liverpool,A,H,J Brooks,2023/2024,100.0,50.0,63.16,68.42,23,9,3.2,10,16,5,9,8,4,2.4,4.1,1
2023-09-16,E0,12:30,Wolves,Liverpool,A,H,M Oliver,2023/2024,100.0,66.67,63.16,63.16,11,16,1.74,4,10,4,4,2,6,5.27,4.6,1
2023-09-30,E0,17:30,Tottenham,Liverpool,H,D,S Hooper,2023/2024,66.67,75.0,63.16,84.21,24,12,2.32,17,11,12,5,8,4,3.29,4.2,1
2023-10-08,E0,14:00,Brighton,Liverpool,D,A,A Taylor,2023/2024,100.0,80.0,63.16,57.89,14,14,2.1,20,12,8,1,3,4,3.5,4.4,1
2023-11-05,E0,16:30,Luton,Liverpool,D,D,A Madley,2023/2024,40.0,80.0,63.16,68.42,8,24,1.22,13,7,4,7,5,6,15.0,8.5,0
2023-11-25,E0,12:30,Man City,Liverpool,D,H,C Kavanagh,2023/2024,60.0,60.0,63.16,57.89,16,8,4.9,11,9,9,6,5,3,1.83,4.6,0
2023-12-06,E0,19:30,Sheffield United,Liverpool,A,A,S Hooper,2023/2024,80.0,40.0,63.16,84.21,6,15,1.29,8,12,2,12,1,8,17.0,9.1,0
2023-12-09,E0,12:30,Crystal Palace,Liverpool,A,D,A Madley,2023/2024,60.0,40.0,63.16,63.16,8,14,1.63,17,17,6,5,4,2,7.5,4.9,1
2023-12-26,E0,17:30,Burnley,Liverpool,A,A,P Tierney,2023/2024,40.0,20.0,63.16,57.89,9,19,1.44,10,7,4,4,0,10,8.84,5.65,0
2024-01-21,E0,16:30,Bournemouth,Liverpool,A,D,A Madley,2023/2024,80.0,40.0,63.16,63.16,11,14,1.78,12,9,8,5,1,7,4.81,4.65,1
2024-02-04,E0,16:30,Arsenal,Liverpool,H,D,A Taylor,2023/2024,60.0,60.0,63.16,73.68,15,10,3.3,11,11,2,4,7,1,2.3,3.78,1
2024-02-17,E0,12:30,Brentford,Liverpool,A,A,M Oliver,2023/2024,100.0,80.0,63.16,68.42,15,15,1.69,18,4,1,6,6,8,5.09,4.62,1
2024-03-02,E0,15:00,Nott'm Forest,Liverpool,A,D,P Tierney,2023/2024,60.0,60.0,63.16,52.63,8,22,1.66,12,11,3,12,2,2,5.55,4.6,0
2024-04-07,E0,15:30,Man United,Liverpool,D,A,A Taylor,2023/2024,80.0,80.0,63.16,68.42,9,28,1.67,10,9,6,11,5,7,5.2,5.05,1
2024-04-21,E0,16:30,Fulham,Liverpool,A,D,C Pawson,2023/2024,80.0,80.0,63.16,63.16,12,14,1.72,11,5,1,4,5,7,4.8,4.6,1
2024-04-24,E0,20:00,Everton,Liverpool,H,H,A Madley,2023/2024,20.0,60.0,63.16,36.84,16,23,1.43,13,6,4,13,6,7,8.5,5.46,0
2024-04-27,E0,12:30,West Ham,Liverpool,D,H,A Taylor,2023/2024,40.0,60.0,63.16,52.63,11,28,1.58,10,8,5,8,8,8,5.5,5.1,1
2024-05-13,E0,20:00,Aston Villa,Liverpool,D,A,S Hooper,2023/2024,80.0,80.0,63.16,78.95,19,14,1.83,15,11,5,4,5,7,3.95,4.85,1
2024-08-17,E0,12:30,Ipswich,Liverpool,A,D,T Robinson,2024/2025,0.0,0.0,63.16,52.63,7,18,1.39,18,9,2,10,2,5,8.57,6.25,0
2024-09-01,E0,16:00,Man United,Liverpool,A,A,A Taylor,2024/2025,50.0,50.0,63.16,52.63,8,11,2.0,7,7,5,2,3,3,3.76,4.19,1
2024-09-28,E0,17:30,Wolves,Liverpool,A,A,A Taylor,2024/2025,100.0,66.67,63.16,57.89,8,10,1.35,8,16,2,10,3,6,9.5,6.3,1
2024-10-05,E0,12:30,Crystal Palace,Liverpool,A,A,S Hooper,2024/2025,25.0,50.0,63.16,47.37,9,16,1.72,15,7,3,8,5,4,5.5,4.25,0
2024-10-27,E0,16:30,Arsenal,Liverpool,D,H,A Taylor,2024/2025,60.0,60.0,63.16,52.63,9,9,3.45,14,14,1,3,3,4,2.34,3.55,1
2024-11-24,E0,14:00,Southampton,Liverpool,A,D,S Barrott,2024/2025,60.0,80.0,63.16,68.42,7,27,1.36,9,11,3,10,5,11,10.0,6.0,1
2024-12-04,E0,19:30,Newcastle,Liverpool,D,H,A Madley,2024/2025,20.0,80.0,63.16,63.16,17,16,2.06,17,9,5,6,6,5,4.08,4.0,1
2024-12-22,E0,16:30,Tottenham,Liverpool,A,A,S Barrott,2024/2025,80.0,80.0,63.16,73.68,9,24,1.7,9,7,7,5,5,12,5.1,4.8,1
2024-12-29,E0,17:15,West Ham,Liverpool,A,A,A Taylor,2024/2025,60.0,100.0,63.16,57.89,7,22,1.41,10,7,3,6,0,13,8.15,5.8,1
2025-01-14,E0,20:00,Nott'm Forest,Liverpool,D,H,C Kavanagh,2024/2025,40.0,80.0,63.16,31.58,6,23,1.67,10,7,0,9,3,7,5.7,4.35,0
2025-01-18,E0,15:00,Brentford,Liverpool,A,D,A Madley,2024/2025,60.0,60.0,63.16,63.16,11,37,1.53,14,6,2,15,6,8,6.5,5.3,0
2025-02-01,E0,15:00,Bournemouth,Liverpool,A,A,D England,2024/2025,20.0,40.0,63.16,31.58,14,19,1.73,9,15,3,3,3,7,4.75,4.35,0
2025-02-12,E0,19:30,Everton,Liverpool,D,D,M Oliver,2024/2025,60.0,40.0,63.16,47.37,10,6,1.48,20,9,2,3,3,4,7.9,4.7,1
2025-02-19,E0,19:30,Aston Villa,Liverpool,D,H,C Pawson,2024/2025,60.0,40.0,63.16,57.89,9,17,1.95,6,8,6,8,4,3,3.97,4.1,1
2025-02-23,E0,16:30,Man City,Liverpool,A,A,A Taylor,2024/2025,60.0,40.0,63.16,73.68,16,8,2.25,10,3,7,5,5,4,3.31,3.92,0
2025-04-06,E0,14:00,Fulham,Liverpool,H,H,C Kavanagh,2024/2025,40.0,60.0,63.16,63.16,12,14,2.0,9,10,4,4,6,6,4.65,3.69,1
2025-04-20,E0,16:30,Leicester,Liverpool,A,D,S Attwell,2024/2025,60.0,60.0,63.16,47.37,5,28,1.26,7,11,1,13,0,10,13.5,7.4,0
2025-05-04,E0,16:30,Chelsea,Liverpool,H,H,S Hooper,2024/2025,40.0,60.0,63.16,57.89,17,11,2.98,11,10,3,6,7,2,2.49,3.85,1
2025-05-19,E0,20:00,Brighton,Liverpool,H,A,J Brooks,2024/2025,80.0,60.0,63.16,68.42,25,18,3.09,8,9,3,3,12,5,2.31,4.12,1
2025-08-25,E0,20:00,Newcastle,Liverpool,A,A,S Hooper,2025/2026,100.0,100.0,100.0,100.0,10,5,2.4,15,17,7,1,3,4,3.0,3.8,1
2023-08-12,E0,15:00,Brighton,Luton,H,H,D Coote,2023/2024,100.0,100.0,73.68,57.89,27,9,13.0,12,11,6,7,12,3,1.34,6.59,1
2023-08-25,E0,20:00,Chelsea,Luton,H,H,R Jones,2023/2024,50.0,100.0,73.68,63.16,19,11,14.0,12,15,6,4,8,1,1.3,6.6,1
2023-09-16,E0,15:00,Fulham,Luton,H,D,M Salisbury,2023/2024,50.0,66.67,73.68,63.16,13,7,6.5,14,6,6,2,2,2,1.71,4.0,0
2023-09-30,E0,15:00,Everton,Luton,A,A,A Taylor,2023/2024,25.0,75.0,73.68,36.84,23,9,6.27,10,8,3,6,5,2,1.68,4.0,1
2023-10-21,E0,15:00,Nott'm Forest,Luton,D,D,S Barrott,2023/2024,50.0,80.0,73.68,52.63,19,13,5.98,11,12,4,2,8,4,1.81,3.78,1
2023-10-29,E0,14:00,Aston Villa,Luton,H,H,J Brooks,2023/2024,100.0,80.0,73.68,78.95,17,7,10.0,10,11,6,4,6,1,1.38,6.4,1
2023-11-11,E0,15:00,Man United,Luton,H,D,G Scott,2023/2024,60.0,60.0,73.68,68.42,15,10,11.0,11,9,11,3,4,4,1.33,6.17,0
2023-12-02,E0,15:00,Brentford,Luton,H,D,A Taylor,2023/2024,80.0,80.0,73.68,68.42,27,7,7.0,8,10,7,5,6,1,1.57,4.6,1
2023-12-26,E0,15:00,Sheffield United,Luton,A,A,S Allison,2023/2024,60.0,80.0,73.68,84.21,21,12,3.3,13,13,9,4,6,4,2.57,3.35,1
2024-01-12,E0,19:45,Burnley,Luton,D,H,T Harrington,2023/2024,40.0,60.0,73.68,57.89,13,14,3.95,12,7,2,8,7,5,2.2,3.55,0
2024-02-03,E0,15:00,Newcastle,Luton,D,D,T Bramall,2023/2024,80.0,60.0,73.68,68.42,19,11,6.92,16,13,8,2,6,8,1.57,5.0,1
2024-02-21,E0,19:30,Liverpool,Luton,H,A,A Madley,2023/2024,80.0,80.0,73.68,68.42,29,12,12.0,14,15,13,4,13,3,1.31,7.5,1
2024-03-09,E0,15:00,Crystal Palace,Luton,D,H,S Singh,2023/2024,80.0,60.0,73.68,63.16,21,8,4.5,11,20,8,6,4,2,1.95,3.85,0
2024-03-13,E0,19:30,Bournemouth,Luton,H,A,S Allison,2023/2024,60.0,60.0,73.68,63.16,24,8,6.0,11,16,11,3,10,4,1.57,5.0,1
2024-03-30,E0,15:00,Tottenham,Luton,H,A,J Gillett,2023/2024,100.0,80.0,73.68,84.21,17,7,13.0,14,16,3,6,4,3,1.24,8.4,1
2024-04-03,E0,19:30,Arsenal,Luton,H,H,C Pawson,2023/2024,80.0,60.0,73.68,73.68,13,5,23.0,8,12,3,1,4,1,1.15,11.0,0
2024-04-13,E0,15:00,Man City,Luton,H,H,J Brooks,2023/2024,60.0,60.0,73.68,57.89,33,4,31.0,6,7,12,1,13,2,1.1,15.4,1
2024-04-27,E0,15:00,Wolves,Luton,H,H,D Coote,2023/2024,60.0,80.0,73.68,63.16,13,9,4.1,14,14,4,4,5,6,2.0,4.0,1
2024-05-11,E0,15:00,West Ham,Luton,H,A,M Oliver,2023/2024,40.0,80.0,73.68,52.63,24,4,4.02,15,9,7,6,8,1,1.9,4.5,1
2023-08-11,E0,20:00,Burnley,Man City,A,A,C Pawson,2023/2024,100.0,100.0,68.42,57.89,6,17,1.36,8,11,6,5,1,8,10.5,5.81,1
2023-08-27,E0,14:00,Sheffield United,Man City,A,D,J Gillett,2023/2024,50.0,100.0,68.42,84.21,6,30,1.23,2,11,1,12,2,9,17.0,7.6,1
2023-09-16,E0,15:00,West Ham,Man City,A,H,A Madley,2023/2024,100.0,100.0,68.42,52.63,6,29,1.66,11,7,4,11,3,15,6.13,4.4,1
2023-09-30,E0,15:00,Wolves,Man City,H,H,C Pawson,2023/2024,100.0,100.0,68.42,63.16,3,23,1.42,12,18,0,6,1,8,9.5,5.59,1
2023-10-08,E0,16:30,Arsenal,Man City,H,D,M Oliver,2023/2024,80.0,80.0,68.42,73.68,12,4,2.6,7,8,5,4,2,1,3.31,3.41,0
2023-10-29,E0,15:30,Man United,Man City,A,A,P Tierney,2023/2024,80.0,80.0,68.42,68.42,7,21,1.73,4,9,7,12,3,10,6.0,4.55,1
2023-11-12,E0,16:30,Chelsea,Man City,D,D,A Taylor,2023/2024,40.0,80.0,68.42,63.16,17,15,1.83,15,12,3,3,9,10,5.41,4.2,1
2023-12-06,E0,20:15,Aston Villa,Man City,H,D,J Brooks,2023/2024,80.0,60.0,68.42,78.95,22,2,1.73,13,13,6,0,7,2,5.74,4.5,0
2023-12-10,E0,14:00,Luton,Man City,A,H,T Robinson,2023/2024,60.0,60.0,68.42,68.42,4,18,1.22,6,16,6,3,2,6,17.5,8.0,1
2023-12-27,E0,20:15,Everton,Man City,A,H,J Brooks,2023/2024,60.0,80.0,68.42,36.84,7,23,1.68,5,13,8,4,2,9,6.26,4.2,1
2024-01-13,E0,17:30,Newcastle,Man City,A,H,C Kavanagh,2023/2024,80.0,80.0,68.42,68.42,12,27,1.72,7,7,3,13,5,11,5.25,4.35,1
2024-02-05,E0,20:00,Brentford,Man City,A,D,J Gillett,2023/2024,100.0,80.0,68.42,68.42,9,25,1.4,4,2,8,13,3,15,8.65,5.9,1
2024-02-24,E0,17:30,Bournemouth,Man City,A,A,J Gillett,2023/2024,60.0,80.0,68.42,63.16,13,15,1.5,6,14,3,8,4,6,7.56,5.2,0
2024-03-10,E0,15:45,Liverpool,Man City,D,A,M Oliver,2023/2024,80.0,60.0,68.42,68.42,19,10,2.2,10,6,7,4,6,6,3.63,4.05,0
2024-04-06,E0,12:30,Crystal Palace,Man City,A,D,P Tierney,2023/2024,80.0,60.0,68.42,63.16,7,18,1.4,3,13,2,9,4,8,11.0,5.7,1
2024-04-25,E0,20:00,Brighton,Man City,A,A,J Gillett,2023/2024,60.0,60.0,68.42,57.89,7,14,1.4,3,10,4,4,3,6,9.0,6.0,1
2024-04-28,E0,16:30,Nott'm Forest,Man City,A,A,S Hooper,2023/2024,40.0,40.0,68.42,52.63,14,11,1.31,6,8,4,5,2,5,12.9,6.3,0
2024-05-11,E0,12:30,Fulham,Man City,A,A,A Taylor,2023/2024,60.0,60.0,68.42,63.16,1,16,1.27,6,9,1,7,1,9,14.52,7.6,1
2024-05-14,E0,20:00,Tottenham,Man City,A,D,C Kavanagh,2023/2024,80.0,60.0,68.42,84.21,10,8,1.42,11,14,7,4,5,5,7.5,6.6,0
2024-08-18,E0,16:30,Chelsea,Man City,A,A,A Taylor,2024/2025,0.0,0.0,47.37,57.89,10,11,2.05,9,12,4,3,3,5,3.89,3.96,0
2024-08-31,E0,17:30,West Ham,Man City,A,A,M Oliver,2024/2025,100.0,50.0,47.37,57.89,10,23,1.46,3,10,3,11,2,8,8.11,5.4,1
2024-09-28,E0,12:30,Newcastle,Man City,D,A,J Gillett,2024/2025,33.33,33.33,47.37,63.16,11,16,1.7,10,14,5,6,4,6,5.5,4.35,0
2024-10-20,E0,14:00,Wolves,Man City,A,D,C Kavanagh,2024/2025,100.0,50.0,47.37,57.89,3,22,1.39,5,8,1,18,2,7,9.11,6.0,1
2024-11-02,E0,15:00,Bournemouth,Man City,H,H,M Oliver,2024/2025,40.0,60.0,47.37,31.58,12,18,1.62,6,11,3,10,6,4,6.3,4.65,1
2024-11-09,E0,17:30,Brighton,Man City,H,A,S Barrott,2024/2025,80.0,80.0,47.37,68.42,10,15,1.85,10,12,0,4,4,6,4.48,4.3,1
2024-12-01,E0,16:00,Liverpool,Man City,H,H,C Kavanagh,2024/2025,60.0,60.0,47.37,63.16,18,8,3.72,8,9,7,4,7,2,2.18,3.95,0
2024-12-07,E0,15:00,Crystal Palace,Man City,D,D,R Jones,2024/2025,20.0,80.0,47.37,47.37,12,12,1.78,10,4,6,8,3,4,5.01,4.2,1
2024-12-21,E0,12:30,Aston Villa,Man City,H,H,P Bankes,2024/2025,60.0,80.0,47.37,57.89,11,12,2.25,7,14,5,4,6,6,3.38,3.76,1
2024-12-29,E0,14:30,Leicester,Man City,A,A,M Oliver,2024/2025,80.0,60.0,47.37,47.37,11,14,1.31,6,11,4,4,4,5,11.0,6.8,0
2025-01-14,E0,19:30,Brentford,Man City,D,D,A Taylor,2024/2025,80.0,60.0,47.37,63.16,18,21,1.62,4,4,4,5,6,8,5.62,4.65,1
2025-01-19,E0,16:30,Ipswich,Man City,A,A,S Barrott,2024/2025,60.0,80.0,47.37,52.63,8,17,1.51,7,4,4,7,4,9,8.5,5.7,1
2025-02-02,E0,16:30,Arsenal,Man City,H,H,P Bankes,2024/2025,60.0,80.0,47.37,52.63,12,7,4.05,7,6,5,2,7,4,2.07,4.17,1
2025-02-26,E0,19:30,Tottenham,Man City,A,A,J Gillett,2024/2025,60.0,60.0,47.37,73.68,11,12,1.85,15,12,8,3,6,5,4.1,4.5,0
2025-03-08,E0,12:30,Nott'm Forest,Man City,H,D,C Kavanagh,2024/2025,40.0,60.0,47.37,31.58,9,14,2.02,7,9,3,2,4,3,4.12,3.9,0
2025-04-06,E0,16:30,Man United,Man City,D,D,J Brooks,2024/2025,40.0,40.0,47.37,52.63,13,9,2.19,9,13,5,3,2,5,3.64,3.81,0
2025-04-19,E0,15:00,Everton,Man City,A,D,S Hooper,2024/2025,40.0,20.0,47.37,47.37,8,12,1.97,6,7,2,5,3,7,4.3,3.75,0
2025-05-10,E0,15:00,Southampton,Man City,D,D,T Robinson,2024/2025,60.0,0.0,47.37,68.42,2,26,1.22,8,9,1,15,0,5,15.0,8.1,0
2025-05-25,E0,16:00,Fulham,Man City,A,A,A Madley,2024/2025,60.0,0.0,47.37,63.16,13,20,1.56,5,11,1,6,3,5,6.32,4.7,0
2025-08-16,E0,17:30,Wolves,Man City,A,A,J Gillett,2025/2026,100.0,100.0,100.0,100.0,9,15,1.53,7,13,4,6,3,4,7.0,4.65,1
2025-08-31,E0,14:00,Brighton,Man City,H,A,D England,2025/2026,50.0,100.0,100.0,50.0,12,12,2.1,14,16,3,2,7,3,3.6,3.7,1
2023-08-19,E0,17:30,Tottenham,Man United,H,D,M Oliver,2023/2024,0.0,0.0,57.89,84.21,17,22,2.33,8,9,5,6,6,6,3.38,3.96,0
2023-09-03,E0,16:30,Arsenal,Man United,H,D,A Taylor,2023/2024,100.0,50.0,57.89,73.68,17,10,4.65,7,8,12,3,5,2,1.86,4.4,1
2023-09-23,E0,20:00,Burnley,Man United,A,A,T Harrington,2023/2024,75.0,33.33,57.89,57.89,12,11,1.89,12,6,9,5,4,4,4.62,4.1,0
2023-10-21,E0,20:00,Sheffield United,Man United,A,D,M Oliver,2023/2024,80.0,50.0,57.89,84.21,12,14,1.41,10,12,5,4,6,5,8.5,5.8,1
2023-11-04,E0,12:30,Fulham,Man United,A,D,J Brooks,2023/2024,40.0,40.0,57.89,63.16,18,12,2.55,15,9,9,4,3,5,3.35,3.71,0
2023-11-26,E0,16:30,Everton,Man United,A,A,J Brooks,2023/2024,60.0,60.0,57.89,36.84,24,9,2.8,8,10,6,5,6,4,3.01,3.55,1
2023-12-02,E0,20:00,Newcastle,Man United,H,D,R Jones,2023/2024,40.0,40.0,57.89,68.42,22,8,3.95,13,6,7,3,4,1,2.08,3.92,0
2023-12-17,E0,16:30,Liverpool,Man United,D,D,M Oliver,2023/2024,60.0,40.0,57.89,68.42,34,6,9.9,8,13,12,0,8,1,1.42,6.5,0
2023-12-23,E0,12:30,West Ham,Man United,H,D,S Hooper,2023/2024,40.0,20.0,57.89,52.63,12,11,3.39,15,13,4,4,5,3,2.6,3.91,0
2023-12-30,E0,17:30,Nott'm Forest,Man United,H,D,T Robinson,2023/2024,60.0,40.0,57.89,52.63,8,10,2.25,11,9,4,5,2,5,3.64,3.77,1
2024-02-01,E0,20:15,Wolves,Man United,A,A,J Gillett,2023/2024,60.0,40.0,57.89,63.16,16,21,2.5,10,10,4,5,7,8,3.13,3.6,1
2024-02-11,E0,16:30,Aston Villa,Man United,A,A,R Jones,2023/2024,60.0,60.0,57.89,78.95,23,17,3.25,7,9,10,8,10,5,2.27,4.0,1
2024-02-18,E0,16:30,Luton,Man United,A,A,D Coote,2023/2024,80.0,80.0,57.89,68.42,22,21,1.84,21,7,8,6,4,9,4.32,4.39,1
2024-03-03,E0,15:30,Man City,Man United,H,A,A Madley,2023/2024,40.0,100.0,57.89,57.89,27,3,12.0,10,5,15,2,8,1,1.29,7.5,1
2024-03-30,E0,20:00,Brentford,Man United,D,D,S Hooper,2023/2024,80.0,80.0,57.89,68.42,31,11,2.16,14,7,14,4,5,5,3.47,4.08,0
2024-04-04,E0,20:15,Chelsea,Man United,H,D,J Gillett,2023/2024,80.0,80.0,57.89,63.16,28,19,4.1,15,7,12,3,10,5,1.86,4.43,1
2024-04-13,E0,17:30,Bournemouth,Man United,D,H,T Harrington,2023/2024,80.0,80.0,57.89,63.16,20,8,2.83,14,13,7,2,5,2,2.49,4.13,1
2024-05-06,E0,20:00,Crystal Palace,Man United,H,H,J Gillett ,2023/2024,60.0,80.0,57.89,63.16,18,7,3.6,8,12,6,3,10,2,2.15,4.17,1
2024-05-19,E0,16:00,Brighton,Man United,A,D,C Pawson,2023/2024,60.0,60.0,57.89,57.89,17,11,2.55,9,10,7,5,3,4,2.76,4.2,0
2024-08-24,E0,12:30,Brighton,Man United,H,H,C Pawson,2024/2025,100.0,100.0,47.37,68.42,14,11,2.96,13,9,4,4,5,4,2.57,3.9,1
2024-09-14,E0,12:30,Southampton,Man United,A,A,S Attwell,2024/2025,50.0,100.0,47.37,68.42,6,20,1.88,14,11,0,7,4,10,4.5,4.17,1
2024-09-21,E0,17:30,Crystal Palace,Man United,D,D,D Coote,2024/2025,33.33,66.67,47.37,47.37,9,15,2.53,12,7,4,11,4,6,3.0,3.8,0
2024-10-06,E0,14:00,Aston Villa,Man United,D,D,R Jones,2024/2025,50.0,50.0,47.37,57.89,11,10,3.24,11,12,6,3,1,4,2.25,3.99,0
2024-10-27,E0,14:00,West Ham,Man United,H,D,D Coote,2024/2025,100.0,60.0,47.37,57.89,12,18,2.21,7,6,6,5,3,5,3.45,3.82,1
2024-11-24,E0,16:30,Ipswich,Man United,D,D,A Taylor,2024/2025,20.0,40.0,47.37,52.63,11,11,1.72,10,11,4,3,6,4,5.5,4.25,0
2024-12-04,E0,20:15,Arsenal,Man United,H,D,S Barrott,2024/2025,80.0,20.0,47.37,52.63,14,5,7.5,8,12,13,0,6,2,1.51,5.13,0
2024-12-15,E0,16:30,Man City,Man United,A,H,A Taylor,2024/2025,80.0,40.0,47.37,73.68,10,10,6.13,14,5,8,2,3,3,1.66,5.0,1
2024-12-26,E0,17:30,Wolves,Man United,H,D,T Harrington,2024/2025,60.0,40.0,47.37,57.89,7,11,1.85,12,12,4,4,4,4,4.69,4.01,0
2025-01-05,E0,16:30,Liverpool,Man United,D,D,M Oliver,2024/2025,60.0,40.0,47.37,63.16,19,13,8.6,13,10,6,9,6,4,1.4,5.7,1
2025-01-26,E0,19:00,Fulham,Man United,A,D,A Taylor,2024/2025,40.0,40.0,47.37,63.16,9,4,3.1,9,7,3,0,3,1,2.49,3.56,0
2025-02-16,E0,16:30,Tottenham,Man United,H,H,P Bankes,2024/2025,80.0,40.0,47.37,73.68,22,16,3.16,9,13,10,5,7,6,2.25,4.0,0
2025-02-22,E0,12:30,Everton,Man United,D,H,A Madley,2024/2025,80.0,40.0,47.37,47.37,9,9,3.0,9,12,7,9,8,3,2.86,3.23,1
2025-03-16,E0,19:00,Leicester,Man United,A,A,T Bramall,2024/2025,40.0,60.0,47.37,47.37,11,18,1.85,6,6,6,4,3,5,4.82,3.85,1
2025-04-01,E0,20:00,Nott'm Forest,Man United,H,H,J Gillett,2024/2025,40.0,40.0,47.37,31.58,8,23,3.2,12,5,3,10,2,6,2.5,3.52,0
2025-04-13,E0,16:30,Newcastle,Man United,H,D,C Kavanagh,2024/2025,100.0,60.0,47.37,63.16,13,9,5.54,9,7,7,2,6,5,1.66,4.45,1
2025-04-27,E0,14:00,Bournemouth,Man United,D,H,P Bankes,2024/2025,40.0,60.0,47.37,31.58,8,25,4.0,12,11,5,10,1,6,2.02,4.1,0
2025-05-04,E0,14:00,Brentford,Man United,H,H,A Taylor,2024/2025,40.0,60.0,47.37,63.16,12,14,5.2,10,8,7,4,6,5,1.72,4.55,1
2025-05-16,E0,20:15,Chelsea,Man United,H,D,C Kavanagh,2024/2025,40.0,40.0,47.37,57.89,11,4,5.99,14,10,7,2,3,1,1.62,4.7,0
2025-08-24,E0,16:30,Fulham,Man United,D,D,C Kavanagh,2025/2026,0.0,0.0,0.0,0.0,13,10,2.1,10,12,9,6,4,3,3.65,3.65,0
2023-08-19,E0,20:00,Man City,Newcastle,H,H,R Jones,2023/2024,0.0,0.0,73.68,57.89,14,7,4.76,11,12,3,0,4,1,1.91,4.05,0
2023-09-02,E0,17:30,Brighton,Newcastle,H,H,S Attwell,2023/2024,100.0,50.0,73.68,57.89,15,9,2.78,17,14,5,3,6,2,2.83,3.97,1
2023-09-24,E0,16:30,Sheffield United,Newcastle,A,A,S Attwell,2023/2024,75.0,66.67,73.68,84.21,9,22,1.57,8,12,2,6,1,15,7.0,4.6,1
2023-10-08,E0,14:00,West Ham,Newcastle,D,H,P Bankes,2023/2024,75.0,75.0,73.68,52.63,5,10,2.23,18,11,4,2,3,3,3.6,3.8,1
2023-10-28,E0,17:30,Wolves,Newcastle,D,A,A Taylor,2023/2024,80.0,80.0,73.68,63.16,11,13,1.93,15,13,8,7,6,5,4.7,4.1,1
2023-11-11,E0,17:30,Bournemouth,Newcastle,H,D,C Kavanagh,2023/2024,60.0,80.0,73.68,63.16,19,8,2.0,4,10,6,5,10,5,4.33,3.87,0
2023-12-07,E0,19:30,Everton,Newcastle,H,D,T Robinson,2023/2024,80.0,80.0,73.68,36.84,21,13,2.5,8,18,5,2,6,3,3.55,3.59,1
2023-12-10,E0,16:30,Tottenham,Newcastle,H,H,C Kavanagh,2023/2024,80.0,80.0,73.68,84.21,23,9,3.5,12,10,3,6,12,3,2.16,4.12,1
2023-12-23,E0,15:00,Luton,Newcastle,H,H,D England,2023/2024,60.0,60.0,73.68,68.42,16,15,1.69,5,11,6,7,5,2,5.77,4.35,0
2024-01-01,E0,20:00,Liverpool,Newcastle,H,D,A Taylor,2023/2024,60.0,60.0,73.68,68.42,34,5,8.0,15,16,7,3,15,3,1.44,5.75,1
2024-01-30,E0,20:15,Aston Villa,Newcastle,A,A,J Brooks,2023/2024,40.0,80.0,73.68,78.95,12,14,4.1,12,14,8,7,6,5,1.96,4.1,1
2024-02-10,E0,17:30,Nott'm Forest,Newcastle,A,D,A Taylor,2023/2024,80.0,80.0,73.68,52.63,13,7,2.21,6,9,4,4,3,5,3.39,3.9,1
2024-02-24,E0,20:00,Arsenal,Newcastle,H,H,P Tierney,2023/2024,60.0,80.0,73.68,73.68,18,3,9.1,6,15,9,0,8,2,1.4,5.9,1
2024-03-11,E0,20:00,Chelsea,Newcastle,H,D,J Brooks,2023/2024,60.0,100.0,73.68,63.16,12,11,4.15,7,12,0,4,8,3,1.91,4.31,1
2024-04-06,E0,15:00,Fulham,Newcastle,A,D,S Allison,2023/2024,80.0,80.0,73.68,63.16,14,12,2.94,13,10,14,3,4,5,2.55,3.75,0
2024-04-24,E0,20:00,Crystal Palace,Newcastle,H,D,T Bramall,2023/2024,60.0,60.0,73.68,63.16,20,7,2.31,15,10,7,2,7,2,3.27,3.79,0
2024-05-04,E0,15:00,Burnley,Newcastle,A,A,A Taylor,2023/2024,40.0,60.0,73.68,57.89,17,23,2.07,8,8,4,11,5,11,3.65,4.21,1
2024-05-15,E0,20:00,Man United,Newcastle,H,H,R Jones,2023/2024,60.0,60.0,73.68,68.42,17,21,2.47,7,16,9,9,8,8,2.86,4.2,1
2024-05-19,E0,16:00,Brentford,Newcastle,A,A,S Hooper,2023/2024,20.0,60.0,73.68,68.42,10,12,2.25,11,15,3,0,5,7,3.2,4.11,1
2024-08-25,E0,14:00,Bournemouth,Newcastle,D,H,D Coote,2024/2025,0.0,0.0,57.89,31.58,16,14,2.74,8,19,8,9,4,5,2.68,3.75,0
2024-09-15,E0,16:30,Wolves,Newcastle,A,H,C Kavanagh,2024/2025,100.0,50.0,57.89,57.89,12,14,2.1,6,17,4,7,5,6,4.03,3.8,1
2024-09-21,E0,15:00,Fulham,Newcastle,H,H,P Bankes,2024/2025,66.67,66.67,57.89,63.16,22,15,2.6,8,16,6,0,11,4,3.11,3.61,1
2024-10-05,E0,17:30,Everton,Newcastle,D,D,C Pawson,2024/2025,75.0,50.0,57.89,47.37,8,14,2.04,8,12,0,10,2,3,3.96,3.9,0
2024-10-27,E0,14:00,Chelsea,Newcastle,H,D,S Hooper,2024/2025,40.0,60.0,57.89,57.89,17,11,4.4,16,13,7,4,7,3,1.82,4.32,1
2024-11-10,E0,14:00,Nott'm Forest,Newcastle,A,H,A Taylor,2024/2025,40.0,80.0,57.89,31.58,9,17,2.75,6,13,4,5,3,6,2.9,3.45,1
2024-11-30,E0,15:00,Crystal Palace,Newcastle,D,D,D England,2024/2025,0.0,60.0,57.89,47.37,16,1,2.29,11,12,8,9,4,0,3.43,3.55,0
2024-12-07,E0,15:00,Brentford,Newcastle,H,D,T Robinson,2024/2025,100.0,60.0,57.89,63.16,11,16,2.52,7,10,3,4,8,3,3.1,3.84,1
2024-12-21,E0,15:00,Ipswich,Newcastle,A,A,S Attwell,2024/2025,40.0,80.0,57.89,52.63,10,15,1.75,7,9,2,1,2,7,5.24,4.24,1
2024-12-30,E0,20:00,Man United,Newcastle,A,A,S Hooper,2024/2025,80.0,60.0,57.89,52.63,10,12,2.59,8,13,2,3,0,4,2.87,3.68,0
2025-01-04,E0,12:30,Tottenham,Newcastle,A,A,A Madley,2024/2025,80.0,60.0,57.89,73.68,13,14,1.94,15,11,9,10,4,4,3.9,4.69,1
2025-01-25,E0,15:00,Southampton,Newcastle,A,A,S Barrott,2024/2025,80.0,80.0,57.89,68.42,12,17,1.53,5,10,3,8,5,9,7.0,5.1,1
2025-02-15,E0,15:00,Man City,Newcastle,H,H,A Madley,2024/2025,80.0,80.0,57.89,73.68,11,3,3.57,13,5,7,4,7,1,2.12,4.2,1
2025-02-26,E0,20:15,Liverpool,Newcastle,H,H,C Kavanagh,2024/2025,80.0,60.0,57.89,63.16,12,3,8.5,11,12,4,2,3,0,1.41,5.7,0
2025-03-10,E0,20:00,West Ham,Newcastle,A,D,M Salisbury,2024/2025,20.0,60.0,57.89,57.89,9,9,2.25,15,7,3,4,2,3,3.54,3.76,0
2025-04-07,E0,20:00,Leicester,Newcastle,A,A,R Jones,2024/2025,60.0,60.0,57.89,47.37,7,16,1.49,9,8,12,2,2,5,7.75,4.85,1
2025-04-19,E0,17:30,Aston Villa,Newcastle,H,D,J Gillett,2024/2025,80.0,60.0,57.89,57.89,23,10,2.8,12,9,7,7,9,3,2.68,3.77,1
2025-05-04,E0,14:00,Brighton,Newcastle,D,H,C Pawson,2024/2025,80.0,40.0,57.89,68.42,5,13,2.38,10,15,1,4,2,5,3.35,3.8,0
2025-05-18,E0,16:30,Arsenal,Newcastle,H,D,S Hooper,2024/2025,60.0,40.0,57.89,52.63,12,14,4.28,9,9,10,7,4,5,1.94,3.85,0
2025-08-16,E0,12:30,Aston Villa,Newcastle,D,D,C Pawson,2025/2026,0.0,0.0,0.0,50.0,3,16,3.1,11,13,3,6,3,3,2.45,3.5,0
2025-08-30,E0,17:30,Leeds,Newcastle,D,D,P Bankes,2025/2026,0.0,0.0,0.0,0.0,10,8,2.25,15,10,5,5,1,2,3.9,3.45,0
2023-08-12,E0,12:30,Arsenal,Nott'm Forest,H,H,M Oliver,2023/2024,100.0,100.0,57.89,73.68,15,6,19.0,12,12,8,3,7,2,1.22,8.4,1
2023-08-26,E0,15:00,Man United,Nott'm Forest,H,A,S Attwell,2023/2024,50.0,100.0,57.89,68.42,18,9,8.83,11,13,11,3,9,4,1.41,5.75,1
2023-09-02,E0,15:00,Chelsea,Nott'm Forest,A,D,T Robinson,2023/2024,33.33,66.67,57.89,63.16,21,7,8.5,9,10,8,0,2,3,1.44,5.2,0
2023-09-23,E0,15:00,Man City,Nott'm Forest,H,H,A Taylor,2023/2024,33.33,50.0,57.89,57.89,7,10,21.0,17,5,6,6,4,3,1.18,9.0,0
2023-10-07,E0,17:30,Crystal Palace,Nott'm Forest,D,D,C Pawson,2023/2024,25.0,40.0,57.89,63.16,8,16,3.8,12,7,3,7,2,5,2.42,3.26,0
2023-10-29,E0,14:00,Liverpool,Nott'm Forest,H,H,C Kavanagh,2023/2024,80.0,40.0,57.89,68.42,21,9,16.07,13,9,8,3,8,1,1.26,7.52,1
2023-11-12,E0,14:00,West Ham,Nott'm Forest,H,D,M Salisbury,2023/2024,60.0,40.0,57.89,52.63,16,10,5.0,12,9,9,4,6,5,1.84,3.9,1
2023-12-06,E0,19:30,Fulham,Nott'm Forest,H,H,J Smith,2023/2024,60.0,60.0,57.89,63.16,14,4,4.3,10,7,6,1,6,1,2.14,3.6,1
2023-12-09,E0,15:00,Wolves,Nott'm Forest,D,D,S Barrott,2023/2024,40.0,60.0,57.89,63.16,10,8,4.92,11,9,4,3,4,2,1.99,3.61,0
2023-12-26,E0,12:30,Newcastle,Nott'm Forest,A,D,C Kavanagh,2023/2024,60.0,80.0,57.89,68.42,19,15,8.5,11,10,10,2,7,6,1.47,5.31,1
2024-01-20,E0,17:30,Brentford,Nott'm Forest,H,D,D England,2023/2024,80.0,80.0,57.89,68.42,11,12,4.95,14,10,6,4,5,3,1.83,3.9,1
2024-02-04,E0,14:00,Bournemouth,Nott'm Forest,D,D,R Welch,2023/2024,60.0,60.0,57.89,63.16,9,8,5.2,12,19,11,6,2,6,1.72,4.5,0
2024-02-24,E0,15:00,Aston Villa,Nott'm Forest,H,H,S Barrott,2023/2024,80.0,60.0,57.89,78.95,16,10,6.0,16,7,7,2,6,3,1.61,4.6,1
2024-03-10,E0,14:00,Brighton,Nott'm Forest,H,H,M Salisbury,2023/2024,40.0,60.0,57.89,57.89,10,9,5.4,14,14,6,3,3,4,1.82,4.45,0
2024-03-16,E0,15:00,Luton,Nott'm Forest,D,A,D England,2023/2024,80.0,40.0,57.89,68.42,10,16,2.8,17,10,6,7,4,6,2.7,3.75,0
2024-04-07,E0,18:00,Tottenham,Nott'm Forest,H,D,S Hooper,2023/2024,100.0,40.0,57.89,84.21,17,13,7.5,12,11,12,2,7,6,1.48,5.5,1
2024-04-21,E0,13:30,Everton,Nott'm Forest,H,H,A Taylor,2023/2024,40.0,40.0,57.89,36.84,7,8,3.6,9,15,6,4,4,3,2.35,3.45,0
2024-05-04,E0,15:00,Sheffield United,Nott'm Forest,A,D,C Kavanagh,2023/2024,100.0,40.0,57.89,84.21,17,15,1.73,7,9,5,3,5,4,5.08,4.4,1
2024-05-19,E0,16:00,Burnley,Nott'm Forest,A,A,G Scott,2023/2024,60.0,60.0,57.89,57.89,20,12,2.39,5,11,4,3,3,6,3.15,3.9,1
2024-08-24,E0,15:00,Southampton,Nott'm Forest,A,D,S Barrott,2024/2025,0.0,0.0,68.42,68.42,5,23,3.2,14,14,4,10,1,8,2.58,3.59,0
2024-09-14,E0,15:00,Liverpool,Nott'm Forest,A,D,M Oliver,2024/2025,0.0,0.0,68.42,63.16,14,5,13.0,6,15,7,2,5,3,1.27,7.3,0
2024-09-22,E0,14:00,Brighton,Nott'm Forest,D,H,R Jones,2024/2025,66.67,33.33,68.42,68.42,14,4,4.63,11,12,9,1,3,3,1.89,3.85,1
2024-10-06,E0,14:00,Chelsea,Nott'm Forest,D,D,C Kavanagh,2024/2025,25.0,25.0,68.42,57.89,22,16,7.0,11,12,11,3,8,9,1.53,4.75,0
2024-10-25,E0,20:00,Leicester,Nott'm Forest,A,D,C Pawson,2024/2025,40.0,40.0,68.42,47.37,11,20,2.53,9,16,6,7,1,5,3.08,3.48,1
2024-11-23,E0,15:00,Arsenal,Nott'm Forest,H,H,S Hooper,2024/2025,80.0,60.0,68.42,52.63,19,7,9.05,1,10,8,1,7,0,1.43,4.9,1
2024-12-04,E0,19:30,Man City,Nott'm Forest,H,H,M Oliver,2024/2025,80.0,80.0,68.42,73.68,17,12,10.5,15,7,8,2,7,3,1.35,5.88,1
2024-12-07,E0,17:30,Man United,Nott'm Forest,A,D,D England,2024/2025,80.0,80.0,68.42,52.63,17,11,5.74,13,10,5,3,7,3,1.73,4.1,1
2024-12-21,E0,15:00,Brentford,Nott'm Forest,A,A,M Oliver,2024/2025,80.0,80.0,68.42,63.16,7,10,2.8,14,9,9,5,3,6,2.56,3.76,0
2024-12-29,E0,15:00,Everton,Nott'm Forest,A,A,T Harrington,2024/2025,20.0,60.0,68.42,47.37,13,11,3.0,10,13,5,4,2,7,2.88,3.16,0
2025-01-06,E0,20:00,Wolves,Nott'm Forest,A,A,P Bankes,2024/2025,60.0,60.0,68.42,57.89,13,11,2.22,8,10,5,3,6,3,4.18,3.58,1
2025-01-25,E0,15:00,Bournemouth,Nott'm Forest,H,H,C Pawson,2024/2025,20.0,60.0,68.42,31.58,16,18,3.95,12,9,3,9,10,4,2.12,3.77,1
2025-02-15,E0,15:00,Fulham,Nott'm Forest,H,D,T Bramall,2024/2025,60.0,60.0,68.42,63.16,24,8,3.67,8,13,8,4,10,2,2.27,3.55,1
2025-02-23,E0,14:00,Newcastle,Nott'm Forest,H,H,J Gillett,2024/2025,100.0,80.0,68.42,63.16,13,17,4.09,13,11,7,6,5,5,1.95,3.95,1
2025-03-15,E0,15:00,Ipswich,Nott'm Forest,A,A,M Salisbury,2024/2025,80.0,100.0,68.42,52.63,11,11,2.01,13,4,6,3,4,6,4.2,3.63,1
2025-04-05,E0,17:30,Aston Villa,Nott'm Forest,H,H,S Hooper,2024/2025,60.0,100.0,68.42,57.89,17,19,3.73,15,7,4,4,8,3,2.23,3.5,1
2025-04-21,E0,20:00,Tottenham,Nott'm Forest,A,A,P Bankes,2024/2025,60.0,100.0,68.42,73.68,22,4,3.06,12,11,7,1,6,3,2.46,3.6,1
2025-05-05,E0,20:00,Crystal Palace,Nott'm Forest,D,D,A Madley,2024/2025,40.0,80.0,68.42,47.37,20,12,3.5,15,9,7,4,3,4,2.27,3.5,0
2025-05-18,E0,14:15,West Ham,Nott'm Forest,A,A,S Barrott,2024/2025,40.0,80.0,68.42,57.89,16,10,2.5,7,14,8,7,5,5,3.13,3.56,1
2025-08-24,E0,14:00,Crystal Palace,Nott'm Forest,D,H,A Taylor,2025/2026,0.0,0.0,0.0,0.0,8,9,3.15,11,11,1,3,4,1,2.43,3.3,0
2023-08-18,E0,19:45,Nott'm Forest,Sheffield United,H,H,P Bankes,2023/2024,100.0,100.0,57.89,52.63,16,7,4.78,9,5,6,7,4,3,2.0,3.55,1
2023-09-16,E0,15:00,Tottenham,Sheffield United,H,D,P Bankes,2023/2024,50.0,100.0,57.89,84.21,28,7,11.0,14,13,15,2,10,5,1.32,6.7,1
2023-09-30,E0,15:00,West Ham,Sheffield United,H,H,G Scott,2023/2024,66.67,66.67,57.89,52.63,20,16,8.5,9,6,7,4,9,2,1.48,5.1,0
2023-10-07,E0,15:00,Fulham,Sheffield United,H,D,S Barrott,2023/2024,50.0,75.0,57.89,63.16,20,5,7.5,10,8,9,4,6,2,1.57,4.6,1
2023-10-28,E0,15:00,Arsenal,Sheffield United,H,H,T Robinson,2023/2024,80.0,80.0,57.89,73.68,13,2,27.0,13,9,6,1,8,0,1.15,11.0,1
2023-11-12,E0,14:00,Brighton,Sheffield United,D,H,J Brooks,2023/2024,60.0,60.0,57.89,57.89,11,9,13.0,16,13,6,3,6,1,1.33,6.65,0
2023-12-02,E0,15:00,Burnley,Sheffield United,H,H,C Kavanagh,2023/2024,60.0,60.0,57.89,57.89,19,6,5.47,12,9,6,1,7,3,1.82,3.88,1
2023-12-16,E0,15:00,Chelsea,Sheffield United,H,D,A Madley,2023/2024,60.0,60.0,57.89,63.16,15,6,18.5,14,9,7,6,6,1,1.25,8.2,0
2023-12-22,E0,20:00,Aston Villa,Sheffield United,D,D,A Taylor,2023/2024,40.0,40.0,57.89,78.95,12,5,14.9,16,11,9,1,4,2,1.24,7.7,0
2023-12-30,E0,15:00,Man City,Sheffield United,H,H,D Coote,2023/2024,60.0,20.0,57.89,57.89,18,4,42.0,6,5,12,2,4,2,1.1,14.7,0
2024-01-30,E0,20:00,Crystal Palace,Sheffield United,H,D,T Harrington,2023/2024,60.0,40.0,57.89,63.16,12,9,6.52,18,8,11,1,4,5,1.65,4.2,1
2024-02-10,E0,15:00,Luton,Sheffield United,A,A,C Kavanagh,2023/2024,80.0,40.0,57.89,68.42,20,7,5.1,12,7,13,1,5,3,1.75,4.1,1
2024-02-25,E0,13:30,Wolves,Sheffield United,H,H,D Bond,2023/2024,60.0,40.0,57.89,63.16,13,12,7.5,4,8,5,6,2,4,1.52,4.7,0
2024-03-09,E0,15:00,Bournemouth,Sheffield United,D,A,A Taylor,2023/2024,60.0,60.0,57.89,63.16,32,13,9.5,11,12,10,3,12,9,1.38,5.9,1
2024-04-04,E0,19:30,Liverpool,Sheffield United,H,H,S Attwell,2023/2024,80.0,80.0,57.89,68.42,29,8,38.0,9,6,13,1,9,3,1.08,18.5,1
2024-04-13,E0,15:00,Brentford,Sheffield United,H,D,S Barrott,2023/2024,40.0,60.0,57.89,68.42,9,8,6.75,11,8,3,6,5,2,1.54,5.1,0
2024-04-24,E0,20:00,Man United,Sheffield United,H,D,M Salisbury,2023/2024,80.0,60.0,57.89,68.42,25,10,9.5,9,7,9,4,13,4,1.35,6.5,1
2024-04-27,E0,15:00,Newcastle,Sheffield United,H,D,T Harrington,2023/2024,80.0,80.0,57.89,68.42,20,15,13.0,10,9,4,5,7,5,1.25,7.96,1
2024-05-11,E0,15:00,Everton,Sheffield United,H,H,S Attwell,2023/2024,0.0,60.0,57.89,36.84,15,13,7.69,11,6,3,6,6,1,1.47,5.38,0
2024-08-17,E0,15:00,Newcastle,Southampton,H,H,C Pawson,2024/2025,0.0,0.0,52.63,63.16,3,19,8.0,16,15,3,12,1,4,1.44,5.75,0
2024-08-31,E0,15:00,Brentford,Southampton,H,H,J Smith,2024/2025,100.0,50.0,52.63,63.16,20,18,4.59,7,10,2,8,7,6,1.83,3.95,1
2024-09-30,E0,20:00,Bournemouth,Southampton,H,H,M Oliver,2024/2025,33.33,66.67,52.63,31.58,14,9,6.79,12,19,7,4,6,3,1.58,4.75,1
2024-10-05,E0,15:00,Arsenal,Southampton,H,D,T Harrington,2024/2025,50.0,75.0,52.63,52.63,29,8,18.71,9,10,13,1,6,2,1.21,8.8,1
2024-10-26,E0,15:00,Man City,Southampton,H,H,T Harrington,2024/2025,80.0,60.0,52.63,73.68,22,5,25.0,9,9,12,1,8,2,1.14,11.0,0
2024-11-09,E0,15:00,Wolves,Southampton,H,H,T Bramall,2024/2025,80.0,60.0,52.63,57.89,8,9,4.33,12,14,1,9,4,0,2.06,4.0,0
2024-11-29,E0,20:00,Brighton,Southampton,D,H,R Jones,2024/2025,80.0,40.0,52.63,68.42,22,10,8.0,16,20,7,6,5,2,1.42,5.8,0
2024-12-07,E0,15:00,Aston Villa,Southampton,H,H,D Bond,2024/2025,40.0,20.0,52.63,57.89,18,4,10.0,15,18,14,1,5,0,1.38,5.9,0
2024-12-22,E0,14:00,Fulham,Southampton,D,D,T Robinson,2024/2025,60.0,0.0,52.63,63.16,16,5,6.15,15,8,6,5,5,1,1.68,4.58,0
2024-12-29,E0,15:00,Crystal Palace,Southampton,H,D,M Salisbury,2024/2025,60.0,20.0,52.63,47.37,19,7,6.5,19,18,8,7,10,3,1.62,4.5,1
2025-01-16,E0,20:00,Man United,Southampton,H,A,J Brooks,2024/2025,80.0,40.0,52.63,52.63,23,13,12.0,10,7,5,4,9,5,1.31,6.2,1
2025-01-19,E0,14:00,Nott'm Forest,Southampton,H,H,A Taylor,2024/2025,40.0,60.0,52.63,31.58,14,10,9.23,18,4,2,8,5,4,1.5,5.2,1
2025-02-01,E0,15:00,Ipswich,Southampton,A,D,M Oliver,2024/2025,60.0,80.0,52.63,52.63,15,9,4.2,14,11,1,2,6,4,2.1,3.8,1
2025-02-25,E0,20:15,Chelsea,Southampton,H,H,T Bramall,2024/2025,100.0,100.0,52.63,57.89,19,7,18.0,9,6,4,2,10,2,1.19,9.4,1
2025-03-08,E0,15:00,Liverpool,Southampton,H,A,L Smith,2024/2025,80.0,100.0,52.63,63.16,28,6,32.0,9,10,6,4,7,4,1.12,12.0,1
2025-04-06,E0,14:00,Tottenham,Southampton,H,H,M Salisbury,2024/2025,60.0,100.0,52.63,73.68,13,12,8.5,20,16,4,1,8,4,1.41,5.7,1
2025-04-19,E0,15:00,West Ham,Southampton,D,D,A Kitchen,2024/2025,20.0,80.0,52.63,57.89,12,15,5.7,13,14,2,5,4,4,1.64,4.45,0
2025-05-03,E0,15:00,Leicester,Southampton,H,H,D Webb,2024/2025,60.0,60.0,52.63,47.37,14,8,3.01,13,12,7,7,4,2,2.55,3.65,0
2025-05-18,E0,12:00,Everton,Southampton,H,H,M Oliver,2024/2025,20.0,40.0,52.63,47.37,13,6,8.0,10,6,4,5,5,2,1.46,5.0,0
2025-08-23,E0,15:00,Burnley,Sunderland,H,D,M Salisbury,2025/2026,0.0,0.0,0.0,0.0,7,9,3.3,5,9,4,3,2,1,2.42,3.2,0
2023-08-13,E0,14:00,Brentford,Tottenham,D,D,R Jones,2023/2024,100.0,100.0,73.68,68.42,11,18,2.8,13,12,3,6,6,6,2.81,3.7,1
2023-08-26,E0,12:30,Bournemouth,Tottenham,A,A,T Robinson,2023/2024,0.0,50.0,73.68,63.16,11,17,2.1,11,18,6,2,3,6,3.91,4.0,0
2023-09-02,E0,15:00,Burnley,Tottenham,A,A,D England,2023/2024,100.0,66.67,73.68,57.89,16,20,2.06,9,15,7,4,4,10,3.95,3.91,1
2023-09-24,E0,14:00,Arsenal,Tottenham,D,D,R Jones,2023/2024,100.0,75.0,73.68,73.68,13,13,5.5,19,12,11,4,6,5,1.71,4.6,1
2023-10-07,E0,12:30,Luton,Tottenham,A,D,J Brooks,2023/2024,50.0,60.0,73.68,68.42,12,15,1.49,7,16,5,6,2,4,7.8,5.3,0
2023-10-27,E0,20:00,Crystal Palace,Tottenham,A,D,A Madley,2023/2024,40.0,60.0,73.68,63.16,13,10,1.86,11,19,11,2,3,1,5.0,4.17,1
2023-11-11,E0,12:30,Wolves,Tottenham,H,A,T Robinson,2023/2024,80.0,80.0,73.68,63.16,17,6,2.38,15,19,11,3,4,2,3.3,3.79,1
2023-12-03,E0,16:30,Man City,Tottenham,D,H,S Hooper,2023/2024,60.0,80.0,73.68,57.89,18,8,11.5,14,14,10,8,4,4,1.29,7.6,1
2023-12-15,E0,20:00,Nott'm Forest,Tottenham,A,A,J Gillett,2023/2024,40.0,60.0,73.68,52.63,15,12,1.77,11,16,6,4,1,6,5.5,4.4,0
2023-12-28,E0,19:30,Brighton,Tottenham,H,H,J Gillett,2023/2024,40.0,80.0,73.68,57.89,15,19,2.73,6,18,7,6,9,3,2.81,4.0,1
2024-01-14,E0,16:30,Man United,Tottenham,D,H,J Brooks,2023/2024,80.0,80.0,73.68,68.42,9,16,3.59,5,8,8,13,2,6,2.15,4.15,1
2024-02-03,E0,12:30,Everton,Tottenham,D,A,M Oliver,2023/2024,60.0,80.0,73.68,36.84,14,9,2.28,14,8,9,5,5,6,3.34,3.85,1
2024-03-10,E0,13:00,Aston Villa,Tottenham,A,D,C Kavanagh,2023/2024,100.0,80.0,73.68,78.95,10,9,2.75,15,11,6,4,1,5,2.55,4.1,1
2024-03-16,E0,17:30,Fulham,Tottenham,H,H,R Jones,2023/2024,80.0,100.0,73.68,63.16,16,14,2.13,10,9,4,5,7,5,3.51,4.1,1
2024-04-02,E0,20:15,West Ham,Tottenham,D,D,J Brooks,2023/2024,60.0,80.0,73.68,52.63,11,13,2.01,9,13,9,5,4,4,3.55,4.35,0
2024-04-13,E0,12:30,Newcastle,Tottenham,H,H,T Robinson,2023/2024,80.0,80.0,73.68,68.42,18,11,2.51,12,14,16,3,5,2,2.75,4.1,1
2024-05-02,E0,19:30,Chelsea,Tottenham,H,H,R Jones,2023/2024,80.0,60.0,73.68,63.16,16,19,2.76,16,12,4,9,5,3,2.55,4.1,0
2024-05-05,E0,16:30,Liverpool,Tottenham,H,H,P Tierney,2023/2024,60.0,60.0,73.68,68.42,25,11,6.9,12,14,8,3,13,6,1.48,5.9,1
2024-05-19,E0,16:00,Sheffield United,Tottenham,A,A,A Madley,2023/2024,100.0,60.0,73.68,84.21,6,18,1.38,9,11,2,6,1,9,9.0,6.4,1
2024-08-19,E0,20:00,Leicester,Tottenham,D,A,C Kavanagh,2024/2025,0.0,0.0,52.63,47.37,7,15,1.74,12,11,2,13,3,7,4.9,4.4,0
2024-09-01,E0,13:30,Newcastle,Tottenham,H,H,R Jones,2024/2025,50.0,50.0,52.63,63.16,9,20,2.79,13,16,7,12,3,6,2.6,4.0,1
2024-09-29,E0,16:30,Man United,Tottenham,A,A,C Kavanagh,2024/2025,66.67,66.67,52.63,52.63,11,24,3.46,14,16,5,3,2,10,2.16,4.0,1
2024-10-06,E0,16:30,Brighton,Tottenham,H,A,D Coote,2024/2025,75.0,75.0,52.63,68.42,11,13,2.33,10,14,4,7,4,3,3.06,4.1,1
2024-10-27,E0,14:00,Crystal Palace,Tottenham,H,H,D Bond,2024/2025,20.0,60.0,52.63,47.37,14,11,1.97,12,16,8,8,6,3,4.0,4.1,0
2024-11-23,E0,17:30,Man City,Tottenham,A,A,J Brooks,2024/2025,80.0,80.0,52.63,73.68,23,9,7.5,9,19,9,3,5,7,1.45,5.7,1
2024-12-05,E0,20:15,Bournemouth,Tottenham,H,H,S Hooper,2024/2025,60.0,60.0,52.63,31.58,21,12,3.2,8,15,5,9,8,4,2.36,4.11,0
2024-12-15,E0,19:00,Southampton,Tottenham,A,A,D England,2024/2025,80.0,60.0,52.63,68.42,9,18,1.82,15,8,2,5,3,9,4.5,4.6,1
2024-12-26,E0,15:00,Nott'm Forest,Tottenham,H,H,C Pawson,2024/2025,60.0,40.0,52.63,31.58,10,13,3.25,13,12,2,7,3,4,2.29,4.11,0
2025-01-15,E0,20:00,Arsenal,Tottenham,H,H,S Hooper,2024/2025,40.0,60.0,52.63,52.63,14,10,8.2,9,16,10,4,4,2,1.41,5.75,1
2025-01-19,E0,14:00,Everton,Tottenham,H,H,D England,2024/2025,40.0,60.0,52.63,47.37,12,11,2.85,14,14,3,8,6,6,2.72,3.55,1
2025-02-02,E0,14:00,Brentford,Tottenham,A,A,J Gillett,2024/2025,40.0,60.0,52.63,63.16,20,13,3.52,11,4,10,3,4,2,2.09,4.38,0
2025-02-22,E0,15:00,Ipswich,Tottenham,A,A,T Robinson,2024/2025,60.0,60.0,52.63,52.63,17,10,2.16,14,15,4,4,5,6,3.7,3.93,1
2025-03-16,E0,13:30,Fulham,Tottenham,H,D,A Madley,2024/2025,40.0,60.0,52.63,63.16,13,12,4.24,10,13,6,5,4,4,1.95,4.1,0
2025-04-03,E0,20:00,Chelsea,Tottenham,H,D,C Pawson,2024/2025,60.0,40.0,52.63,57.89,11,8,4.9,16,7,4,6,5,2,1.72,4.46,0
2025-04-13,E0,14:00,Wolves,Tottenham,H,H,A Taylor,2024/2025,40.0,40.0,52.63,57.89,13,11,3.33,15,12,1,4,5,4,2.43,3.78,1
2025-04-27,E0,16:30,Liverpool,Tottenham,H,H,T Bramall,2024/2025,60.0,60.0,52.63,63.16,25,8,15.0,9,16,8,2,8,3,1.26,8.0,1
2025-05-04,E0,14:00,West Ham,Tottenham,D,D,M Oliver,2024/2025,20.0,40.0,52.63,57.89,11,7,4.22,15,18,1,3,2,2,1.91,4.0,0
2025-05-16,E0,19:30,Aston Villa,Tottenham,H,D,P Bankes,2024/2025,60.0,40.0,52.63,57.89,18,3,11.22,12,5,9,1,7,1,1.3,7.0,0
2025-08-23,E0,12:30,Man City,Tottenham,A,A,P Bankes,2025/2026,0.0,0.0,0.0,0.0,10,12,5.8,12,7,7,2,4,5,1.57,4.95,0
2023-08-12,E0,15:00,Bournemouth,West Ham,D,D,P Bankes,2023/2024,0.0,0.0,84.21,63.16,14,16,2.7,14,9,10,4,5,3,2.88,3.67,0
2023-08-26,E0,17:30,Brighton,West Ham,A,A,A Taylor,2023/2024,100.0,50.0,84.21,57.89,25,12,6.7,9,10,17,4,10,3,1.57,5.1,1
2023-09-01,E0,20:00,Luton,West Ham,A,A,P Tierney,2023/2024,100.0,66.67,84.21,68.42,16,9,1.78,13,8,9,6,1,3,4.99,4.35,1
2023-09-24,E0,14:00,Liverpool,West Ham,H,D,C Kavanagh,2023/2024,100.0,75.0,84.21,68.42,22,11,8.5,13,12,7,4,7,4,1.4,6.0,1
2023-10-22,E0,16:30,Aston Villa,West Ham,H,H,D Coote,2023/2024,100.0,80.0,84.21,78.95,15,14,4.54,15,9,8,7,7,4,1.9,4.1,1
2023-11-04,E0,15:00,Brentford,West Ham,H,A,T Bramall,2023/2024,80.0,100.0,84.21,68.42,16,12,3.68,14,12,4,3,4,2,2.21,3.89,1
2023-11-25,E0,15:00,Burnley,West Ham,A,D,S Barrott,2023/2024,60.0,100.0,84.21,57.89,11,11,2.26,7,11,4,5,5,3,3.88,3.72,1
2023-12-07,E0,20:15,Tottenham,West Ham,A,H,M Salisbury,2023/2024,80.0,100.0,84.21,84.21,23,11,5.2,12,11,8,4,7,5,1.82,4.42,1
2023-12-10,E0,14:00,Fulham,West Ham,H,H,P Tierney,2023/2024,80.0,100.0,84.21,63.16,14,9,3.41,10,5,3,6,8,5,2.4,3.65,1
2023-12-28,E0,20:15,Arsenal,West Ham,A,A,M Oliver,2023/2024,60.0,80.0,84.21,73.68,30,6,11.0,8,8,10,3,8,3,1.33,6.25,0
2024-01-21,E0,14:00,Sheffield United,West Ham,D,D,M Salisbury,2023/2024,60.0,80.0,84.21,84.21,21,16,2.67,10,11,4,1,6,5,3.21,3.5,1
2024-02-04,E0,14:00,Man United,West Ham,H,H,A Madley,2023/2024,100.0,80.0,84.21,68.42,12,22,6.5,5,10,5,8,5,3,1.64,4.7,1
2024-02-17,E0,15:00,Nott'm Forest,West Ham,H,H,T Bramall,2023/2024,80.0,60.0,84.21,52.63,19,10,3.34,15,13,5,3,8,3,2.32,3.61,0
2024-03-02,E0,15:00,Everton,West Ham,A,D,C Pawson,2023/2024,60.0,60.0,84.21,36.84,22,12,3.61,6,9,4,5,11,5,2.23,3.65,1
2024-03-30,E0,12:30,Newcastle,West Ham,H,A,R Jones,2023/2024,100.0,80.0,84.21,68.42,24,10,4.2,8,9,3,4,9,4,1.9,4.4,1
2024-04-06,E0,15:00,Wolves,West Ham,A,H,T Harrington,2023/2024,60.0,80.0,84.21,63.16,14,11,2.55,7,15,4,4,7,4,3.0,3.66,1
2024-04-21,E0,15:00,Crystal Palace,West Ham,H,H,G Scott,2023/2024,80.0,80.0,84.21,63.16,18,4,3.36,9,9,4,0,7,1,2.28,3.59,1
2024-05-05,E0,14:00,Chelsea,West Ham,H,H,A Madley,2023/2024,80.0,100.0,84.21,63.16,25,13,6.1,10,12,8,6,14,2,1.53,5.2,1
2024-05-19,E0,16:00,Man City,West Ham,H,H,J Brooks,2023/2024,80.0,100.0,84.21,57.89,28,3,39.0,12,3,11,2,12,2,1.09,17.0,1
2024-08-24,E0,15:00,Crystal Palace,West Ham,A,D,R Jones,2024/2025,0.0,0.0,42.11,47.37,14,18,3.93,17,9,3,3,2,3,2.15,3.96,0
2024-09-14,E0,15:00,Fulham,West Ham,D,H,T Robinson,2024/2025,50.0,0.0,42.11,63.16,21,11,3.29,18,15,3,2,5,3,2.39,3.45,0
2024-09-28,E0,15:00,Brentford,West Ham,D,H,S Hooper,2024/2025,66.67,0.0,42.11,63.16,8,19,3.4,11,2,7,7,3,3,2.33,3.7,0
2024-10-19,E0,12:30,Tottenham,West Ham,H,D,A Madley,2024/2025,75.0,25.0,42.11,73.68,22,11,6.6,15,10,13,5,7,4,1.49,5.5,1
2024-11-02,E0,15:00,Nott'm Forest,West Ham,H,H,P Bankes,2024/2025,20.0,40.0,42.11,31.58,19,4,4.0,9,7,11,6,6,2,2.1,3.57,1
2024-11-25,E0,20:00,Newcastle,West Ham,A,A,C Pawson,2024/2025,20.0,40.0,42.11,63.16,18,15,7.1,8,11,8,3,2,6,1.5,5.0,0
2024-12-03,E0,20:15,Leicester,West Ham,H,H,J Smith,2024/2025,60.0,60.0,42.11,47.37,8,31,2.45,7,9,3,9,6,10,3.14,3.6,1
2024-12-16,E0,20:00,Bournemouth,West Ham,D,D,C Kavanagh,2024/2025,40.0,60.0,42.11,31.58,29,16,4.6,11,6,12,6,9,3,1.78,4.33,0
2024-12-26,E0,15:00,Southampton,West Ham,A,D,L Smith,2024/2025,60.0,40.0,42.11,68.42,18,16,2.36,8,15,2,2,5,2,3.28,3.7,0
2025-01-04,E0,15:00,Man City,West Ham,H,H,M Salisbury,2024/2025,80.0,40.0,42.11,73.68,10,17,12.0,13,8,7,1,7,4,1.31,7.24,1
2025-01-26,E0,16:30,Aston Villa,West Ham,D,H,P Bankes,2024/2025,60.0,40.0,42.11,57.89,14,14,7.38,16,13,4,3,4,4,1.54,4.9,0
2025-02-03,E0,20:00,Chelsea,West Ham,H,A,S Attwell,2024/2025,100.0,40.0,42.11,57.89,22,14,10.0,10,11,4,3,3,5,1.33,6.6,1
2025-02-22,E0,15:00,Arsenal,West Ham,A,A,C Pawson,2024/2025,60.0,40.0,42.11,52.63,20,5,13.0,15,16,2,0,2,2,1.32,6.0,0
2025-03-15,E0,15:00,Everton,West Ham,D,D,D Bond,2024/2025,80.0,40.0,42.11,47.37,13,10,3.98,8,12,6,5,5,5,2.26,3.35,0
2025-04-01,E0,19:45,Wolves,West Ham,H,H,T Harrington,2024/2025,20.0,20.0,42.11,57.89,9,10,3.3,12,16,1,2,2,1,2.43,3.35,0
2025-04-13,E0,14:00,Liverpool,West Ham,H,H,A Madley,2024/2025,60.0,40.0,42.11,63.16,15,11,11.7,8,15,10,3,6,4,1.3,6.4,1
2025-04-26,E0,15:00,Brighton,West Ham,H,H,D England,2024/2025,100.0,40.0,42.11,68.42,16,12,4.66,9,7,8,1,9,4,1.84,4.11,1
2025-05-11,E0,14:15,Man United,West Ham,A,A,J Gillett,2024/2025,20.0,40.0,42.11,52.63,20,9,3.85,13,3,8,5,5,4,2.05,3.77,0
2025-05-25,E0,16:00,Ipswich,West Ham,A,A,T Robinson,2024/2025,80.0,60.0,42.11,52.63,14,10,2.26,9,10,4,0,4,6,3.28,3.72,1
2025-08-16,E0,15:00,Sunderland,West Ham,H,D,R Jones,2025/2026,100.0,100.0,100.0,100.0,10,12,2.31,10,8,5,7,5,4,3.55,3.3,1
2025-08-31,E0,14:00,Nott'm Forest,West Ham,A,D,C Pawson,2025/2026,100.0,100.0,100.0,100.0,11,12,5.5,6,14,9,7,3,8,1.69,4.2,1
2023-08-14,E0,20:00,Man United,Wolves,H,D,S Hooper,2023/2024,0.0,0.0,63.16,68.42,15,23,13.0,10,14,8,7,3,6,1.33,8.67,0
2023-08-26,E0,15:00,Everton,Wolves,A,D,C Pawson,2023/2024,0.0,0.0,63.16,36.84,15,11,3.21,14,10,7,0,7,2,2.5,3.46,0
2023-09-03,E0,14:00,Crystal Palace,Wolves,H,D,R Jones,2023/2024,50.0,33.33,63.16,63.16,16,12,4.8,12,12,4,2,11,4,1.95,3.7,1
2023-09-23,E0,15:00,Luton,Wolves,D,D,J Smith,2023/2024,50.0,25.0,63.16,68.42,20,3,2.46,17,12,10,1,4,3,3.45,3.42,0
2023-10-21,E0,15:00,Bournemouth,Wolves,A,H,P Tierney,2023/2024,40.0,40.0,63.16,63.16,7,20,3.32,10,15,3,12,4,7,2.49,3.6,1
2023-11-04,E0,15:00,Sheffield United,Wolves,H,D,R Jones,2023/2024,100.0,60.0,63.16,84.21,11,10,2.0,10,13,4,4,2,3,4.37,3.83,1
2023-11-27,E0,20:00,Fulham,Wolves,H,D,M Salisbury,2023/2024,40.0,80.0,63.16,63.16,12,10,3.3,13,13,6,2,6,6,2.47,3.38,1
2023-12-02,E0,15:00,Arsenal,Wolves,H,H,P Bankes,2023/2024,80.0,80.0,63.16,73.68,19,6,16.0,10,10,4,0,6,3,1.3,7.0,1
2023-12-17,E0,14:00,West Ham,Wolves,H,H,C Kavanagh,2023/2024,60.0,100.0,63.16,52.63,13,14,4.34,15,12,6,6,4,3,2.27,3.78,1
2023-12-27,E0,19:30,Brentford,Wolves,A,A,A Madley,2023/2024,80.0,100.0,63.16,68.42,14,11,3.66,14,5,8,2,4,5,2.35,3.5,1
2024-01-22,E0,19:45,Brighton,Wolves,D,D,C Pawson,2023/2024,40.0,80.0,63.16,57.89,11,8,5.25,13,10,8,2,4,3,1.71,4.33,0
2024-02-04,E0,14:00,Chelsea,Wolves,A,A,T Robinson,2023/2024,60.0,80.0,63.16,63.16,15,14,6.5,11,15,10,1,6,7,1.59,4.63,1
2024-02-17,E0,15:00,Tottenham,Wolves,A,A,A Taylor,2023/2024,100.0,80.0,63.16,84.21,15,12,6.0,13,8,10,4,4,7,1.58,5.13,1
2024-03-02,E0,15:00,Newcastle,Wolves,H,H,T Robinson,2023/2024,100.0,80.0,63.16,68.42,14,12,4.8,11,8,3,5,7,3,1.8,4.35,1
2024-03-30,E0,17:30,Aston Villa,Wolves,H,H,P Tierney,2023/2024,80.0,60.0,63.16,78.95,11,13,6.74,19,11,5,4,5,3,1.58,4.5,0
2024-04-02,E0,19:45,Burnley,Wolves,D,D,T Bramall,2023/2024,60.0,60.0,63.16,57.89,13,8,3.25,12,10,7,4,6,2,2.43,3.69,0
2024-04-13,E0,15:00,Nott'm Forest,Wolves,D,D,C Pawson,2023/2024,40.0,60.0,63.16,52.63,18,11,3.87,10,15,10,1,9,4,2.12,3.7,1
2024-05-04,E0,17:30,Man City,Wolves,H,H,C Pawson,2023/2024,80.0,60.0,63.16,57.89,20,2,29.0,17,4,6,0,12,1,1.12,14.7,1
2024-05-19,E0,16:00,Liverpool,Wolves,H,H,C Kavanagh,2023/2024,60.0,40.0,63.16,68.42,36,4,19.0,11,14,10,2,14,3,1.15,10.73,0
2024-08-17,E0,15:00,Arsenal,Wolves,H,H,J Gillett,2024/2025,0.0,0.0,73.68,52.63,18,9,21.0,14,17,8,2,6,3,1.17,9.4,0
2024-08-31,E0,15:00,Nott'm Forest,Wolves,D,D,S Hooper,2024/2025,0.0,0.0,73.68,31.58,16,11,3.88,18,15,7,3,5,3,2.05,3.7,0
2024-09-21,E0,15:00,Aston Villa,Wolves,H,A,T Robinson,2024/2025,66.67,33.33,73.68,57.89,9,10,5.5,16,11,6,5,4,4,1.69,4.5,1
2024-10-05,E0,15:00,Brentford,Wolves,H,H,A Madley,2024/2025,75.0,50.0,73.68,63.16,19,17,3.86,10,9,10,3,12,6,2.11,3.7,1
2024-10-26,E0,15:00,Brighton,Wolves,D,H,M Oliver,2024/2025,80.0,60.0,73.68,68.42,19,14,5.9,10,12,9,6,6,7,1.6,4.55,1
2024-11-23,E0,15:00,Fulham,Wolves,A,D,R Jones,2024/2025,80.0,80.0,73.68,63.16,10,10,6.12,14,14,7,2,3,5,1.58,4.6,1
2024-12-04,E0,19:30,Everton,Wolves,H,H,M Salisbury,2024/2025,40.0,100.0,73.68,47.37,13,6,3.93,8,10,3,4,4,2,2.2,3.45,1
2024-12-09,E0,20:00,West Ham,Wolves,H,D,J Brooks,2024/2025,80.0,100.0,73.68,57.89,19,19,4.46,17,12,11,0,4,5,1.91,4.05,1
2024-12-22,E0,14:00,Leicester,Wolves,A,A,A Taylor,2024/2025,100.0,100.0,73.68,47.37,9,8,2.53,16,15,6,1,5,4,3.05,3.51,1
2024-12-29,E0,15:00,Tottenham,Wolves,D,H,C Kavanagh,2024/2025,80.0,100.0,73.68,73.68,13,11,4.9,10,9,5,5,3,3,1.69,4.7,1
2025-01-15,E0,19:30,Newcastle,Wolves,H,H,D England,2024/2025,80.0,100.0,73.68,63.16,17,13,8.73,13,10,4,2,5,7,1.4,5.6,1
2025-01-20,E0,20:00,Chelsea,Wolves,H,D,S Hooper,2024/2025,100.0,100.0,73.68,57.89,19,9,7.5,14,8,3,6,7,4,1.45,5.43,1
2025-02-16,E0,14:00,Liverpool,Wolves,H,H,S Hooper,2024/2025,100.0,100.0,73.68,63.16,10,16,13.0,13,15,4,3,3,4,1.25,7.4,1
2025-02-22,E0,15:00,Bournemouth,Wolves,A,A,M Salisbury,2024/2025,20.0,80.0,73.68,31.58,8,13,5.6,9,17,6,7,3,5,1.68,4.33,0
2025-03-15,E0,15:00,Southampton,Wolves,A,A,R Jones,2024/2025,100.0,80.0,73.68,68.42,10,5,2.1,13,12,5,1,3,3,4.19,3.53,1
2025-04-05,E0,15:00,Ipswich,Wolves,A,H,P Bankes,2024/2025,100.0,80.0,73.68,52.63,6,22,2.7,16,12,4,8,2,7,2.94,3.28,1
2025-04-20,E0,14:00,Man United,Wolves,A,D,R Jones,2024/2025,20.0,60.0,73.68,52.63,12,4,2.89,18,11,9,2,2,2,2.6,3.56,0
2025-05-02,E0,20:00,Man City,Wolves,H,H,P Bankes,2024/2025,60.0,40.0,73.68,73.68,9,6,9.8,11,7,4,5,2,1,1.36,5.7,0
2025-05-20,E0,20:00,Crystal Palace,Wolves,H,H,D Webb,2024/2025,40.0,60.0,73.68,47.37,14,12,3.33,8,14,0,10,10,3,2.44,3.5,1
2025-08-23,E0,15:00,Bournemouth,Wolves,H,H,T Bramall,2025/2026,0.0,0.0,0.0,0.0,14,6,4.6,16,13,8,3,4,1,1.87,3.9,0
