Date,Div,Time,HomeTeam,AwayTeam,FTR,HTR,Season,Last5HomeOver2.5Perc,Last5AwayOver2.5Perc,HomeOver2.5Perc,AwayOver2.5Perc,HS,AS,AF,HF,MaxCA,HC,AC,HST,AST,MaxCH,AY,Over2.5
2024-08-24,F1,18:00,Lille,Angers,H,H,2024/2025,0.0,0.0,58.82,17.65,11,5,17,9,11.0,3,2,6,2,1.39,2,0
2024-09-15,F1,16:00,Strasbourg,Angers,D,H,2024/2025,50.0,0.0,70.59,17.65,10,12,14,11,6.0,6,9,5,2,1.67,1,0
2024-10-04,F1,19:45,Marseille,Angers,D,D,2024/2025,33.33,0.0,64.71,17.65,13,8,9,12,13.0,9,3,4,3,1.29,0,0
2024-10-20,F1,16:00,Toulouse,Angers,D,A,2024/2025,40.0,0.0,47.06,17.65,18,8,9,11,8.3,8,2,6,4,1.53,4,0
2024-11-01,F1,18:00,Monaco,Angers,A,A,2024/2025,40.0,0.0,58.82,17.65,11,10,12,16,14.0,4,4,3,3,1.29,1,0
2024-11-24,F1,16:00,Auxerre,Angers,H,D,2024/2025,80.0,0.0,58.82,17.65,10,10,7,13,5.13,2,2,6,5,1.84,1,0
2024-12-01,F1,16:00,Le Havre,Angers,A,D,2024/2025,60.0,0.0,70.59,17.65,5,12,10,8,3.6,2,4,1,3,2.47,0,0
2024-12-15,F1,16:00,Rennes,Angers,H,H,2024/2025,40.0,0.0,47.06,17.65,7,3,12,18,6.14,2,1,4,0,1.67,1,0
2025-01-12,F1,16:15,Montpellier,Angers,A,A,2024/2025,100.0,20.0,70.59,17.65,8,21,15,11,3.92,3,3,3,8,2.16,2,1
2025-01-26,F1,16:15,Lens,Angers,H,D,2024/2025,40.0,20.0,35.29,17.65,16,2,10,16,7.69,4,4,4,0,1.54,1,0
2025-02-16,F1,16:15,Reims,Angers,A,A,2024/2025,40.0,20.0,35.29,17.65,16,10,6,13,4.58,1,4,4,3,1.99,1,0
2025-02-22,F1,18:00,St Etienne,Angers,D,A,2024/2025,40.0,40.0,52.94,17.65,19,13,16,13,3.1,4,3,8,4,2.54,0,1
2025-03-09,F1,14:00,Brest,Angers,H,H,2024/2025,80.0,40.0,52.94,17.65,19,7,8,14,5.82,6,6,7,1,1.74,1,0
2025-04-05,F1,16:00,Paris SG,Angers,H,D,2024/2025,60.0,20.0,76.47,17.65,20,5,12,7,21.0,5,1,6,0,1.15,3,0
2025-04-20,F1,16:15,Nice,Angers,H,H,2024/2025,40.0,40.0,52.94,17.65,22,5,8,10,8.7,4,2,8,2,1.43,1,1
2025-05-04,F1,14:00,Nantes,Angers,A,D,2024/2025,0.0,40.0,35.29,17.65,8,14,16,12,4.38,4,6,3,2,2.02,3,0
2025-05-17,F1,20:00,Lyon,Angers,H,D,2024/2025,80.0,20.0,64.71,17.65,21,13,13,10,15.63,8,8,4,3,1.18,3,0
2025-08-22,F1,19:45,Paris SG,Angers,H,D,2025/2026,0.0,0.0,0.0,0.0,21,3,9,3,41.0,12,0,4,0,1.08,0,0
2024-08-25,F1,16:00,Nantes,Auxerre,H,H,2024/2025,0.0,0.0,35.29,64.71,8,10,6,9,3.32,3,12,6,3,2.66,0,0
2024-09-01,F1,16:00,Le Havre,Auxerre,H,D,2024/2025,100.0,50.0,70.59,64.71,21,7,15,10,2.71,2,2,8,2,2.96,5,1
2024-09-22,F1,16:00,Montpellier,Auxerre,H,A,2024/2025,66.67,66.67,70.59,64.71,14,11,20,13,3.75,11,5,5,6,2.3,4,1
2024-10-05,F1,16:00,St Etienne,Auxerre,H,H,2024/2025,33.33,75.0,52.94,64.71,13,11,10,13,2.42,5,4,5,3,3.23,1,1
2024-10-27,F1,14:00,Lyon,Auxerre,D,H,2024/2025,60.0,80.0,64.71,64.71,12,17,14,7,6.8,5,4,8,4,1.49,4,1
2024-11-08,F1,19:45,Marseille,Auxerre,A,A,2024/2025,60.0,100.0,64.71,64.71,19,10,16,13,7.0,5,3,5,6,1.5,2,1
2024-12-01,F1,16:00,Toulouse,Auxerre,H,H,2024/2025,20.0,80.0,47.06,64.71,12,4,12,14,5.7,6,2,7,0,1.72,0,0
2025-01-05,F1,14:00,Strasbourg,Auxerre,H,D,2024/2025,80.0,80.0,70.59,64.71,11,14,13,10,4.4,4,3,4,7,1.88,2,1
2025-01-19,F1,16:15,Angers,Auxerre,H,H,2024/2025,60.0,60.0,47.06,64.71,12,10,10,9,3.48,4,2,4,4,2.36,1,0
2025-02-01,F1,18:00,Monaco,Auxerre,H,A,2024/2025,80.0,60.0,58.82,64.71,11,12,15,17,8.5,5,4,6,7,1.43,2,1
2025-02-14,F1,19:45,Brest,Auxerre,D,A,2024/2025,100.0,60.0,52.94,64.71,18,11,12,9,3.69,6,4,6,6,2.31,2,1
2025-03-09,F1,16:15,Reims,Auxerre,A,A,2024/2025,40.0,60.0,35.29,64.71,18,13,13,9,3.2,6,12,4,9,2.61,1,0
2025-03-14,F1,19:45,Nice,Auxerre,D,H,2024/2025,0.0,40.0,52.94,64.71,20,10,18,14,6.0,7,3,6,4,1.67,3,0
2025-04-06,F1,16:15,Rennes,Auxerre,A,D,2024/2025,20.0,40.0,47.06,64.71,18,11,5,10,4.38,8,5,5,3,1.95,0,0
2025-04-20,F1,14:00,Lille,Auxerre,H,H,2024/2025,60.0,40.0,58.82,64.71,15,7,13,8,9.47,8,4,9,3,1.38,2,1
2025-04-27,F1,16:15,Lens,Auxerre,A,A,2024/2025,40.0,40.0,35.29,64.71,16,12,13,12,5.9,8,1,5,8,1.59,4,1
2025-05-17,F1,20:00,Paris SG,Auxerre,H,A,2024/2025,80.0,60.0,76.47,64.71,21,7,9,10,22.2,5,2,9,2,1.14,2,1
2025-08-23,F1,18:00,Nice,Auxerre,H,H,2025/2026,50.0,100.0,50.0,50.0,16,12,15,10,4.5,5,4,6,8,1.88,2,1
2025-08-30,F1,18:00,Nantes,Auxerre,H,H,2025/2026,0.0,50.0,0.0,50.0,4,14,11,13,3.1,3,9,3,4,2.6,3,0
2023-08-20,F1,14:00,Le Havre,Brest,A,A,2023/2024,100.0,100.0,47.06,47.06,18,10,15,18,2.83,5,3,7,5,3.02,2,1
2023-08-26,F1,18:00,Marseille,Brest,H,H,2023/2024,50.0,50.0,52.94,47.06,15,18,8,4,7.0,3,10,6,7,1.54,1,0
2023-09-17,F1,14:00,Reims,Brest,A,H,2023/2024,50.0,66.67,47.06,47.06,13,18,11,7,4.4,8,8,7,7,2.06,4,1
2023-10-01,F1,14:00,Nice,Brest,D,D,2023/2024,0.0,50.0,35.29,47.06,12,7,9,13,5.1,6,4,1,2,1.85,3,0
2023-10-22,F1,14:00,Lille,Brest,H,H,2023/2024,25.0,40.0,52.94,47.06,6,9,13,12,5.0,3,5,4,1,1.91,3,0
2023-11-05,F1,16:05,Monaco,Brest,H,H,2023/2024,60.0,20.0,52.94,47.06,12,15,11,15,4.81,6,4,6,1,1.85,4,0
2023-11-26,F1,14:00,Montpellier,Brest,A,A,2023/2024,60.0,40.0,47.06,47.06,17,17,18,11,3.54,9,1,5,5,2.35,2,1
2023-12-10,F1,14:00,Metz,Brest,A,D,2023/2024,20.0,20.0,52.94,47.06,6,4,16,14,2.27,3,2,3,3,3.85,2,0
2023-12-17,F1,12:00,Nantes,Brest,A,D,2023/2024,0.0,20.0,47.06,47.06,12,14,8,15,2.98,4,3,4,8,2.84,3,0
2024-01-28,F1,19:45,Paris SG,Brest,D,H,2023/2024,100.0,40.0,82.35,47.06,10,9,10,12,8.0,7,0,4,6,1.46,3,1
2024-02-11,F1,14:00,Clermont,Brest,D,D,2023/2024,40.0,40.0,41.18,47.06,7,15,13,12,2.2,2,4,2,9,4.15,4,0
2024-02-24,F1,20:00,Strasbourg,Brest,A,A,2023/2024,100.0,40.0,64.71,47.06,6,15,10,21,2.9,0,4,2,8,2.85,0,1
2024-03-09,F1,20:00,Lens,Brest,H,H,2023/2024,40.0,40.0,41.18,47.06,6,9,10,13,3.92,2,4,2,3,2.25,2,0
2024-03-31,F1,12:00,Lorient,Brest,A,D,2023/2024,20.0,40.0,64.71,47.06,11,10,18,10,2.11,6,4,5,2,4.22,3,0
2024-04-14,F1,19:45,Lyon,Brest,H,H,2023/2024,40.0,40.0,58.82,47.06,16,22,7,12,4.05,10,7,8,7,2.15,5,1
2024-04-28,F1,16:05,Rennes,Brest,A,H,2023/2024,80.0,60.0,70.59,47.06,21,10,15,14,3.6,7,4,7,5,2.25,1,1
2024-05-19,F1,20:00,Toulouse,Brest,A,D,2023/2024,80.0,60.0,64.71,47.06,8,12,17,12,2.38,6,2,2,6,3.25,2,1
2024-08-25,F1,14:00,Lens,Brest,H,H,2024/2025,0.0,0.0,35.29,70.59,22,10,6,8,4.6,5,2,11,2,1.93,0,0
2024-09-14,F1,20:00,Paris SG,Brest,H,D,2024/2025,100.0,50.0,76.47,70.59,22,5,13,7,11.0,9,1,9,3,1.31,3,1
2024-09-27,F1,18:00,Auxerre,Brest,H,H,2024/2025,100.0,66.67,58.82,70.59,15,8,16,13,2.51,2,3,4,4,3.17,0,1
2024-10-26,F1,18:00,Reims,Brest,A,A,2024/2025,60.0,75.0,35.29,70.59,11,13,11,15,4.6,7,3,3,4,1.95,2,1
2024-11-10,F1,16:00,Montpellier,Brest,H,H,2024/2025,100.0,80.0,70.59,70.59,14,19,13,18,2.63,3,7,8,6,3.04,1,1
2024-11-22,F1,18:00,Monaco,Brest,H,H,2024/2025,60.0,100.0,58.82,70.59,10,12,12,7,6.59,2,8,4,4,1.6,2,1
2024-12-06,F1,18:00,Lille,Brest,H,H,2024/2025,60.0,100.0,58.82,70.59,10,7,16,13,6.3,2,1,6,3,1.77,1,1
2025-01-05,F1,14:00,Angers,Brest,H,H,2024/2025,80.0,80.0,47.06,70.59,7,12,11,14,2.39,2,4,2,4,3.65,1,0
2025-01-18,F1,18:00,Rennes,Brest,A,A,2024/2025,60.0,80.0,47.06,70.59,22,10,11,13,4.34,4,4,9,3,2.05,3,1
2025-01-26,F1,14:00,Le Havre,Brest,A,A,2024/2025,60.0,60.0,70.59,70.59,11,17,14,12,2.35,6,6,1,9,3.52,3,0
2025-02-07,F1,18:00,Nantes,Brest,A,A,2024/2025,20.0,40.0,35.29,70.59,15,10,13,15,3.21,12,4,2,6,2.67,2,0
2025-02-23,F1,16:15,Strasbourg,Brest,D,D,2024/2025,40.0,20.0,70.59,70.59,3,12,12,12,3.65,1,8,1,2,2.28,1,0
2025-03-02,F1,14:00,Lyon,Brest,H,D,2024/2025,60.0,40.0,64.71,70.59,10,15,12,16,5.0,2,5,4,5,1.77,1,1
2025-03-30,F1,14:00,Toulouse,Brest,A,A,2024/2025,40.0,40.0,47.06,70.59,17,10,18,10,4.07,10,3,4,5,2.1,5,1
2025-04-13,F1,14:00,St Etienne,Brest,D,A,2024/2025,80.0,60.0,52.94,70.59,9,14,18,21,2.07,7,9,4,6,3.81,4,1
2025-04-27,F1,19:45,Marseille,Brest,H,H,2024/2025,60.0,80.0,64.71,70.59,11,9,16,14,8.54,4,3,7,4,1.4,4,1
2025-05-17,F1,20:00,Nice,Brest,H,H,2024/2025,60.0,100.0,52.94,70.59,18,10,12,13,6.25,5,2,9,1,1.54,5,1
2025-08-24,F1,16:15,Toulouse,Brest,H,D,2025/2026,0.0,0.0,50.0,50.0,6,16,10,14,3.33,3,9,3,2,2.3,1,0
2025-08-29,F1,19:45,Lens,Brest,H,A,2025/2026,50.0,50.0,50.0,50.0,30,9,12,7,4.1,15,1,10,2,2.0,3,1
2023-08-20,F1,14:00,Reims,Clermont,H,H,2023/2024,0.0,0.0,47.06,58.82,8,11,6,9,4.46,3,10,4,4,1.95,0,0
2023-09-03,F1,12:00,Toulouse,Clermont,D,H,2023/2024,50.0,50.0,64.71,58.82,9,15,17,19,3.51,0,8,5,3,2.29,3,1
2023-09-24,F1,14:00,Le Havre,Clermont,H,H,2023/2024,100.0,66.67,47.06,58.82,9,11,17,15,3.3,1,3,3,4,2.58,3,1
2023-10-22,F1,19:45,Lyon,Clermont,A,A,2023/2024,80.0,75.0,58.82,58.82,25,12,12,16,4.47,10,3,6,5,1.96,6,1
2023-11-05,F1,14:00,Strasbourg,Clermont,D,D,2023/2024,40.0,60.0,64.71,58.82,18,10,5,11,3.46,4,6,5,2,2.46,0,0
2023-11-29,F1,18:00,Montpellier,Clermont,D,A,2023/2024,40.0,60.0,47.06,58.82,32,5,14,23,4.58,8,0,10,1,1.96,4,0
2023-12-03,F1,14:00,Brest,Clermont,H,H,2023/2024,40.0,60.0,29.41,58.82,12,10,17,11,5.4,4,2,7,1,1.79,2,1
2023-12-17,F1,16:05,Marseille,Clermont,H,H,2023/2024,60.0,60.0,52.94,58.82,15,5,14,12,7.52,4,1,6,2,1.53,3,1
2024-01-14,F1,14:00,Nantes,Clermont,A,A,2023/2024,20.0,60.0,47.06,58.82,20,15,5,10,4.33,11,5,9,6,1.96,1,1
2024-02-04,F1,14:00,Lille,Clermont,H,H,2023/2024,40.0,80.0,52.94,58.82,23,4,10,8,8.5,12,1,13,3,1.46,1,1
2024-02-18,F1,14:00,Rennes,Clermont,H,H,2023/2024,80.0,100.0,70.59,58.82,16,14,10,9,6.25,4,4,8,5,1.64,0,1
2024-02-25,F1,14:00,Nice,Clermont,D,D,2023/2024,40.0,80.0,35.29,58.82,23,13,12,8,9.0,8,1,4,5,1.48,1,0
2024-03-10,F1,14:00,Metz,Clermont,H,H,2023/2024,40.0,60.0,52.94,58.82,11,13,10,10,3.69,5,7,2,6,2.23,3,0
2024-04-06,F1,20:00,Paris SG,Clermont,D,A,2023/2024,60.0,40.0,82.35,58.82,23,6,7,11,11.0,17,2,7,3,1.37,0,0
2024-04-20,F1,20:00,Lens,Clermont,H,H,2023/2024,40.0,20.0,41.18,58.82,17,8,17,17,9.59,4,3,4,1,1.43,4,0
2024-05-04,F1,16:00,Monaco,Clermont,H,H,2023/2024,40.0,20.0,52.94,58.82,23,9,12,13,9.0,4,4,8,1,1.33,1,1
2024-05-19,F1,20:00,Lorient,Clermont,H,H,2023/2024,60.0,40.0,64.71,58.82,32,9,8,20,5.21,9,2,10,4,1.68,3,1
2023-08-13,F1,14:00,Montpellier,Le Havre,D,A,2023/2024,100.0,100.0,47.06,52.94,15,12,12,8,5.5,5,2,5,4,1.82,2,1
2023-08-27,F1,12:00,Rennes,Le Havre,D,H,2023/2024,100.0,100.0,70.59,52.94,22,7,7,5,7.5,5,2,8,3,1.57,2,1
2023-09-17,F1,19:45,Lyon,Le Havre,D,D,2023/2024,66.67,66.67,58.82,52.94,23,7,12,13,5.2,6,1,7,0,1.75,2,0
2023-10-08,F1,12:00,Marseille,Le Havre,H,H,2023/2024,50.0,75.0,52.94,52.94,14,7,16,6,7.5,4,3,6,1,1.54,3,1
2023-10-29,F1,14:00,Metz,Le Havre,D,D,2023/2024,40.0,60.0,52.94,52.94,9,12,15,13,2.75,5,6,3,1,3.03,2,0
2023-11-05,F1,14:00,Toulouse,Le Havre,A,D,2023/2024,60.0,60.0,64.71,52.94,17,15,12,9,4.1,4,6,5,7,2.13,2,1
2023-11-26,F1,14:00,Nantes,Le Havre,D,D,2023/2024,20.0,40.0,47.06,52.94,19,6,17,10,4.7,10,5,3,0,2.07,2,0
2023-12-10,F1,14:00,Strasbourg,Le Havre,H,H,2023/2024,40.0,60.0,64.71,52.94,12,15,15,14,3.64,4,3,3,3,2.45,1,1
2023-12-20,F1,20:00,Reims,Le Havre,H,H,2023/2024,60.0,40.0,47.06,52.94,22,4,6,7,5.08,6,2,7,1,1.78,1,0
2024-01-28,F1,14:00,Lorient,Le Havre,D,D,2023/2024,80.0,60.0,64.71,52.94,13,14,21,15,2.61,1,4,6,5,3.34,4,1
2024-02-04,F1,12:00,Monaco,Le Havre,D,D,2023/2024,20.0,40.0,52.94,52.94,17,3,11,16,6.13,9,4,5,0,1.62,2,0
2024-02-17,F1,16:00,Lille,Le Havre,H,H,2023/2024,60.0,60.0,52.94,52.94,17,6,17,11,8.0,1,3,8,2,1.51,3,1
2024-03-03,F1,14:00,Brest,Le Havre,H,H,2023/2024,20.0,40.0,29.41,52.94,8,11,15,21,6.91,0,2,4,2,1.66,1,0
2024-03-17,F1,14:00,Clermont,Le Havre,H,H,2023/2024,60.0,60.0,41.18,52.94,9,14,17,13,2.84,3,5,4,5,2.91,5,1
2024-04-06,F1,16:00,Lens,Le Havre,D,D,2023/2024,60.0,40.0,41.18,52.94,18,11,10,13,7.8,7,4,8,3,1.52,5,0
2024-04-27,F1,20:00,Paris SG,Le Havre,D,A,2023/2024,60.0,60.0,82.35,52.94,17,6,8,10,9.27,11,2,4,4,1.36,1,1
2024-05-10,F1,20:00,Nice,Le Havre,H,H,2023/2024,60.0,40.0,35.29,52.94,13,12,9,10,6.75,6,1,6,3,1.58,0,0
2024-08-24,F1,20:00,St Etienne,Le Havre,A,D,2024/2025,0.0,0.0,52.94,52.94,18,14,9,11,4.2,2,4,5,5,2.11,3,0
2024-09-15,F1,16:00,Toulouse,Le Havre,H,D,2024/2025,33.33,0.0,47.06,52.94,15,5,11,10,4.5,6,5,7,3,1.97,1,0
2024-09-22,F1,14:00,Monaco,Le Havre,H,D,2024/2025,33.33,33.33,58.82,52.94,14,9,17,10,8.5,6,4,4,2,1.46,3,1
2024-10-06,F1,16:00,Brest,Le Havre,H,H,2024/2025,50.0,25.0,52.94,52.94,8,14,11,19,4.8,1,9,3,0,1.92,0,0
2024-10-25,F1,19:45,Rennes,Le Havre,H,D,2024/2025,60.0,20.0,47.06,52.94,20,5,7,10,8.1,14,0,4,1,1.56,4,0
2024-11-24,F1,16:00,Nantes,Le Havre,A,A,2024/2025,60.0,20.0,35.29,52.94,18,7,12,14,5.13,9,2,4,5,1.98,1,0
2024-12-07,F1,18:00,Nice,Le Havre,H,D,2024/2025,80.0,40.0,52.94,52.94,17,12,10,10,6.5,5,8,5,2,1.62,2,1
2025-01-05,F1,19:45,Marseille,Le Havre,H,H,2024/2025,80.0,40.0,64.71,52.94,15,4,6,12,11.5,4,0,9,1,1.34,0,1
2025-01-19,F1,16:15,Reims,Le Havre,D,H,2024/2025,20.0,40.0,35.29,52.94,11,7,8,9,5.72,6,6,3,2,1.69,2,0
2025-02-02,F1,16:15,Angers,Le Havre,D,D,2024/2025,40.0,40.0,47.06,52.94,17,13,19,8,4.97,4,2,2,5,1.92,4,0
2025-02-08,F1,18:00,Lille,Le Havre,A,A,2024/2025,80.0,60.0,58.82,52.94,14,14,8,16,14.5,8,10,5,6,1.28,1,1
2025-03-01,F1,18:00,Lens,Le Havre,A,D,2024/2025,40.0,60.0,35.29,52.94,20,8,11,12,9.5,9,2,7,4,1.45,2,1
2025-03-16,F1,14:00,Lyon,Le Havre,H,A,2024/2025,80.0,60.0,64.71,52.94,16,14,12,20,11.0,4,1,7,5,1.3,3,1
2025-04-06,F1,16:15,Montpellier,Le Havre,A,A,2024/2025,40.0,60.0,70.59,52.94,14,13,7,15,2.93,5,2,6,4,2.58,1,0
2025-04-19,F1,16:00,Paris SG,Le Havre,H,H,2024/2025,80.0,80.0,76.47,52.94,18,9,10,7,16.0,7,3,11,1,1.21,0,1
2025-05-04,F1,16:15,Auxerre,Le Havre,A,D,2024/2025,60.0,80.0,58.82,52.94,4,11,10,11,2.95,0,9,1,5,2.5,1,1
2025-05-17,F1,20:00,Strasbourg,Le Havre,A,D,2024/2025,100.0,80.0,70.59,52.94,6,10,8,18,6.0,4,3,4,5,1.57,0,1
2025-08-16,F1,18:00,Monaco,Le Havre,H,H,2025/2026,100.0,100.0,100.0,100.0,13,9,14,5,13.0,5,4,3,4,1.23,1,1
2023-08-13,F1,12:00,Brest,Lens,H,A,2023/2024,100.0,100.0,29.41,47.06,15,10,15,13,2.24,6,8,8,2,3.92,3,1
2023-08-26,F1,20:00,Paris SG,Lens,H,H,2023/2024,50.0,100.0,82.35,47.06,17,12,16,8,5.75,5,5,7,4,1.68,5,1
2023-09-02,F1,20:00,Monaco,Lens,H,H,2023/2024,100.0,100.0,52.94,47.06,11,12,16,21,3.79,5,2,6,1,2.08,2,1
2023-09-29,F1,20:00,Strasbourg,Lens,A,A,2023/2024,50.0,75.0,64.71,47.06,8,9,15,16,2.1,2,3,2,2,4.08,4,0
2023-10-20,F1,20:00,Le Havre,Lens,D,D,2023/2024,60.0,60.0,47.06,47.06,14,13,9,16,1.95,3,3,5,7,4.8,3,0
2023-11-04,F1,16:00,Lorient,Lens,D,D,2023/2024,80.0,40.0,64.71,47.06,7,14,14,10,1.9,1,5,2,7,4.85,3,0
2023-11-25,F1,16:00,Clermont,Lens,A,A,2023/2024,20.0,40.0,41.18,47.06,13,16,17,16,2.07,2,4,4,10,4.1,3,1
2023-12-08,F1,20:00,Montpellier,Lens,D,D,2023/2024,40.0,20.0,47.06,47.06,18,13,11,16,2.22,4,3,4,5,3.75,3,0
2023-12-20,F1,20:00,Nice,Lens,H,D,2023/2024,20.0,20.0,35.29,47.06,14,10,11,14,3.59,5,6,5,3,2.42,2,0
2024-01-28,F1,16:05,Toulouse,Lens,A,A,2023/2024,40.0,20.0,64.71,47.06,13,13,14,11,2.22,10,7,4,5,3.72,3,0
2024-02-03,F1,20:00,Nantes,Lens,A,D,2023/2024,20.0,20.0,47.06,47.06,7,12,11,16,2.17,2,3,2,4,3.83,2,0
2024-02-18,F1,16:05,Reims,Lens,D,D,2023/2024,40.0,0.0,47.06,47.06,11,9,9,15,3.61,3,2,2,1,2.48,2,0
2024-03-03,F1,19:45,Lyon,Lens,A,A,2023/2024,40.0,20.0,58.82,47.06,13,18,15,5,2.94,2,4,4,8,2.7,2,1
2024-03-29,F1,20:00,Lille,Lens,H,H,2023/2024,100.0,40.0,52.94,47.06,15,9,17,13,3.78,5,5,6,3,2.21,3,1
2024-04-12,F1,20:00,Metz,Lens,H,H,2023/2024,80.0,60.0,52.94,47.06,11,17,17,11,1.63,5,2,5,2,6.5,5,1
2024-04-28,F1,20:00,Marseille,Lens,H,H,2023/2024,60.0,80.0,52.94,47.06,13,18,12,8,3.36,3,11,6,5,2.28,2,1
2024-05-12,F1,20:00,Rennes,Lens,D,D,2023/2024,60.0,80.0,70.59,47.06,16,8,14,12,3.18,4,3,6,4,2.32,3,0
2024-08-18,F1,16:00,Angers,Lens,A,A,2024/2025,0.0,0.0,47.06,35.29,4,10,10,6,1.61,7,3,3,5,7.42,0,0
2024-09-01,F1,14:00,Monaco,Lens,D,D,2024/2025,0.0,0.0,58.82,35.29,14,12,21,11,3.97,7,7,3,4,2.08,4,0
2024-09-21,F1,18:00,Rennes,Lens,D,H,2024/2025,66.67,0.0,47.06,35.29,11,10,20,16,3.12,4,3,6,2,2.48,4,0
2024-10-06,F1,16:00,Strasbourg,Lens,D,A,2024/2025,50.0,25.0,70.59,35.29,8,12,18,15,2.72,3,5,5,5,2.87,4,1
2024-10-19,F1,18:00,St Etienne,Lens,A,A,2024/2025,25.0,20.0,52.94,35.29,15,13,16,12,1.58,2,7,1,5,6.06,2,0
2024-11-02,F1,16:00,Paris SG,Lens,H,H,2024/2025,80.0,20.0,76.47,35.29,18,13,20,3,8.3,7,4,8,2,1.46,5,0
2024-11-29,F1,19:45,Reims,Lens,A,A,2024/2025,40.0,20.0,35.29,35.29,16,11,12,14,2.38,3,1,3,6,3.26,2,0
2024-12-14,F1,18:00,Auxerre,Lens,D,A,2024/2025,60.0,40.0,58.82,35.29,10,16,10,10,2.05,3,5,3,5,4.81,1,1
2025-01-12,F1,14:00,Le Havre,Lens,A,D,2024/2025,60.0,40.0,70.59,35.29,8,25,14,11,1.6,3,8,4,7,6.61,2,1
2025-01-31,F1,19:45,Montpellier,Lens,A,A,2024/2025,80.0,40.0,70.59,35.29,14,19,17,12,1.9,4,5,2,5,4.39,3,0
2025-02-08,F1,16:00,Nice,Lens,H,H,2024/2025,60.0,40.0,52.94,35.29,16,12,19,6,3.05,7,3,8,3,2.48,4,0
2025-02-23,F1,14:00,Nantes,Lens,H,H,2024/2025,40.0,60.0,35.29,35.29,17,14,18,13,2.23,2,11,8,4,3.73,4,1
2025-03-08,F1,20:05,Marseille,Lens,A,D,2024/2025,40.0,40.0,64.71,35.29,15,3,12,15,6.8,7,0,6,2,1.57,1,0
2025-03-30,F1,19:45,Lille,Lens,H,H,2024/2025,60.0,20.0,58.82,35.29,11,5,15,13,4.28,6,2,5,2,2.11,3,0
2025-04-20,F1,16:15,Brest,Lens,A,A,2024/2025,60.0,40.0,52.94,35.29,11,17,11,11,3.05,7,6,5,9,2.53,0,1
2025-05-04,F1,16:15,Lyon,Lens,A,A,2024/2025,100.0,60.0,64.71,35.29,18,8,12,8,6.8,8,2,4,3,1.48,3,1
2025-05-10,F1,20:00,Toulouse,Lens,D,D,2024/2025,60.0,40.0,47.06,35.29,9,12,12,17,3.31,2,1,6,2,2.3,5,0
2025-08-24,F1,16:15,Le Havre,Lens,A,A,2025/2026,100.0,100.0,100.0,100.0,18,6,16,17,1.88,7,0,6,3,4.65,1,1
2023-08-11,F1,20:00,Nice,Lille,D,H,2023/2024,0.0,0.0,35.29,41.18,8,12,9,13,2.99,3,3,3,5,2.62,2,0
2023-08-27,F1,16:05,Lorient,Lille,H,H,2023/2024,50.0,50.0,64.71,41.18,9,18,12,22,2.0,5,8,6,7,4.1,4,1
2023-09-16,F1,16:00,Rennes,Lille,D,A,2023/2024,100.0,66.67,70.59,41.18,7,10,16,11,3.75,5,2,4,6,2.18,4,1
2023-10-01,F1,14:00,Le Havre,Lille,A,A,2023/2024,75.0,50.0,47.06,41.18,5,16,6,18,1.88,6,6,0,6,4.9,0,0
2023-10-08,F1,16:05,Lens,Lille,D,A,2023/2024,25.0,40.0,41.18,41.18,14,8,16,14,3.18,8,5,5,3,2.47,4,0
2023-11-04,F1,20:00,Marseille,Lille,D,D,2023/2024,40.0,40.0,52.94,41.18,8,10,12,10,4.35,2,8,3,1,2.02,3,0
2023-11-26,F1,19:45,Lyon,Lille,A,A,2023/2024,40.0,20.0,58.82,41.18,11,15,5,17,2.48,3,5,5,8,3.11,2,0
2023-12-10,F1,14:00,Clermont,Lille,D,D,2023/2024,20.0,0.0,41.18,41.18,16,12,9,18,2.03,3,6,5,3,4.9,2,0
2023-12-20,F1,20:00,Strasbourg,Lille,H,D,2023/2024,60.0,20.0,64.71,41.18,9,9,10,19,2.13,6,5,2,2,3.9,2,1
2024-01-28,F1,12:00,Montpellier,Lille,D,D,2023/2024,20.0,20.0,47.06,41.18,12,12,16,13,2.09,5,2,7,0,4.15,3,0
2024-02-10,F1,20:00,Paris SG,Lille,H,H,2023/2024,100.0,40.0,82.35,41.18,16,10,10,12,5.05,6,8,8,3,1.91,3,1
2024-02-25,F1,14:00,Toulouse,Lille,H,A,2023/2024,60.0,60.0,64.71,41.18,14,12,10,20,2.13,6,8,4,2,4.2,0,1
2024-03-02,F1,16:00,Reims,Lille,A,D,2023/2024,20.0,60.0,47.06,41.18,8,8,14,12,2.66,4,4,3,3,3.06,2,0
2024-03-17,F1,12:00,Brest,Lille,D,D,2023/2024,0.0,40.0,29.41,41.18,16,13,12,9,3.25,3,3,4,8,2.64,0,0
2024-04-24,F1,20:00,Monaco,Lille,H,D,2023/2024,40.0,40.0,52.94,41.18,19,13,9,9,2.93,7,5,7,4,2.5,2,0
2024-04-28,F1,12:00,Metz,Lille,A,A,2023/2024,80.0,40.0,52.94,41.18,5,14,12,15,1.68,2,4,2,4,6.03,2,1
2024-05-12,F1,20:00,Nantes,Lille,A,A,2023/2024,80.0,40.0,47.06,41.18,9,12,7,17,1.85,5,4,5,3,5.26,2,1
2024-08-17,F1,18:00,Reims,Lille,A,A,2024/2025,0.0,0.0,35.29,41.18,2,21,13,6,2.66,0,8,0,6,3.03,2,0
2024-09-13,F1,19:45,St Etienne,Lille,H,H,2024/2025,0.0,0.0,52.94,41.18,10,17,10,12,1.75,2,7,5,4,5.57,1,0
2024-09-28,F1,18:00,Le Havre,Lille,A,A,2024/2025,100.0,33.33,70.59,41.18,7,18,9,11,1.97,1,5,4,10,4.5,1,1
2024-10-18,F1,19:45,Monaco,Lille,D,D,2024/2025,40.0,25.0,58.82,41.18,14,3,14,13,3.93,6,1,4,1,2.15,5,0
2024-10-26,F1,20:00,Lens,Lille,A,D,2024/2025,0.0,20.0,35.29,41.18,11,11,14,16,3.89,8,2,4,3,2.2,4,0
2024-11-10,F1,14:00,Nice,Lille,D,A,2024/2025,60.0,40.0,52.94,41.18,17,13,9,12,3.36,6,2,5,6,2.4,2,1
2024-12-01,F1,14:00,Montpellier,Lille,D,D,2024/2025,100.0,60.0,70.59,41.18,11,13,21,9,1.88,7,2,5,4,5.16,5,1
2024-12-14,F1,16:00,Marseille,Lille,D,H,2024/2025,60.0,40.0,64.71,41.18,9,10,9,14,3.73,3,8,3,5,2.25,3,0
2025-01-10,F1,20:05,Auxerre,Lille,D,D,2024/2025,40.0,40.0,58.82,41.18,13,13,8,7,1.8,6,10,3,5,5.15,4,0
2025-01-25,F1,18:00,Strasbourg,Lille,H,A,2024/2025,80.0,60.0,70.59,41.18,11,15,9,10,2.58,6,7,7,6,3.15,2,1
2025-02-16,F1,19:45,Rennes,Lille,A,D,2024/2025,40.0,40.0,47.06,41.18,4,18,18,9,2.65,4,8,0,7,3.17,1,0
2025-03-01,F1,20:05,Paris SG,Lille,H,H,2024/2025,80.0,40.0,76.47,41.18,26,6,10,6,9.5,9,3,11,2,1.4,1,1
2025-03-15,F1,16:00,Nantes,Lille,H,D,2024/2025,20.0,40.0,35.29,41.18,10,13,15,9,2.03,3,5,3,4,4.54,3,0
2025-04-05,F1,20:05,Lyon,Lille,H,D,2024/2025,100.0,60.0,64.71,41.18,10,10,14,15,3.25,1,3,4,4,2.36,2,1
2025-04-12,F1,18:00,Toulouse,Lille,A,A,2024/2025,40.0,60.0,47.06,41.18,10,6,11,15,2.43,4,2,5,3,3.41,2,1
2025-04-27,F1,14:00,Angers,Lille,A,A,2024/2025,40.0,60.0,47.06,41.18,6,9,10,17,1.49,7,2,3,5,7.67,5,0
2025-05-10,F1,20:00,Brest,Lille,H,H,2024/2025,40.0,40.0,52.94,41.18,12,18,14,6,1.74,3,7,4,2,5.0,1,0
2025-08-17,F1,14:00,Brest,Lille,D,A,2025/2026,100.0,100.0,100.0,100.0,18,10,13,11,3.13,2,2,5,6,2.55,1,1
2025-08-30,F1,16:00,Lorient,Lille,A,D,2025/2026,100.0,100.0,100.0,100.0,6,20,18,14,2.21,3,8,2,11,3.33,3,1
2023-08-12,F1,20:00,Paris SG,Lorient,D,D,2023/2024,0.0,0.0,82.35,64.71,20,4,6,8,8.5,9,2,4,0,1.44,0,0
2023-09-03,F1,14:00,Le Havre,Lorient,H,D,2023/2024,100.0,50.0,47.06,64.71,17,9,7,10,3.25,5,4,6,2,2.7,0,1
2023-09-23,F1,16:00,Nantes,Lorient,H,D,2023/2024,75.0,66.67,47.06,64.71,19,10,17,8,3.5,4,2,9,7,2.4,3,1
2023-10-08,F1,14:00,Lyon,Lorient,D,H,2023/2024,75.0,75.0,58.82,64.71,9,6,10,22,4.9,5,2,6,5,1.81,0,1
2023-10-28,F1,16:00,Reims,Lorient,H,D,2023/2024,40.0,60.0,47.06,64.71,12,9,7,16,5.0,4,4,5,1,1.81,3,0
2023-11-12,F1,14:00,Clermont,Lorient,H,D,2023/2024,0.0,60.0,41.18,64.71,17,10,10,15,3.63,5,4,6,3,2.31,2,0
2023-12-03,F1,14:00,Toulouse,Lorient,D,D,2023/2024,60.0,40.0,64.71,64.71,11,11,10,16,4.44,3,4,6,5,2.08,4,0
2023-12-20,F1,20:00,Brest,Lorient,H,H,2023/2024,60.0,40.0,29.41,64.71,12,7,17,8,5.6,1,0,7,3,1.75,2,1
2024-01-14,F1,12:00,Lille,Lorient,H,H,2023/2024,20.0,40.0,52.94,64.71,24,1,22,10,13.0,7,1,10,0,1.33,4,1
2024-02-04,F1,14:00,Metz,Lorient,A,D,2023/2024,40.0,60.0,52.94,64.71,10,12,13,12,4.5,4,3,3,4,2.28,1,1
2024-02-18,F1,12:00,Strasbourg,Lorient,A,A,2023/2024,80.0,80.0,64.71,64.71,18,13,12,13,5.5,9,4,4,6,1.75,1,1
2024-03-03,F1,16:05,Rennes,Lorient,A,D,2023/2024,80.0,100.0,70.59,64.71,22,12,9,12,8.0,6,3,6,6,1.52,2,1
2024-03-17,F1,14:00,Monaco,Lorient,D,D,2023/2024,60.0,100.0,52.94,64.71,23,11,8,21,8.5,10,8,8,6,1.4,1,1
2024-04-07,F1,14:00,Montpellier,Lorient,H,D,2023/2024,80.0,80.0,47.06,64.71,13,19,18,11,4.3,5,7,5,5,1.85,6,0
2024-04-19,F1,20:00,Nice,Lorient,H,H,2023/2024,80.0,80.0,35.29,64.71,19,9,7,11,6.5,2,3,10,4,1.59,2,1
2024-05-03,F1,20:00,Lens,Lorient,H,D,2023/2024,20.0,60.0,41.18,64.71,18,11,14,10,7.5,4,4,6,5,1.47,2,0
2024-05-12,F1,20:00,Marseille,Lorient,H,H,2023/2024,60.0,60.0,52.94,64.71,13,14,6,9,7.44,9,5,4,3,1.52,4,1
2025-08-17,F1,16:15,Auxerre,Lorient,H,D,2025/2026,0.0,0.0,0.0,0.0,7,14,14,18,3.0,4,5,3,3,2.55,2,0
2023-08-13,F1,19:45,Strasbourg,Lyon,H,D,2023/2024,100.0,100.0,64.71,58.82,8,23,11,8,2.83,1,6,2,7,2.68,2,1
2023-08-27,F1,19:45,Nice,Lyon,D,D,2023/2024,0.0,50.0,35.29,58.82,21,6,14,8,3.9,7,2,4,1,2.1,4,0
2023-09-23,F1,20:00,Brest,Lyon,H,D,2023/2024,33.33,33.33,29.41,58.82,27,6,16,17,2.75,10,1,11,3,2.89,1,0
2023-10-01,F1,12:00,Reims,Lyon,H,H,2023/2024,33.33,25.0,47.06,58.82,8,11,14,19,4.05,1,5,3,6,2.07,2,0
2023-11-12,F1,16:05,Rennes,Lyon,A,D,2023/2024,60.0,20.0,70.59,58.82,8,12,18,5,4.32,6,9,2,5,1.96,1,0
2023-12-02,F1,16:00,Lens,Lyon,H,D,2023/2024,60.0,20.0,41.18,58.82,10,12,14,11,5.4,3,6,7,7,1.8,0,1
2023-12-06,F1,20:00,Marseille,Lyon,H,H,2023/2024,40.0,40.0,52.94,58.82,12,6,11,14,4.61,10,3,5,1,2.0,2,1
2023-12-15,F1,20:00,Monaco,Lyon,A,D,2023/2024,40.0,40.0,52.94,58.82,19,5,12,13,4.75,6,1,4,2,1.82,2,0
2024-01-14,F1,16:05,Le Havre,Lyon,H,H,2023/2024,40.0,60.0,47.06,58.82,14,9,4,15,2.55,3,7,7,2,3.43,0,1
2024-02-11,F1,16:05,Montpellier,Lyon,A,H,2023/2024,20.0,80.0,47.06,58.82,15,19,11,11,2.69,1,5,8,5,2.97,2,1
2024-02-23,F1,20:00,Metz,Lyon,A,D,2023/2024,40.0,80.0,52.94,58.82,15,11,12,13,2.04,4,3,4,5,4.41,2,1
2024-03-09,F1,16:00,Lorient,Lyon,A,D,2023/2024,40.0,60.0,64.71,58.82,9,13,7,10,2.21,4,7,0,6,3.66,0,0
2024-03-15,F1,20:00,Toulouse,Lyon,A,A,2023/2024,80.0,80.0,64.71,58.82,13,18,12,18,2.77,5,3,5,6,2.88,2,1
2024-04-07,F1,19:45,Nantes,Lyon,A,H,2023/2024,40.0,80.0,47.06,58.82,14,19,14,8,2.25,5,5,6,10,3.71,2,1
2024-04-21,F1,20:00,Paris SG,Lyon,H,H,2023/2024,60.0,80.0,82.35,58.82,14,16,10,9,6.0,4,10,6,6,1.65,0,1
2024-05-06,F1,20:00,Lille,Lyon,A,H,2023/2024,80.0,80.0,52.94,58.82,8,11,14,14,3.51,4,4,5,7,2.11,1,1
2024-05-12,F1,20:00,Clermont,Lyon,A,D,2023/2024,60.0,80.0,41.18,58.82,18,6,12,8,1.69,7,2,5,2,5.3,2,0
2024-08-18,F1,19:45,Rennes,Lyon,H,H,2024/2025,100.0,100.0,47.06,64.71,22,16,12,13,3.21,7,7,8,2,2.44,1,1
2024-09-15,F1,19:45,Lens,Lyon,D,D,2024/2025,0.0,50.0,35.29,64.71,12,8,11,12,4.4,5,8,5,3,1.84,0,0
2024-09-29,F1,14:00,Toulouse,Lyon,A,D,2024/2025,50.0,66.67,47.06,64.71,10,4,15,12,3.05,3,4,4,1,2.5,2,1
2024-10-20,F1,14:00,Le Havre,Lyon,A,A,2024/2025,100.0,75.0,70.59,64.71,7,16,11,17,1.75,4,6,1,8,5.12,4,1
2024-11-01,F1,20:00,Lille,Lyon,D,H,2024/2025,60.0,60.0,58.82,64.71,14,14,10,12,3.23,4,9,2,3,2.28,1,0
2024-11-23,F1,20:00,Reims,Lyon,D,A,2024/2025,60.0,40.0,35.29,64.71,14,13,13,11,2.33,4,2,6,7,3.29,0,0
2024-12-07,F1,20:00,Angers,Lyon,A,A,2024/2025,80.0,60.0,47.06,64.71,10,16,13,13,1.7,2,7,2,10,5.56,2,1
2024-12-15,F1,19:45,Paris SG,Lyon,H,H,2024/2025,60.0,60.0,76.47,64.71,13,7,8,7,8.0,4,3,6,3,1.43,3,1
2025-01-11,F1,16:00,Brest,Lyon,H,H,2024/2025,60.0,60.0,52.94,64.71,11,10,10,10,2.27,4,7,6,3,3.7,2,1
2025-01-26,F1,16:15,Nantes,Lyon,D,A,2024/2025,40.0,60.0,35.29,64.71,7,15,11,14,1.93,4,8,5,4,4.33,1,0
2025-02-02,F1,19:45,Marseille,Lyon,H,D,2024/2025,60.0,80.0,64.71,64.71,20,10,10,13,3.61,6,2,11,4,2.12,1,1
2025-02-16,F1,14:00,Montpellier,Lyon,A,D,2024/2025,80.0,80.0,70.59,64.71,11,9,12,14,1.6,7,4,4,6,5.62,1,1
2025-03-09,F1,19:45,Nice,Lyon,A,D,2024/2025,20.0,60.0,52.94,64.71,18,8,11,12,3.68,9,2,4,5,2.23,2,0
2025-03-28,F1,19:45,Strasbourg,Lyon,H,D,2024/2025,60.0,60.0,70.59,64.71,14,16,15,12,2.62,6,5,7,11,2.85,2,1
2025-04-13,F1,19:45,Auxerre,Lyon,A,D,2024/2025,60.0,80.0,58.82,64.71,14,13,9,11,1.86,3,6,3,7,4.41,1,1
2025-04-20,F1,19:45,St Etienne,Lyon,H,H,2024/2025,100.0,80.0,52.94,64.71,18,14,13,12,1.64,8,6,6,2,5.1,4,1
2025-05-10,F1,20:00,Monaco,Lyon,H,D,2024/2025,60.0,60.0,58.82,64.71,11,9,18,16,4.0,3,5,5,4,1.86,4,0
2025-08-16,F1,16:00,Lens,Lyon,A,A,2025/2026,0.0,0.0,50.0,0.0,18,11,20,13,2.9,13,8,5,3,2.54,3,0
2023-08-18,F1,20:00,Metz,Marseille,D,A,2023/2024,100.0,100.0,52.94,47.06,10,22,9,15,1.77,4,9,5,5,5.14,2,1
2023-09-01,F1,20:00,Nantes,Marseille,D,D,2023/2024,66.67,50.0,47.06,47.06,10,26,13,7,1.65,2,7,2,9,5.81,2,0
2023-09-24,F1,19:45,Paris SG,Marseille,H,H,2023/2024,75.0,66.67,82.35,47.06,15,6,14,11,6.8,8,3,5,0,1.58,3,1
2023-09-30,F1,20:00,Monaco,Marseille,H,D,2023/2024,75.0,75.0,52.94,47.06,10,8,15,17,2.93,2,6,7,4,2.57,4,1
2023-10-21,F1,20:00,Nice,Marseille,H,D,2023/2024,0.0,60.0,35.29,47.06,10,9,6,13,3.43,4,2,2,1,2.43,3,0
2023-11-12,F1,19:45,Lens,Marseille,H,D,2023/2024,40.0,40.0,41.18,47.06,14,8,15,19,3.39,4,5,3,2,2.46,2,0
2023-11-25,F1,20:00,Strasbourg,Marseille,D,D,2023/2024,40.0,40.0,64.71,47.06,15,16,16,14,1.97,7,11,7,3,4.34,2,0
2023-12-10,F1,19:45,Lorient,Marseille,A,A,2023/2024,80.0,40.0,64.71,47.06,15,18,17,17,1.77,4,6,9,8,5.5,3,1
2023-12-20,F1,20:00,Montpellier,Marseille,D,H,2023/2024,20.0,20.0,47.06,47.06,12,17,13,21,2.1,5,10,6,4,4.1,1,0
2024-02-04,F1,19:45,Lyon,Marseille,H,H,2023/2024,40.0,20.0,58.82,47.06,12,8,10,14,2.69,3,2,7,1,2.92,1,0
2024-02-18,F1,19:45,Brest,Marseille,H,D,2023/2024,20.0,20.0,29.41,47.06,15,9,9,14,3.17,6,4,5,2,2.61,1,0
2024-03-02,F1,20:00,Clermont,Marseille,A,A,2023/2024,40.0,40.0,41.18,47.06,7,17,13,9,1.67,7,4,2,11,5.51,1,1
2024-03-17,F1,16:05,Rennes,Marseille,H,H,2023/2024,60.0,20.0,70.59,47.06,7,8,12,9,2.74,4,5,4,1,2.79,3,0
2024-04-05,F1,20:00,Lille,Marseille,H,D,2023/2024,100.0,40.0,52.94,47.06,14,13,18,13,4.28,4,2,6,4,2.0,6,1
2024-04-21,F1,18:00,Toulouse,Marseille,D,D,2023/2024,80.0,60.0,64.71,47.06,10,11,13,11,2.8,7,4,3,3,2.78,2,1
2024-05-15,F1,20:00,Reims,Marseille,H,H,2023/2024,40.0,60.0,47.06,47.06,10,19,9,17,1.92,3,10,3,3,4.23,1,0
2024-05-19,F1,20:00,Le Havre,Marseille,A,D,2023/2024,40.0,60.0,47.06,47.06,13,22,11,11,1.79,5,3,6,7,4.87,0,1
2024-08-17,F1,16:00,Brest,Marseille,A,A,2024/2025,100.0,100.0,52.94,70.59,7,7,8,10,2.42,5,0,5,5,3.4,1,1
2024-08-31,F1,20:00,Toulouse,Marseille,A,A,2024/2025,50.0,100.0,47.06,70.59,4,11,12,10,2.31,2,3,2,5,3.25,2,1
2024-09-22,F1,19:45,Lyon,Marseille,A,D,2024/2025,66.67,100.0,64.71,70.59,18,6,7,13,2.47,10,3,9,5,2.96,3,1
2024-09-29,F1,19:45,Strasbourg,Marseille,H,H,2024/2025,33.33,75.0,70.59,70.59,14,10,7,17,2.26,8,3,6,3,3.32,1,0
2024-10-20,F1,19:45,Montpellier,Marseille,A,A,2024/2025,75.0,80.0,70.59,70.59,13,21,18,11,1.79,3,2,5,10,4.82,3,1
2024-11-03,F1,19:45,Nantes,Marseille,A,D,2024/2025,60.0,80.0,35.29,70.59,7,9,6,16,2.2,2,5,3,4,3.86,1,1
2024-11-23,F1,16:00,Lens,Marseille,A,D,2024/2025,40.0,80.0,35.29,70.59,16,7,9,17,3.31,6,0,7,4,2.37,3,1
2024-12-08,F1,19:45,St Etienne,Marseille,A,A,2024/2025,20.0,60.0,52.94,70.59,3,21,10,13,1.67,0,9,2,10,6.64,1,0
2025-01-11,F1,20:05,Rennes,Marseille,A,D,2024/2025,40.0,80.0,47.06,70.59,5,13,13,11,2.37,2,3,4,7,3.49,2,1
2025-01-26,F1,19:45,Nice,Marseille,H,H,2024/2025,80.0,60.0,52.94,70.59,14,18,9,12,2.73,6,12,5,6,2.77,1,0
2025-02-09,F1,19:45,Angers,Marseille,A,D,2024/2025,20.0,40.0,47.06,70.59,5,18,8,10,1.64,1,7,0,10,6.0,2,0
2025-02-22,F1,20:05,Auxerre,Marseille,H,H,2024/2025,60.0,40.0,58.82,70.59,9,8,13,9,1.59,2,5,5,2,6.1,3,1
2025-03-16,F1,19:45,Paris SG,Marseille,H,H,2024/2025,80.0,60.0,76.47,70.59,16,11,9,7,9.2,5,5,5,2,1.37,0,1
2025-03-29,F1,16:00,Reims,Marseille,H,H,2024/2025,40.0,60.0,35.29,70.59,7,20,9,6,1.69,0,12,5,8,5.78,0,1
2025-04-12,F1,16:00,Monaco,Marseille,H,H,2024/2025,100.0,80.0,58.82,70.59,15,8,18,6,3.83,4,4,10,4,1.94,1,1
2025-05-04,F1,19:45,Lille,Marseille,D,D,2024/2025,40.0,80.0,58.82,70.59,5,13,8,9,3.1,2,5,1,6,2.47,2,0
2025-05-10,F1,20:00,Le Havre,Marseille,A,D,2024/2025,60.0,80.0,70.59,70.59,10,22,12,12,1.56,2,9,4,5,6.54,2,1
2025-08-15,F1,19:45,Rennes,Marseille,H,D,2025/2026,0.0,0.0,0.0,0.0,12,24,11,8,1.97,1,12,5,2,3.9,3,0
2025-08-31,F1,19:45,Lyon,Marseille,H,D,2025/2026,50.0,0.0,50.0,0.0,17,5,11,16,2.45,9,4,5,2,3.0,2,0
2023-08-13,F1,16:05,Rennes,Metz,H,D,2023/2024,100.0,100.0,70.59,52.94,29,9,10,7,5.6,5,4,14,3,1.7,2,1
2023-08-27,F1,14:00,Clermont,Metz,A,D,2023/2024,50.0,50.0,41.18,52.94,16,10,10,8,4.2,10,2,4,5,2.06,1,0
2023-09-16,F1,20:00,Lens,Metz,A,A,2023/2024,0.0,33.33,41.18,52.94,31,2,12,12,7.0,9,1,10,2,1.55,2,0
2023-10-01,F1,14:00,Toulouse,Metz,H,H,2023/2024,66.67,50.0,64.71,52.94,15,8,7,10,4.54,4,6,10,3,1.97,0,1
2023-10-22,F1,16:05,Monaco,Metz,H,D,2023/2024,80.0,60.0,52.94,52.94,27,8,11,12,9.9,10,2,13,4,1.35,3,1
2023-11-05,F1,12:00,Lyon,Metz,D,D,2023/2024,60.0,40.0,58.82,52.94,15,10,14,16,5.82,4,9,4,5,1.69,1,0
2023-11-26,F1,14:00,Lorient,Metz,A,H,2023/2024,80.0,60.0,64.71,52.94,11,14,17,10,4.0,5,6,5,5,2.15,1,1
2023-12-03,F1,16:05,Lille,Metz,H,H,2023/2024,20.0,60.0,52.94,52.94,16,7,11,8,9.0,6,1,6,4,1.48,0,0
2023-12-20,F1,20:00,Paris SG,Metz,H,D,2023/2024,100.0,60.0,82.35,52.94,13,3,9,6,23.0,5,5,5,1,1.17,1,1
2024-01-27,F1,16:00,Nice,Metz,H,D,2023/2024,20.0,40.0,35.29,52.94,15,2,13,10,9.7,5,2,9,1,1.52,1,0
2024-02-09,F1,20:00,Marseille,Metz,D,D,2023/2024,60.0,40.0,52.94,52.94,18,7,16,12,9.0,6,3,6,3,1.45,0,0
2024-02-18,F1,14:00,Montpellier,Metz,H,H,2023/2024,40.0,40.0,47.06,52.94,21,14,13,17,5.95,7,4,7,4,1.72,3,1
2024-03-03,F1,14:00,Nantes,Metz,A,D,2023/2024,20.0,40.0,47.06,52.94,9,13,11,7,5.1,10,3,2,4,1.93,2,0
2024-03-17,F1,14:00,Reims,Metz,H,D,2023/2024,40.0,40.0,47.06,52.94,17,12,10,17,5.1,7,7,7,4,1.8,4,1
2024-04-07,F1,12:00,Brest,Metz,H,H,2023/2024,20.0,60.0,29.41,52.94,24,8,17,11,8.0,8,5,10,6,1.52,1,1
2024-04-21,F1,14:00,Le Havre,Metz,A,D,2023/2024,20.0,60.0,47.06,52.94,16,9,19,9,3.81,4,2,4,2,2.3,3,0
2024-05-12,F1,20:00,Strasbourg,Metz,H,D,2023/2024,60.0,60.0,64.71,52.94,10,11,10,10,3.52,3,6,2,2,2.18,2,1
2025-08-23,F1,20:05,Lyon,Metz,H,H,2025/2026,100.0,100.0,50.0,100.0,13,11,15,13,7.5,4,3,8,2,1.44,2,1
2025-08-31,F1,16:15,Paris FC,Metz,H,D,2025/2026,100.0,100.0,100.0,100.0,24,14,8,4,4.75,14,6,9,2,1.77,1,1
2023-08-13,F1,14:00,Clermont,Monaco,A,A,2023/2024,100.0,100.0,41.18,70.59,15,14,16,7,2.47,6,2,7,8,3.28,4,1
2023-08-25,F1,20:00,Nantes,Monaco,D,H,2023/2024,100.0,100.0,47.06,70.59,3,27,7,8,1.91,1,10,3,10,5.0,2,1
2023-09-17,F1,12:00,Lorient,Monaco,D,D,2023/2024,66.67,100.0,64.71,70.59,10,20,14,13,1.75,8,6,3,7,5.2,1,1
2023-10-07,F1,20:00,Reims,Monaco,A,A,2023/2024,50.0,100.0,47.06,70.59,11,11,14,10,2.71,10,5,4,4,2.92,3,1
2023-10-29,F1,14:00,Lille,Monaco,H,H,2023/2024,20.0,80.0,52.94,70.59,7,16,13,17,2.95,2,8,5,6,2.58,2,0
2023-11-11,F1,20:00,Le Havre,Monaco,D,D,2023/2024,40.0,60.0,47.06,70.59,9,10,18,10,1.76,2,4,5,4,5.0,3,0
2023-11-24,F1,20:00,Paris SG,Monaco,H,H,2023/2024,100.0,60.0,82.35,70.59,16,14,19,9,6.66,2,10,11,7,1.5,1,1
2023-12-09,F1,16:00,Rennes,Monaco,A,D,2023/2024,60.0,60.0,70.59,70.59,15,12,22,9,2.63,5,5,5,5,2.89,6,1
2023-12-20,F1,20:00,Toulouse,Monaco,A,A,2023/2024,40.0,60.0,64.71,70.59,20,12,10,17,1.94,4,5,5,4,4.2,3,1
2024-01-27,F1,20:00,Marseille,Monaco,D,A,2023/2024,60.0,80.0,52.94,70.59,22,6,12,11,3.03,10,1,9,5,2.46,3,1
2024-02-11,F1,19:45,Nice,Monaco,A,D,2023/2024,40.0,100.0,35.29,70.59,15,9,14,17,3.39,8,2,5,5,2.46,4,1
2024-02-25,F1,12:00,Lens,Monaco,A,A,2023/2024,60.0,100.0,41.18,70.59,20,15,13,10,3.23,9,3,10,9,2.4,3,1
2024-03-10,F1,14:00,Strasbourg,Monaco,A,D,2023/2024,80.0,80.0,64.71,70.59,8,17,15,9,2.12,5,8,1,6,3.59,3,0
2024-03-30,F1,16:00,Metz,Monaco,A,A,2023/2024,60.0,80.0,52.94,70.59,13,17,8,8,1.67,5,5,7,7,5.53,0,1
2024-04-21,F1,16:05,Brest,Monaco,A,A,2023/2024,20.0,60.0,29.41,70.59,12,8,9,8,2.8,7,4,2,3,2.73,2,0
2024-04-28,F1,18:00,Lyon,Monaco,H,H,2023/2024,60.0,60.0,58.82,70.59,15,13,14,15,2.94,3,3,4,5,2.39,3,1
2024-05-12,F1,20:00,Montpellier,Monaco,A,D,2023/2024,40.0,40.0,47.06,70.59,14,19,10,20,1.75,3,3,3,9,4.49,1,0
2024-08-24,F1,16:00,Lyon,Monaco,A,D,2024/2025,0.0,0.0,64.71,70.59,2,15,7,10,2.61,0,6,1,4,2.85,0,0
2024-09-14,F1,18:00,Auxerre,Monaco,A,A,2024/2025,100.0,50.0,58.82,70.59,13,19,16,13,1.87,1,6,3,9,4.81,0,1
2024-10-05,F1,20:00,Rennes,Monaco,A,A,2024/2025,75.0,66.67,47.06,70.59,14,5,16,9,2.64,10,4,3,2,3.06,4,1
2024-10-27,F1,16:00,Nice,Monaco,H,D,2024/2025,50.0,75.0,52.94,70.59,17,11,11,16,1.97,6,6,9,5,4.26,5,1
2024-11-09,F1,16:00,Strasbourg,Monaco,A,H,2024/2025,60.0,80.0,70.59,70.59,5,19,18,16,2.02,1,2,2,8,4.04,2,1
2024-12-01,F1,19:45,Marseille,Monaco,H,A,2024/2025,60.0,100.0,64.71,70.59,9,7,16,15,2.75,5,3,4,4,2.71,1,1
2024-12-14,F1,20:00,Reims,Monaco,D,D,2024/2025,40.0,80.0,35.29,70.59,8,14,22,15,2.25,1,4,0,3,3.68,3,0
2025-01-10,F1,18:00,Nantes,Monaco,D,H,2024/2025,40.0,80.0,35.29,70.59,10,15,14,17,2.15,3,11,4,7,4.93,0,1
2025-01-17,F1,18:00,Montpellier,Monaco,H,A,2024/2025,100.0,80.0,70.59,70.59,12,26,9,7,1.64,4,16,4,11,5.38,2,1
2025-02-07,F1,20:05,Paris SG,Monaco,H,D,2024/2025,60.0,80.0,76.47,70.59,16,9,11,9,7.16,1,1,7,3,1.48,0,1
2025-02-22,F1,16:00,Lille,Monaco,H,H,2024/2025,80.0,80.0,58.82,70.59,9,13,18,11,3.3,1,6,6,3,2.51,2,1
2025-03-07,F1,19:45,Toulouse,Monaco,D,A,2024/2025,40.0,80.0,47.06,70.59,8,13,17,16,2.29,3,5,3,3,3.43,3,0
2025-03-15,F1,18:00,Angers,Monaco,A,D,2024/2025,20.0,60.0,47.06,70.59,6,16,11,12,1.44,0,9,2,5,8.5,2,0
2025-04-05,F1,18:00,Brest,Monaco,H,H,2024/2025,60.0,60.0,52.94,70.59,13,10,16,13,1.85,2,9,4,3,4.63,2,1
2025-04-26,F1,18:00,Le Havre,Monaco,D,H,2024/2025,60.0,40.0,70.59,70.59,9,19,13,12,1.41,3,6,3,7,8.7,0,0
2025-05-03,F1,20:05,St Etienne,Monaco,A,A,2024/2025,100.0,40.0,52.94,70.59,11,12,12,15,1.5,6,5,1,6,6.5,0,1
2025-05-17,F1,20:00,Lens,Monaco,H,H,2024/2025,40.0,60.0,35.29,70.59,15,6,9,14,2.5,5,4,5,4,2.7,1,1
2025-08-24,F1,19:45,Lille,Monaco,H,D,2025/2026,0.0,0.0,0.0,0.0,18,6,14,7,2.2,8,3,1,1,3.35,2,0
2023-08-19,F1,18:00,Lyon,Montpellier,A,A,2023/2024,100.0,100.0,58.82,58.82,7,14,10,20,4.0,6,2,3,8,1.94,1,1
2023-09-03,F1,14:00,Lille,Montpellier,H,H,2023/2024,0.0,50.0,52.94,58.82,15,9,14,15,4.07,5,5,6,5,2.08,1,0
2023-09-17,F1,14:00,Strasbourg,Montpellier,D,A,2023/2024,66.67,66.67,64.71,58.82,14,11,17,17,2.6,2,4,7,4,3.1,6,1
2023-10-01,F1,16:05,Lorient,Montpellier,A,A,2023/2024,75.0,75.0,64.71,58.82,14,14,6,13,2.4,8,3,3,8,3.24,1,1
2023-10-22,F1,14:00,Nantes,Montpellier,H,H,2023/2024,60.0,60.0,47.06,58.82,14,11,13,16,2.41,4,3,5,6,3.2,1,0
2023-11-03,F1,20:00,Paris SG,Montpellier,H,H,2023/2024,100.0,60.0,82.35,58.82,21,7,13,10,11.6,9,2,10,2,1.28,0,1
2023-12-03,F1,14:00,Monaco,Montpellier,H,H,2023/2024,40.0,60.0,52.94,58.82,27,9,13,15,5.5,8,2,9,4,1.68,3,0
2023-12-17,F1,14:00,Metz,Montpellier,A,A,2023/2024,20.0,40.0,52.94,58.82,19,6,14,15,2.38,12,5,4,3,3.38,2,0
2024-01-14,F1,14:00,Brest,Montpellier,H,D,2023/2024,60.0,20.0,29.41,58.82,26,9,7,6,5.0,3,3,9,4,1.84,2,0
2024-02-03,F1,16:00,Rennes,Montpellier,H,H,2023/2024,60.0,40.0,70.59,58.82,9,17,12,17,6.9,5,3,3,9,1.57,3,1
2024-02-25,F1,19:45,Marseille,Montpellier,H,H,2023/2024,60.0,40.0,52.94,58.82,16,9,12,8,5.14,7,4,6,4,1.74,4,1
2024-03-08,F1,20:00,Nice,Montpellier,A,A,2023/2024,40.0,60.0,35.29,58.82,19,7,11,13,4.8,8,5,5,2,1.81,2,1
2024-03-31,F1,14:00,Le Havre,Montpellier,A,D,2023/2024,40.0,60.0,47.06,58.82,14,14,12,10,2.8,6,6,3,5,2.92,2,0
2024-04-14,F1,14:00,Clermont,Montpellier,D,H,2023/2024,60.0,60.0,41.18,58.82,10,14,14,12,2.21,3,4,2,6,3.39,1,0
2024-04-21,F1,14:00,Reims,Montpellier,A,A,2023/2024,40.0,60.0,47.06,58.82,22,12,10,15,3.4,8,4,4,5,2.26,3,1
2024-05-03,F1,18:00,Toulouse,Montpellier,A,D,2023/2024,80.0,60.0,64.71,58.82,15,5,14,17,3.67,8,0,5,3,2.07,4,1
2024-05-19,F1,20:00,Lens,Montpellier,D,H,2023/2024,40.0,60.0,41.18,58.82,27,11,13,10,10.0,1,0,13,2,1.44,1,1
2024-08-23,F1,19:45,Paris SG,Montpellier,H,H,2024/2025,100.0,100.0,76.47,41.18,21,6,16,9,12.5,10,2,10,3,1.24,4,1
2024-09-15,F1,14:00,Rennes,Montpellier,H,H,2024/2025,100.0,100.0,47.06,41.18,11,12,7,10,7.37,3,4,6,4,1.47,3,1
2024-09-28,F1,20:00,Monaco,Montpellier,H,D,2024/2025,50.0,100.0,58.82,41.18,21,9,17,17,11.0,6,2,7,4,1.3,3,1
2024-10-06,F1,16:00,Reims,Montpellier,H,H,2024/2025,50.0,100.0,35.29,41.18,18,10,13,15,5.25,4,4,5,3,1.71,5,1
2024-11-03,F1,16:00,Le Havre,Montpellier,H,D,2024/2025,80.0,80.0,70.59,41.18,12,15,13,11,3.45,2,10,4,1,2.3,1,0
2024-11-23,F1,18:00,St Etienne,Montpellier,H,D,2024/2025,20.0,60.0,52.94,41.18,11,11,11,19,3.19,5,11,4,3,2.47,5,0
2024-12-08,F1,14:00,Lens,Montpellier,H,H,2024/2025,40.0,40.0,35.29,41.18,18,7,7,15,8.7,6,3,4,4,1.43,3,0
2025-01-04,F1,20:00,Lyon,Montpellier,H,D,2024/2025,40.0,20.0,64.71,41.18,12,16,10,8,8.5,3,5,2,6,1.38,2,0
2025-01-26,F1,16:15,Toulouse,Montpellier,A,D,2024/2025,60.0,20.0,47.06,41.18,15,6,15,9,5.3,6,2,6,4,1.74,2,1
2025-02-09,F1,16:15,Strasbourg,Montpellier,H,H,2024/2025,60.0,20.0,70.59,41.18,22,11,12,12,5.27,6,2,6,2,1.76,4,0
2025-02-23,F1,16:15,Nice,Montpellier,H,H,2024/2025,40.0,20.0,52.94,41.18,16,13,15,17,9.3,8,5,6,1,1.36,1,0
2025-03-08,F1,18:00,Lille,Montpellier,H,D,2024/2025,80.0,20.0,58.82,41.18,18,10,12,11,8.6,7,1,8,3,1.46,3,0
2025-03-30,F1,16:15,Auxerre,Montpellier,H,D,2024/2025,40.0,20.0,58.82,41.18,21,12,14,14,4.8,10,6,6,1,1.86,1,0
2025-04-13,F1,16:15,Angers,Montpellier,H,H,2024/2025,40.0,0.0,47.06,41.18,10,4,13,12,4.32,6,1,4,1,2.02,2,0
2025-04-19,F1,20:05,Marseille,Montpellier,H,H,2024/2025,60.0,20.0,64.71,41.18,18,6,11,11,20.0,7,2,8,1,1.18,2,1
2025-05-04,F1,16:15,Brest,Montpellier,H,H,2024/2025,40.0,20.0,52.94,41.18,16,6,18,14,8.94,4,6,5,1,1.4,2,0
2025-05-17,F1,20:00,Nantes,Montpellier,H,H,2024/2025,20.0,40.0,35.29,41.18,18,9,9,14,6.55,7,2,6,0,1.59,1,1
2023-08-20,F1,12:00,Lille,Nantes,H,D,2023/2024,0.0,0.0,52.94,47.06,18,14,15,8,8.5,7,5,8,4,1.48,2,0
2023-09-17,F1,14:00,Clermont,Nantes,A,D,2023/2024,33.33,0.0,41.18,47.06,16,8,16,16,4.4,6,3,3,5,1.95,2,0
2023-10-01,F1,19:45,Rennes,Nantes,H,D,2023/2024,100.0,33.33,70.59,47.06,16,10,17,11,6.12,6,4,5,3,1.71,6,1
2023-10-06,F1,20:00,Strasbourg,Nantes,A,D,2023/2024,60.0,50.0,64.71,47.06,11,16,12,15,3.62,3,11,3,7,2.4,0,1
2023-10-28,F1,20:00,Lens,Nantes,H,H,2023/2024,40.0,60.0,41.18,47.06,11,11,17,12,6.0,4,1,7,1,1.69,2,1
2023-11-12,F1,14:00,Metz,Nantes,H,H,2023/2024,40.0,80.0,52.94,47.06,9,16,9,7,2.43,2,5,4,3,3.52,0,1
2023-12-09,F1,20:00,Paris SG,Nantes,H,H,2023/2024,100.0,100.0,82.35,47.06,16,10,12,9,12.0,5,3,6,4,1.32,3,1
2023-12-20,F1,20:00,Lyon,Nantes,H,D,2023/2024,40.0,80.0,58.82,47.06,8,7,14,8,4.75,7,7,7,0,1.94,2,0
2024-01-28,F1,14:00,Reims,Nantes,D,D,2023/2024,40.0,60.0,47.06,47.06,10,7,16,8,4.36,6,2,1,5,2.1,2,0
2024-02-11,F1,14:00,Toulouse,Nantes,A,A,2023/2024,40.0,60.0,64.71,47.06,16,5,13,10,3.81,12,0,3,2,2.21,1,1
2024-02-24,F1,16:00,Lorient,Nantes,A,D,2023/2024,60.0,40.0,64.71,47.06,6,7,11,11,2.88,3,8,1,6,3.1,2,0
2024-03-10,F1,19:45,Marseille,Nantes,H,H,2023/2024,40.0,20.0,52.94,47.06,12,10,16,11,8.0,2,8,4,3,1.53,3,0
2024-03-31,F1,14:00,Nice,Nantes,A,A,2023/2024,60.0,40.0,35.29,47.06,12,13,19,7,5.33,9,3,3,4,1.92,5,1
2024-04-14,F1,12:00,Le Havre,Nantes,A,D,2023/2024,20.0,40.0,47.06,47.06,10,12,12,14,3.41,6,7,1,4,2.54,2,0
2024-04-26,F1,20:00,Montpellier,Nantes,D,D,2023/2024,60.0,20.0,47.06,47.06,8,15,14,11,3.82,3,6,1,5,2.11,1,0
2024-05-04,F1,20:00,Brest,Nantes,D,D,2023/2024,20.0,20.0,29.41,47.06,9,9,14,6,5.7,6,0,2,1,1.76,2,0
2024-05-19,F1,20:00,Monaco,Nantes,H,H,2023/2024,60.0,40.0,52.94,47.06,10,6,23,14,6.0,2,2,6,3,1.58,2,1
2024-08-18,F1,16:00,Toulouse,Nantes,D,D,2024/2025,0.0,0.0,47.06,52.94,7,6,8,10,4.1,10,5,3,2,2.13,3,0
2024-08-31,F1,18:00,Montpellier,Nantes,A,A,2024/2025,50.0,50.0,70.59,52.94,11,10,13,11,3.27,8,3,5,5,2.31,2,1
2024-09-22,F1,16:00,Angers,Nantes,D,D,2024/2025,33.33,33.33,47.06,52.94,4,9,16,13,2.52,3,6,1,3,3.38,4,0
2024-10-06,F1,14:00,Lyon,Nantes,H,H,2024/2025,50.0,25.0,64.71,52.94,17,11,5,10,5.77,6,9,6,6,1.8,2,0
2024-10-27,F1,16:00,Strasbourg,Nantes,H,H,2024/2025,60.0,40.0,70.59,52.94,9,8,17,15,4.2,5,4,5,6,2.06,3,1
2024-11-09,F1,18:00,Lens,Nantes,H,D,2024/2025,20.0,60.0,35.29,52.94,15,9,8,14,6.45,6,1,3,3,1.69,0,1
2024-11-30,F1,20:00,Paris SG,Nantes,D,D,2024/2025,60.0,40.0,76.47,52.94,24,5,6,3,18.5,9,3,10,2,1.21,0,0
2024-12-15,F1,16:00,Brest,Nantes,H,H,2024/2025,40.0,60.0,52.94,52.94,13,16,14,10,3.8,0,5,8,7,2.47,3,1
2025-01-04,F1,18:00,Lille,Nantes,D,H,2024/2025,40.0,60.0,58.82,52.94,13,6,10,6,7.28,2,0,3,2,1.58,2,0
2025-01-19,F1,14:00,St Etienne,Nantes,D,A,2024/2025,20.0,40.0,52.94,52.94,12,8,11,9,2.55,7,7,2,4,3.1,1,0
2025-02-02,F1,16:15,Reims,Nantes,A,D,2024/2025,40.0,40.0,35.29,52.94,13,11,10,14,3.63,9,3,2,6,2.3,3,1
2025-02-15,F1,18:00,Monaco,Nantes,H,H,2024/2025,80.0,60.0,58.82,52.94,22,6,9,18,6.5,9,1,11,2,1.57,1,1
2025-03-02,F1,19:45,Marseille,Nantes,H,D,2024/2025,60.0,40.0,64.71,52.94,21,8,15,14,9.17,3,2,5,2,1.36,2,0
2025-03-30,F1,16:15,Le Havre,Nantes,H,H,2024/2025,60.0,60.0,70.59,52.94,16,7,9,16,2.51,3,4,5,2,3.23,2,1
2025-04-04,F1,19:45,Nice,Nantes,A,A,2024/2025,20.0,80.0,52.94,52.94,21,8,14,9,7.17,11,2,9,4,1.53,1,1
2025-04-18,F1,19:45,Rennes,Nantes,H,H,2024/2025,40.0,80.0,47.06,52.94,19,4,13,24,5.25,10,2,5,1,1.9,5,1
2025-05-10,F1,20:00,Auxerre,Nantes,D,H,2024/2025,40.0,60.0,58.82,52.94,9,7,16,15,2.66,7,3,3,2,2.87,1,0
2025-08-24,F1,16:15,Strasbourg,Nantes,H,D,2025/2026,0.0,0.0,0.0,0.0,15,9,9,11,5.4,7,6,4,2,1.8,2,0
2023-08-20,F1,14:00,Lorient,Nice,D,D,2023/2024,0.0,0.0,64.71,41.18,9,21,10,8,2.35,0,9,2,8,3.59,1,0
2023-09-15,F1,20:00,Paris SG,Nice,A,D,2023/2024,66.67,50.0,82.35,41.18,12,14,17,8,6.0,4,3,3,8,1.66,5,1
2023-09-22,F1,20:00,Monaco,Nice,A,D,2023/2024,66.67,33.33,52.94,41.18,9,13,15,13,3.12,5,2,3,7,2.46,1,0
2023-10-07,F1,16:00,Metz,Nice,A,A,2023/2024,50.0,25.0,52.94,41.18,10,7,10,9,1.68,1,4,3,4,6.5,1,0
2023-10-27,F1,20:00,Clermont,Nice,A,D,2023/2024,20.0,20.0,41.18,41.18,8,11,12,14,2.21,2,2,3,5,4.46,2,0
2023-11-10,F1,20:00,Montpellier,Nice,D,D,2023/2024,60.0,20.0,47.06,41.18,9,15,15,11,2.22,3,7,1,4,3.87,4,0
2023-12-02,F1,20:00,Nantes,Nice,H,H,2023/2024,20.0,0.0,47.06,41.18,13,13,18,15,2.24,5,6,4,6,4.08,0,0
2023-12-16,F1,16:00,Le Havre,Nice,H,H,2023/2024,20.0,20.0,47.06,41.18,9,13,9,13,2.19,2,9,5,6,4.37,2,1
2024-01-13,F1,20:00,Rennes,Nice,H,H,2023/2024,40.0,20.0,70.59,41.18,15,9,11,13,3.49,6,6,5,2,2.52,0,0
2024-02-04,F1,16:05,Brest,Nice,D,D,2023/2024,40.0,20.0,29.41,41.18,17,13,12,12,3.05,3,5,2,1,2.98,1,0
2024-02-16,F1,20:00,Lyon,Nice,H,H,2023/2024,40.0,20.0,58.82,41.18,9,20,12,8,2.79,4,9,1,6,2.83,1,0
2024-03-03,F1,12:00,Toulouse,Nice,H,A,2023/2024,80.0,40.0,64.71,41.18,17,9,10,16,2.35,7,6,6,6,3.59,2,1
2024-03-16,F1,20:00,Lens,Nice,A,A,2023/2024,60.0,40.0,41.18,41.18,20,7,12,9,4.44,11,3,4,3,2.08,3,1
2024-04-07,F1,14:00,Reims,Nice,D,D,2023/2024,40.0,40.0,47.06,41.18,10,18,15,15,2.97,2,5,3,3,2.9,1,0
2024-04-24,F1,20:00,Marseille,Nice,D,D,2023/2024,40.0,60.0,52.94,41.18,11,10,14,10,3.65,3,2,4,4,2.38,3,1
2024-04-28,F1,14:00,Strasbourg,Nice,A,D,2023/2024,60.0,80.0,64.71,41.18,13,8,14,11,2.37,2,3,5,4,3.62,3,1
2024-05-19,F1,20:00,Lille,Nice,D,A,2023/2024,80.0,80.0,52.94,41.18,12,10,9,9,7.0,3,5,3,4,1.55,3,1
2024-08-18,F1,14:00,Auxerre,Nice,H,D,2024/2025,100.0,100.0,58.82,64.71,16,9,17,11,2.57,3,5,7,2,3.06,0,1
2024-09-01,F1,16:00,Angers,Nice,A,A,2024/2025,50.0,100.0,47.06,64.71,12,12,13,14,2.06,4,7,7,9,4.62,4,1
2024-09-14,F1,16:00,Marseille,Nice,H,H,2024/2025,50.0,66.67,64.71,64.71,10,12,4,18,4.57,1,2,5,4,1.94,2,0
2024-09-28,F1,16:00,Lens,Nice,D,D,2024/2025,0.0,50.0,35.29,64.71,22,15,7,16,4.5,11,4,7,4,1.97,2,0
2024-10-20,F1,16:00,Nantes,Nice,D,D,2024/2025,50.0,40.0,35.29,64.71,11,13,11,10,2.72,4,8,7,7,2.97,1,0
2024-11-02,F1,18:00,Brest,Nice,A,A,2024/2025,20.0,20.0,52.94,64.71,16,12,4,9,2.65,6,2,6,3,3.08,2,0
2024-12-01,F1,16:00,Lyon,Nice,H,H,2024/2025,60.0,20.0,64.71,64.71,16,16,11,11,4.8,5,4,8,7,1.83,2,1
2024-12-15,F1,14:00,Montpellier,Nice,D,A,2024/2025,100.0,40.0,70.59,64.71,20,18,13,15,2.42,9,4,8,6,3.3,2,1
2025-01-11,F1,18:00,Reims,Nice,A,A,2024/2025,40.0,60.0,35.29,64.71,12,15,7,12,2.61,6,3,3,10,2.98,2,1
2025-01-17,F1,20:05,Lille,Nice,H,A,2024/2025,40.0,80.0,58.82,64.71,11,11,13,13,4.26,7,7,4,3,2.23,3,1
2025-02-02,F1,14:00,Toulouse,Nice,D,A,2024/2025,60.0,80.0,47.06,64.71,15,13,20,20,2.65,7,2,4,3,3.19,2,0
2025-02-16,F1,16:15,Le Havre,Nice,A,A,2024/2025,60.0,80.0,70.59,64.71,14,9,16,14,1.64,6,2,4,3,5.8,2,1
2025-03-01,F1,16:00,St Etienne,Nice,A,D,2024/2025,60.0,80.0,52.94,64.71,12,16,11,10,1.68,3,4,3,9,5.5,1,1
2025-03-29,F1,20:05,Monaco,Nice,H,A,2024/2025,100.0,80.0,58.82,64.71,17,9,14,17,4.25,7,4,6,4,1.95,4,1
2025-04-12,F1,20:05,Strasbourg,Nice,D,A,2024/2025,60.0,80.0,70.59,64.71,11,23,8,5,2.55,2,9,4,6,2.95,2,1
2025-04-25,F1,19:45,Paris SG,Nice,A,D,2024/2025,80.0,100.0,76.47,64.71,32,7,11,9,6.17,17,0,13,3,1.6,1,1
2025-05-10,F1,20:00,Rennes,Nice,H,H,2024/2025,40.0,80.0,47.06,64.71,10,14,13,5,2.21,1,5,4,6,3.25,1,0
2025-08-31,F1,16:15,Le Havre,Nice,H,H,2025/2026,100.0,100.0,100.0,100.0,12,7,16,13,2.3,0,5,8,3,3.4,4,1
2025-08-17,F1,16:15,Angers,Paris FC,H,H,2025/2026,0.0,0.0,0.0,50.0,8,17,10,14,2.4,3,7,2,7,3.13,1,0
2025-08-23,F1,16:00,Marseille,Paris FC,H,H,2025/2026,100.0,50.0,100.0,50.0,12,8,12,9,8.0,5,2,7,4,1.44,0,1
2023-08-19,F1,20:00,Toulouse,Paris SG,D,D,2023/2024,0.0,0.0,64.71,47.06,8,16,11,8,1.78,5,5,2,3,5.0,3,0
2023-09-03,F1,19:45,Lyon,Paris SG,A,A,2023/2024,100.0,50.0,58.82,47.06,19,22,5,9,1.69,5,2,8,8,5.9,2,1
2023-09-30,F1,16:00,Clermont,Paris SG,D,D,2023/2024,25.0,33.33,41.18,47.06,12,21,16,11,1.48,6,9,3,10,9.0,3,0
2023-10-08,F1,19:45,Rennes,Paris SG,A,A,2023/2024,100.0,50.0,70.59,47.06,14,17,15,12,1.98,1,7,4,7,4.59,0,1
2023-10-29,F1,12:00,Brest,Paris SG,A,A,2023/2024,40.0,60.0,29.41,47.06,20,17,10,14,1.61,9,5,5,10,7.0,4,1
2023-11-11,F1,16:00,Reims,Paris SG,A,A,2023/2024,60.0,80.0,47.06,47.06,19,14,6,14,1.67,8,4,6,6,5.5,0,1
2023-12-03,F1,12:00,Le Havre,Paris SG,A,A,2023/2024,20.0,60.0,47.06,47.06,22,9,9,11,1.4,9,2,7,5,10.29,1,0
2023-12-17,F1,19:45,Lille,Paris SG,D,D,2023/2024,0.0,60.0,52.94,47.06,15,10,19,9,1.96,8,8,3,2,4.51,1,0
2024-01-14,F1,19:45,Lens,Paris SG,A,A,2023/2024,40.0,40.0,41.18,47.06,17,15,8,10,2.02,5,6,5,7,4.11,1,0
2024-02-02,F1,20:00,Strasbourg,Paris SG,A,A,2023/2024,60.0,40.0,64.71,47.06,20,9,13,12,1.57,3,4,8,5,6.55,1,1
2024-02-17,F1,20:00,Nantes,Paris SG,A,D,2023/2024,20.0,20.0,47.06,47.06,12,12,12,10,1.51,3,8,7,2,7.89,0,0
2024-03-01,F1,20:00,Monaco,Paris SG,D,D,2023/2024,40.0,20.0,52.94,47.06,14,14,13,10,2.16,5,6,6,7,3.49,0,0
2024-03-17,F1,19:45,Montpellier,Paris SG,A,D,2023/2024,80.0,40.0,47.06,47.06,12,16,13,9,1.47,7,4,7,9,7.1,3,1
2024-03-31,F1,19:45,Marseille,Paris SG,A,D,2023/2024,40.0,40.0,52.94,47.06,22,8,8,10,2.02,5,3,10,3,3.89,4,0
2024-04-24,F1,18:00,Lorient,Paris SG,A,A,2023/2024,20.0,40.0,64.71,47.06,11,15,7,8,1.5,3,6,6,7,7.4,1,1
2024-05-15,F1,20:00,Nice,Paris SG,A,A,2023/2024,80.0,60.0,35.29,47.06,12,11,10,13,3.51,7,2,4,4,2.17,3,1
2024-05-19,F1,20:00,Metz,Paris SG,A,A,2023/2024,80.0,60.0,52.94,47.06,10,20,9,6,1.81,1,11,2,8,4.74,1,0
2024-08-16,F1,19:45,Le Havre,Paris SG,A,A,2024/2025,100.0,100.0,70.59,70.59,5,14,9,9,1.46,2,8,2,9,7.8,0,1
2024-09-01,F1,19:45,Lille,Paris SG,A,A,2024/2025,50.0,100.0,58.82,70.59,10,10,5,7,1.84,3,1,4,7,4.6,2,1
2024-09-21,F1,20:00,Reims,Paris SG,D,H,2024/2025,33.33,66.67,35.29,70.59,8,11,6,11,1.43,3,5,1,4,7.8,1,0
2024-10-06,F1,19:45,Nice,Paris SG,D,H,2024/2025,33.33,50.0,52.94,70.59,9,19,9,7,1.62,5,15,3,9,5.64,2,0
2024-10-27,F1,19:45,Marseille,Paris SG,A,A,2024/2025,50.0,60.0,64.71,70.59,5,19,7,4,1.89,1,2,1,8,4.21,0,1
2024-11-09,F1,20:00,Angers,Paris SG,A,A,2024/2025,80.0,60.0,47.06,70.59,10,26,16,5,1.3,6,8,3,12,13.0,3,1
2024-12-06,F1,20:00,Auxerre,Paris SG,D,D,2024/2025,60.0,40.0,58.82,70.59,6,25,7,8,1.33,3,15,2,11,10.5,1,0
2024-12-18,F1,20:00,Monaco,Paris SG,A,A,2024/2025,40.0,60.0,58.82,70.59,15,17,11,11,1.9,1,9,5,12,4.62,0,1
2025-01-18,F1,16:00,Lens,Paris SG,A,H,2024/2025,60.0,80.0,35.29,70.59,10,9,8,12,1.93,6,1,5,7,4.1,2,1
2025-02-01,F1,16:00,Brest,Paris SG,A,A,2024/2025,80.0,80.0,52.94,70.59,14,14,12,9,1.4,4,7,7,7,9.2,0,1
2025-02-15,F1,20:05,Toulouse,Paris SG,A,D,2024/2025,60.0,60.0,47.06,70.59,14,20,6,9,1.58,5,2,4,6,6.5,0,0
2025-02-23,F1,19:45,Lyon,Paris SG,A,D,2024/2025,60.0,80.0,64.71,70.59,14,15,8,12,1.56,5,4,7,8,6.2,1,1
2025-03-08,F1,16:00,Rennes,Paris SG,A,A,2024/2025,40.0,80.0,47.06,70.59,13,19,6,11,1.75,3,2,3,9,5.25,3,1
2025-03-29,F1,18:00,St Etienne,Paris SG,A,D,2024/2025,60.0,80.0,52.94,70.59,11,22,12,9,1.27,3,6,2,10,13.0,0,1
2025-04-22,F1,19:45,Nantes,Paris SG,D,A,2024/2025,20.0,60.0,35.29,70.59,8,10,9,5,1.41,4,4,2,5,7.59,0,0
2025-05-03,F1,16:00,Strasbourg,Paris SG,H,H,2024/2025,100.0,80.0,70.59,70.59,9,20,13,14,2.88,6,2,2,4,2.45,2,1
2025-05-10,F1,20:00,Montpellier,Paris SG,A,A,2024/2025,40.0,80.0,70.59,70.59,9,10,11,14,1.43,5,4,4,8,7.0,1,1
2025-08-17,F1,19:45,Nantes,Paris SG,A,D,2025/2026,0.0,0.0,0.0,50.0,6,18,6,6,1.25,2,7,0,4,14.0,1,0
2025-08-30,F1,20:05,Toulouse,Paris SG,A,A,2025/2026,50.0,50.0,50.0,50.0,14,13,11,7,1.35,5,7,6,8,9.0,0,1
2023-08-12,F1,16:00,Marseille,Reims,H,D,2023/2024,100.0,100.0,52.94,64.71,14,11,16,7,4.7,10,10,4,4,2.01,3,1
2023-08-27,F1,14:00,Montpellier,Reims,A,A,2023/2024,100.0,100.0,47.06,64.71,19,12,19,9,3.48,5,3,3,6,2.35,1,1
2023-09-03,F1,14:00,Metz,Reims,D,D,2023/2024,100.0,100.0,52.94,64.71,12,12,17,10,1.9,4,1,4,2,4.82,4,1
2023-09-26,F1,20:00,Lille,Reims,A,A,2023/2024,33.33,100.0,52.94,64.71,14,4,19,4,4.15,4,2,3,4,2.0,2,1
2023-10-22,F1,14:00,Toulouse,Reims,D,D,2023/2024,50.0,80.0,64.71,64.71,11,15,15,18,2.76,5,7,5,4,2.89,0,0
2023-11-05,F1,14:00,Nantes,Reims,A,D,2023/2024,40.0,60.0,47.06,64.71,17,7,11,5,2.65,10,6,4,4,2.97,2,0
2023-11-26,F1,16:05,Rennes,Reims,H,D,2023/2024,60.0,60.0,70.59,64.71,10,15,18,10,3.6,1,8,5,5,2.18,2,1
2023-12-10,F1,12:00,Nice,Reims,H,D,2023/2024,20.0,60.0,35.29,64.71,15,9,6,13,4.5,9,0,5,2,2.0,3,1
2023-12-16,F1,20:00,Lens,Reims,H,H,2023/2024,40.0,40.0,41.18,64.71,7,14,10,9,4.0,4,7,2,3,2.42,1,0
2024-01-13,F1,16:00,Monaco,Reims,A,A,2023/2024,40.0,60.0,52.94,64.71,9,12,9,11,5.0,6,6,5,5,1.72,2,1
2024-02-11,F1,14:00,Lorient,Reims,H,D,2023/2024,80.0,60.0,64.71,64.71,17,23,14,9,2.0,1,7,5,6,4.41,1,0
2024-02-25,F1,14:00,Le Havre,Reims,A,D,2023/2024,60.0,60.0,47.06,64.71,18,16,13,11,2.38,5,5,4,5,3.58,3,1
2024-03-10,F1,12:00,Paris SG,Reims,D,D,2023/2024,80.0,60.0,82.35,64.71,19,8,12,10,6.81,7,2,6,3,1.52,2,1
2024-03-30,F1,20:00,Lyon,Reims,D,D,2023/2024,40.0,60.0,58.82,64.71,16,17,10,7,3.76,7,8,3,5,2.09,3,0
2024-04-13,F1,16:00,Strasbourg,Reims,H,D,2023/2024,60.0,60.0,64.71,64.71,13,8,18,9,2.98,5,4,6,2,2.56,3,1
2024-04-28,F1,14:00,Clermont,Reims,H,D,2023/2024,80.0,80.0,41.18,64.71,12,10,12,9,2.13,5,5,6,3,3.55,3,1
2024-05-10,F1,20:00,Brest,Reims,D,D,2023/2024,20.0,60.0,29.41,64.71,16,8,12,12,5.7,3,4,5,2,1.66,3,0
2024-08-25,F1,19:45,Marseille,Reims,D,H,2024/2025,100.0,100.0,64.71,52.94,16,12,13,10,9.0,2,4,10,3,1.38,1,1
2024-09-15,F1,16:00,Nantes,Reims,A,D,2024/2025,50.0,100.0,35.29,52.94,18,11,5,14,3.18,6,3,6,4,2.52,1,1
2024-09-29,F1,16:00,Angers,Reims,A,A,2024/2025,50.0,100.0,47.06,52.94,14,21,11,7,2.22,5,4,3,10,3.82,3,1
2024-10-20,F1,16:00,Auxerre,Reims,H,H,2024/2025,100.0,100.0,58.82,52.94,10,15,10,6,2.3,5,9,8,3,3.45,3,1
2024-11-03,F1,14:00,Toulouse,Reims,H,D,2024/2025,40.0,80.0,47.06,52.94,13,13,15,16,4.47,6,7,6,2,1.97,3,0
2024-11-10,F1,16:00,Le Havre,Reims,A,A,2024/2025,80.0,80.0,70.59,52.94,10,18,17,10,2.4,8,7,3,7,3.7,4,1
2024-12-08,F1,16:00,Strasbourg,Reims,D,D,2024/2025,60.0,60.0,70.59,52.94,7,11,16,13,3.02,3,2,2,3,2.6,2,0
2025-01-04,F1,16:00,St Etienne,Reims,H,A,2024/2025,20.0,60.0,52.94,52.94,14,11,10,19,2.19,6,9,4,1,3.79,1,1
2025-01-25,F1,20:05,Paris SG,Reims,D,D,2024/2025,60.0,40.0,76.47,52.94,18,6,13,13,15.0,8,1,7,3,1.22,2,0
2025-02-09,F1,14:00,Lyon,Reims,H,H,2024/2025,40.0,60.0,64.71,52.94,15,9,12,10,6.4,6,6,9,2,1.57,0,1
2025-02-21,F1,19:45,Rennes,Reims,H,H,2024/2025,40.0,40.0,47.06,52.94,26,3,7,15,3.51,9,2,5,0,2.35,2,0
2025-02-28,F1,19:45,Monaco,Reims,H,H,2024/2025,100.0,60.0,58.82,52.94,23,9,7,7,9.2,7,2,9,5,1.39,0,1
2025-03-16,F1,16:15,Brest,Reims,D,D,2024/2025,60.0,40.0,52.94,52.94,11,12,13,9,6.0,4,4,0,2,1.75,3,0
2025-04-11,F1,19:45,Lens,Reims,A,A,2024/2025,20.0,40.0,35.29,52.94,37,10,7,9,6.17,9,2,14,2,1.62,0,0
2025-04-27,F1,16:15,Montpellier,Reims,D,D,2024/2025,40.0,20.0,70.59,52.94,12,8,13,17,1.9,5,5,2,3,4.43,3,0
2025-05-02,F1,19:45,Nice,Reims,H,H,2024/2025,40.0,20.0,52.94,52.94,8,16,21,14,8.7,5,3,2,3,1.4,2,0
2025-05-17,F1,20:00,Lille,Reims,H,H,2024/2025,40.0,20.0,58.82,52.94,21,5,7,11,9.5,10,3,5,2,1.4,1,1
2023-08-20,F1,19:45,Lens,Rennes,D,H,2023/2024,0.0,0.0,41.18,41.18,15,10,10,15,3.11,11,0,4,5,2.45,1,0
2023-09-02,F1,16:00,Brest,Rennes,D,D,2023/2024,50.0,0.0,29.41,41.18,13,6,12,12,2.14,7,5,2,3,3.86,1,0
2023-09-24,F1,16:05,Montpellier,Rennes,D,D,2023/2024,66.67,0.0,47.06,41.18,13,18,15,10,2.69,3,6,4,6,2.94,1,0
2023-10-22,F1,12:00,Lorient,Rennes,H,H,2023/2024,80.0,25.0,64.71,41.18,5,20,14,5,1.98,6,16,4,6,4.33,2,1
2023-11-05,F1,19:45,Nice,Rennes,H,H,2023/2024,0.0,20.0,35.29,41.18,16,11,12,7,3.88,2,1,4,4,2.17,2,0
2023-12-03,F1,19:45,Marseille,Rennes,H,H,2023/2024,20.0,20.0,52.94,41.18,5,10,15,9,4.3,1,6,2,0,2.0,3,0
2023-12-17,F1,14:00,Toulouse,Rennes,D,D,2023/2024,40.0,20.0,64.71,41.18,15,11,14,17,2.39,4,4,6,4,3.47,2,0
2023-12-20,F1,20:00,Clermont,Rennes,A,H,2023/2024,40.0,40.0,41.18,41.18,14,25,11,8,2.6,4,5,6,11,3.31,3,1
2024-01-26,F1,20:00,Lyon,Rennes,A,A,2023/2024,40.0,40.0,58.82,41.18,12,11,12,15,3.06,3,2,6,5,2.62,2,1
2024-02-11,F1,12:00,Le Havre,Rennes,A,D,2023/2024,40.0,40.0,47.06,41.18,13,11,7,14,2.15,5,1,5,2,4.1,1,0
2024-02-25,F1,16:05,Paris SG,Rennes,D,A,2023/2024,80.0,40.0,82.35,41.18,15,3,16,13,9.15,4,0,3,1,1.37,3,0
2024-03-10,F1,16:05,Lille,Rennes,D,A,2023/2024,80.0,60.0,52.94,41.18,15,11,20,17,4.45,6,3,8,3,1.98,2,1
2024-03-31,F1,16:05,Strasbourg,Rennes,H,D,2023/2024,60.0,40.0,64.71,41.18,14,12,17,10,2.38,4,5,7,0,3.26,2,0
2024-04-07,F1,16:05,Monaco,Rennes,H,H,2023/2024,40.0,20.0,52.94,41.18,16,12,17,16,4.3,6,3,5,7,1.93,1,0
2024-04-20,F1,16:00,Nantes,Rennes,A,D,2023/2024,60.0,40.0,47.06,41.18,6,14,11,16,2.6,3,7,4,5,3.27,4,1
2024-05-04,F1,18:00,Metz,Rennes,A,H,2023/2024,80.0,60.0,52.94,41.18,7,21,14,15,2.06,2,5,4,9,4.0,3,1
2024-05-19,F1,20:00,Reims,Rennes,H,D,2023/2024,60.0,60.0,47.06,41.18,6,15,17,11,2.42,2,4,4,5,3.16,1,1
2024-08-25,F1,16:00,Strasbourg,Rennes,H,H,2024/2025,100.0,100.0,70.59,70.59,9,13,19,7,2.35,2,5,5,5,3.4,4,1
2024-09-01,F1,16:00,Reims,Rennes,H,D,2024/2025,50.0,100.0,35.29,70.59,11,13,12,9,2.34,3,5,7,5,3.39,1,1
2024-09-27,F1,20:00,Paris SG,Rennes,H,H,2024/2025,100.0,100.0,76.47,70.59,22,13,11,9,8.4,6,4,7,5,1.45,3,1
2024-10-19,F1,16:00,Brest,Rennes,D,D,2024/2025,40.0,75.0,52.94,70.59,12,6,15,18,2.85,2,4,2,4,2.73,2,0
2024-11-03,F1,16:00,Auxerre,Rennes,H,H,2024/2025,100.0,80.0,58.82,70.59,16,7,15,11,2.18,3,8,8,4,3.54,2,1
2024-11-24,F1,14:00,Lille,Rennes,H,H,2024/2025,60.0,60.0,58.82,70.59,5,4,16,19,4.6,3,3,2,1,1.95,2,0
2024-12-08,F1,16:00,Nantes,Rennes,H,D,2024/2025,40.0,40.0,35.29,70.59,14,5,9,15,2.52,5,4,2,3,3.72,1,0
2025-01-03,F1,20:00,Nice,Rennes,H,H,2024/2025,100.0,40.0,52.94,70.59,9,10,14,11,3.38,3,3,6,5,2.42,3,1
2025-01-25,F1,16:00,Monaco,Rennes,H,D,2024/2025,60.0,60.0,58.82,70.59,20,14,16,12,5.4,4,2,10,5,1.73,3,1
2025-02-08,F1,20:05,St Etienne,Rennes,A,A,2024/2025,20.0,40.0,52.94,70.59,9,21,6,13,2.38,2,4,3,9,3.61,5,0
2025-03-02,F1,16:15,Montpellier,Rennes,A,A,2024/2025,80.0,60.0,70.59,70.59,16,15,15,15,2.12,6,5,5,9,3.99,1,1
2025-03-15,F1,20:05,Lens,Rennes,H,D,2024/2025,40.0,60.0,35.29,70.59,9,12,14,17,4.0,5,4,4,5,2.1,1,0
2025-03-30,F1,16:15,Angers,Rennes,A,A,2024/2025,40.0,60.0,47.06,70.59,9,14,16,10,2.15,6,5,4,6,4.07,0,1
2025-04-13,F1,16:15,Le Havre,Rennes,A,A,2024/2025,80.0,60.0,70.59,70.59,11,10,11,16,2.14,4,3,2,6,4.02,3,1
2025-04-26,F1,20:05,Lyon,Rennes,H,H,2024/2025,100.0,80.0,64.71,70.59,14,10,9,12,5.17,7,2,8,4,1.7,0,1
2025-05-03,F1,18:00,Toulouse,Rennes,H,H,2024/2025,60.0,80.0,47.06,70.59,9,15,15,7,3.46,6,5,3,6,2.21,2,1
2025-05-17,F1,20:00,Marseille,Rennes,H,H,2024/2025,80.0,100.0,64.71,70.59,17,9,12,8,5.44,5,5,10,3,1.63,3,1
2025-08-24,F1,14:00,Lorient,Rennes,H,H,2025/2026,100.0,100.0,100.0,50.0,22,5,7,18,2.6,3,2,7,1,2.8,0,1
2025-08-31,F1,14:00,Angers,Rennes,D,A,2025/2026,0.0,50.0,0.0,50.0,10,15,11,9,1.84,1,7,7,7,4.75,2,0
2024-08-17,F1,20:00,Monaco,St Etienne,H,H,2024/2025,0.0,0.0,58.82,58.82,13,7,14,13,8.75,5,4,6,4,1.4,1,0
2024-08-31,F1,16:00,Brest,St Etienne,H,H,2024/2025,100.0,50.0,52.94,58.82,17,3,28,12,5.2,7,2,7,0,1.77,5,1
2024-09-20,F1,19:45,Nice,St Etienne,H,H,2024/2025,50.0,66.67,52.94,58.82,18,8,13,7,7.52,3,2,12,2,1.52,1,1
2024-09-29,F1,16:00,Nantes,St Etienne,D,H,2024/2025,66.67,75.0,35.29,58.82,16,5,12,11,5.3,8,4,3,3,1.82,2,1
2024-10-26,F1,16:00,Angers,St Etienne,H,H,2024/2025,60.0,80.0,47.06,58.82,13,19,13,10,3.47,2,3,8,7,2.31,3,1
2024-11-10,F1,19:45,Lyon,St Etienne,H,H,2024/2025,60.0,80.0,64.71,58.82,17,10,13,11,9.3,7,6,7,6,1.35,2,0
2024-11-30,F1,16:00,Rennes,St Etienne,H,H,2024/2025,40.0,80.0,47.06,58.82,18,2,12,14,6.2,6,1,9,0,1.67,1,1
2024-12-13,F1,19:45,Toulouse,St Etienne,H,D,2024/2025,40.0,80.0,47.06,58.82,11,3,15,16,8.62,2,3,4,2,1.48,4,1
2025-01-12,F1,19:45,Paris SG,St Etienne,H,H,2024/2025,60.0,80.0,76.47,58.82,25,8,11,16,23.0,7,3,9,3,1.12,2,1
2025-01-24,F1,19:45,Auxerre,St Etienne,D,D,2024/2025,20.0,60.0,58.82,58.82,11,8,13,15,4.15,3,4,5,3,2.06,0,0
2025-02-01,F1,20:05,Lille,St Etienne,H,D,2024/2025,60.0,80.0,58.82,58.82,29,9,12,11,7.5,7,1,13,2,1.55,1,1
2025-02-15,F1,16:00,Marseille,St Etienne,H,H,2024/2025,60.0,80.0,64.71,58.82,28,7,9,14,12.5,14,3,14,2,1.25,1,1
2025-03-09,F1,16:15,Le Havre,St Etienne,D,D,2024/2025,60.0,60.0,70.59,58.82,13,12,17,9,3.3,5,6,7,3,2.48,3,0
2025-03-16,F1,16:15,Montpellier,St Etienne,A,A,2024/2025,60.0,40.0,70.59,58.82,13,11,7,4,3.19,4,6,3,6,2.42,3,0
2025-04-06,F1,14:00,Lens,St Etienne,H,D,2024/2025,20.0,40.0,35.29,58.82,20,8,20,14,5.9,6,3,5,3,1.64,2,0
2025-04-26,F1,16:00,Strasbourg,St Etienne,H,D,2024/2025,80.0,40.0,70.59,58.82,18,17,7,10,5.7,5,8,7,6,1.57,0,1
2025-05-10,F1,20:00,Reims,St Etienne,A,A,2024/2025,20.0,20.0,35.29,58.82,19,9,12,13,3.41,4,5,3,4,2.23,0,0
2023-08-20,F1,16:05,Monaco,Strasbourg,H,H,2023/2024,100.0,100.0,52.94,52.94,9,4,16,19,4.4,4,3,4,1,1.85,1,1
2023-09-03,F1,16:05,Nice,Strasbourg,H,H,2023/2024,0.0,50.0,35.29,52.94,16,4,12,7,5.03,5,2,6,0,1.97,1,0
2023-09-24,F1,12:00,Metz,Strasbourg,A,D,2023/2024,66.67,33.33,52.94,52.94,13,4,15,16,2.73,1,1,1,1,3.23,0,0
2023-10-21,F1,16:00,Paris SG,Strasbourg,H,H,2023/2024,80.0,50.0,82.35,52.94,8,7,10,11,17.0,1,6,4,1,1.22,0,1
2023-10-29,F1,16:05,Rennes,Strasbourg,D,H,2023/2024,80.0,40.0,70.59,52.94,20,11,16,14,8.0,7,5,3,3,1.52,2,0
2023-12-01,F1,20:00,Reims,Strasbourg,H,H,2023/2024,60.0,40.0,47.06,52.94,13,10,7,7,5.2,4,5,4,3,1.78,1,1
2023-12-07,F1,19:30,Brest,Strasbourg,D,H,2023/2024,40.0,40.0,29.41,52.94,13,9,18,11,5.18,6,0,3,5,2.01,0,0
2023-12-17,F1,14:00,Lorient,Strasbourg,A,A,2023/2024,80.0,60.0,64.71,52.94,7,12,12,14,3.28,6,1,1,9,2.56,2,1
2024-01-12,F1,20:00,Marseille,Strasbourg,D,H,2023/2024,40.0,40.0,52.94,52.94,8,18,10,11,6.0,6,4,2,4,1.67,2,0
2024-01-28,F1,14:00,Clermont,Strasbourg,D,A,2023/2024,40.0,40.0,41.18,52.94,14,6,16,12,2.45,5,2,6,2,3.28,3,0
2024-02-10,F1,16:00,Lens,Strasbourg,H,H,2023/2024,40.0,40.0,41.18,52.94,10,19,14,14,5.8,4,5,6,5,1.73,1,1
2024-03-03,F1,14:00,Montpellier,Strasbourg,D,D,2023/2024,60.0,60.0,47.06,52.94,21,12,17,12,3.87,8,4,7,4,2.08,3,1
2024-03-16,F1,16:00,Nantes,Strasbourg,A,D,2023/2024,40.0,60.0,47.06,52.94,11,11,15,16,4.21,4,5,2,6,2.22,3,1
2024-04-07,F1,14:00,Toulouse,Strasbourg,D,D,2023/2024,80.0,60.0,64.71,52.94,11,8,17,16,3.59,4,3,2,1,2.24,0,0
2024-04-21,F1,14:00,Lille,Strasbourg,H,H,2023/2024,80.0,60.0,52.94,52.94,6,8,19,11,6.28,4,4,2,2,1.63,3,0
2024-05-04,F1,14:00,Le Havre,Strasbourg,H,H,2023/2024,20.0,60.0,47.06,52.94,15,5,13,6,3.08,3,2,7,3,2.66,1,1
2024-05-19,F1,20:00,Lyon,Strasbourg,H,H,2023/2024,80.0,60.0,58.82,52.94,15,10,10,7,9.77,7,2,6,4,1.35,0,1
2024-08-18,F1,16:00,Montpellier,Strasbourg,D,D,2024/2025,0.0,0.0,70.59,47.06,7,11,18,20,3.81,6,4,5,4,2.12,3,0
2024-08-30,F1,19:45,Lyon,Strasbourg,H,D,2024/2025,50.0,50.0,64.71,47.06,22,14,6,10,3.85,9,2,13,7,2.12,2,1
2024-09-21,F1,16:00,Lille,Strasbourg,D,D,2024/2025,66.67,66.67,58.82,47.06,15,12,12,16,6.1,9,5,7,9,1.59,2,1
2024-10-19,F1,20:00,Paris SG,Strasbourg,H,H,2024/2025,100.0,75.0,76.47,47.06,18,16,12,10,11.0,5,5,10,8,1.33,2,1
2024-11-02,F1,20:00,St Etienne,Strasbourg,H,D,2024/2025,20.0,60.0,52.94,47.06,13,9,4,9,2.75,2,3,3,3,3.75,1,0
2024-11-24,F1,19:45,Nice,Strasbourg,H,A,2024/2025,80.0,80.0,52.94,47.06,15,10,8,16,4.82,4,7,5,3,1.82,0,1
2024-11-30,F1,18:00,Brest,Strasbourg,H,H,2024/2025,20.0,80.0,52.94,47.06,11,12,8,15,3.75,4,3,8,4,2.2,2,1
2024-12-15,F1,16:00,Le Havre,Strasbourg,A,A,2024/2025,60.0,80.0,70.59,47.06,11,9,7,11,2.5,3,2,1,5,3.55,1,1
2025-01-12,F1,16:15,Toulouse,Strasbourg,A,A,2024/2025,40.0,80.0,47.06,47.06,19,8,14,12,4.32,3,2,5,2,2.08,4,1
2025-01-19,F1,19:45,Marseille,Strasbourg,D,A,2024/2025,60.0,80.0,64.71,47.06,18,7,14,13,5.6,9,3,3,3,1.63,3,0
2025-02-02,F1,16:15,Rennes,Strasbourg,H,D,2024/2025,60.0,60.0,47.06,47.06,13,7,10,14,4.33,6,2,3,3,2.08,3,0
2025-02-16,F1,16:15,Lens,Strasbourg,A,D,2024/2025,20.0,40.0,35.29,47.06,7,13,15,12,4.39,7,3,0,5,1.93,2,0
2025-03-02,F1,16:15,Auxerre,Strasbourg,A,D,2024/2025,40.0,20.0,58.82,47.06,14,6,10,10,2.51,5,3,5,3,3.18,3,0
2025-03-09,F1,16:15,Nantes,Strasbourg,A,D,2024/2025,40.0,0.0,35.29,47.06,11,9,17,12,2.54,3,9,2,1,3.1,1,0
2025-04-06,F1,16:15,Reims,Strasbourg,A,A,2024/2025,40.0,0.0,35.29,47.06,14,13,9,11,2.19,4,7,7,4,3.8,2,0
2025-04-19,F1,18:00,Monaco,Strasbourg,D,D,2024/2025,80.0,0.0,58.82,47.06,12,5,10,18,6.4,3,2,4,2,1.55,3,0
2025-05-10,F1,20:00,Angers,Strasbourg,H,D,2024/2025,40.0,20.0,47.06,47.06,5,15,10,6,1.85,2,6,2,3,4.54,2,1
2025-08-17,F1,16:15,Metz,Strasbourg,A,D,2025/2026,0.0,0.0,0.0,50.0,2,9,13,16,2.05,3,3,0,4,4.0,2,0
2025-08-31,F1,16:15,Monaco,Strasbourg,H,H,2025/2026,100.0,50.0,100.0,50.0,12,12,12,13,7.0,6,5,4,4,1.5,1,1
2023-08-13,F1,14:00,Nantes,Toulouse,A,H,2023/2024,100.0,100.0,47.06,58.82,9,9,14,14,2.44,7,5,4,5,3.14,2,1
2023-08-27,F1,14:00,Strasbourg,Toulouse,H,D,2023/2024,50.0,50.0,64.71,58.82,11,7,17,16,3.62,3,3,3,1,2.22,3,0
2023-09-17,F1,16:05,Marseille,Toulouse,D,D,2023/2024,33.33,33.33,52.94,58.82,24,10,11,9,7.5,6,1,6,3,1.48,5,0
2023-09-24,F1,14:00,Lens,Toulouse,H,D,2023/2024,33.33,50.0,41.18,58.82,27,7,15,16,8.07,9,4,7,2,1.52,1,1
2023-10-08,F1,14:00,Brest,Toulouse,D,A,2023/2024,25.0,40.0,29.41,58.82,13,9,18,18,5.5,3,5,2,3,1.77,2,0
2023-10-29,F1,14:00,Montpellier,Toulouse,H,H,2023/2024,75.0,40.0,47.06,58.82,19,16,15,13,4.5,3,4,6,5,1.9,3,1
2023-11-12,F1,14:00,Lille,Toulouse,D,H,2023/2024,20.0,40.0,52.94,58.82,13,2,16,12,7.0,11,1,6,1,1.6,4,0
2023-11-26,F1,12:00,Nice,Toulouse,H,D,2023/2024,0.0,40.0,35.29,58.82,8,19,19,9,7.53,4,2,3,3,1.58,4,0
2023-12-10,F1,16:05,Lyon,Toulouse,H,H,2023/2024,60.0,40.0,58.82,58.82,15,16,15,15,4.75,2,1,7,6,1.92,3,1
2024-01-14,F1,14:00,Metz,Toulouse,A,A,2023/2024,20.0,40.0,52.94,58.82,14,4,18,20,2.7,5,2,2,2,3.14,2,0
2024-02-04,F1,14:00,Reims,Toulouse,A,A,2023/2024,60.0,40.0,47.06,58.82,17,9,16,13,4.76,10,6,5,4,1.9,3,1
2024-02-18,F1,14:00,Monaco,Toulouse,A,A,2023/2024,40.0,60.0,52.94,58.82,22,14,12,18,6.1,4,6,5,7,1.65,3,1
2024-03-10,F1,14:00,Le Havre,Toulouse,H,D,2023/2024,60.0,60.0,47.06,58.82,12,5,17,12,2.71,3,3,4,0,3.15,1,0
2024-03-31,F1,14:00,Clermont,Toulouse,A,A,2023/2024,60.0,60.0,41.18,58.82,15,11,12,15,2.08,12,3,5,5,4.01,1,1
2024-04-13,F1,20:00,Rennes,Toulouse,A,A,2023/2024,80.0,80.0,70.59,58.82,19,10,18,20,4.75,8,4,4,3,1.88,3,1
2024-04-28,F1,14:00,Lorient,Toulouse,A,H,2023/2024,40.0,80.0,64.71,58.82,15,14,17,14,3.03,5,1,5,5,2.6,3,1
2024-05-12,F1,20:00,Paris SG,Toulouse,A,D,2023/2024,80.0,80.0,82.35,58.82,15,18,8,12,8.5,4,6,3,5,1.39,0,1
2024-08-25,F1,16:00,Nice,Toulouse,D,D,2024/2025,0.0,0.0,52.94,52.94,10,15,21,11,4.2,4,4,4,3,2.16,1,0
2024-09-22,F1,16:00,Brest,Toulouse,H,H,2024/2025,66.67,0.0,52.94,52.94,9,10,18,15,3.0,4,3,5,1,2.93,1,0
2024-10-05,F1,18:00,Lille,Toulouse,H,A,2024/2025,75.0,33.33,58.82,52.94,10,9,8,13,4.84,4,6,3,3,1.87,2,1
2024-10-27,F1,16:00,Montpellier,Toulouse,A,A,2024/2025,80.0,50.0,70.59,52.94,9,15,20,8,2.21,1,3,2,6,3.44,2,1
2024-11-10,F1,16:00,Rennes,Toulouse,A,A,2024/2025,40.0,40.0,47.06,52.94,7,9,16,16,3.31,5,3,1,2,2.41,1,0
2024-11-22,F1,20:00,Paris SG,Toulouse,H,H,2024/2025,80.0,60.0,76.47,52.94,17,11,14,11,8.31,7,5,8,2,1.44,2,1
2024-12-07,F1,16:00,Monaco,Toulouse,H,D,2024/2025,40.0,60.0,58.82,52.94,19,6,16,15,4.5,2,3,5,3,1.92,2,0
2025-01-05,F1,14:00,Lens,Toulouse,A,D,2024/2025,40.0,40.0,35.29,52.94,14,8,12,20,4.16,7,1,1,4,2.07,2,0
2025-01-18,F1,20:05,Lyon,Toulouse,D,D,2024/2025,40.0,20.0,64.71,52.94,11,13,8,8,4.54,8,5,3,4,1.92,0,0
2025-02-09,F1,16:15,Auxerre,Toulouse,D,D,2024/2025,40.0,40.0,58.82,52.94,9,7,9,11,2.58,3,5,3,3,3.09,1,1
2025-02-23,F1,16:15,Le Havre,Toulouse,A,A,2024/2025,80.0,40.0,70.59,52.94,11,11,13,11,2.16,5,3,3,5,4.1,2,1
2025-03-02,F1,16:15,Angers,Toulouse,A,D,2024/2025,20.0,60.0,47.06,52.94,5,19,9,13,2.11,4,9,1,13,4.1,3,1
2025-03-16,F1,16:15,Strasbourg,Toulouse,H,A,2024/2025,60.0,80.0,70.59,52.94,10,11,14,10,2.94,4,3,3,7,2.73,2,1
2025-04-06,F1,19:45,Marseille,Toulouse,H,D,2024/2025,60.0,100.0,64.71,52.94,9,8,15,11,5.02,5,1,4,3,1.75,3,1
2025-04-20,F1,16:15,Reims,Toulouse,H,H,2024/2025,20.0,80.0,35.29,52.94,8,18,12,11,2.15,0,9,2,6,3.99,0,0
2025-04-27,F1,16:15,Nantes,Toulouse,D,D,2024/2025,20.0,60.0,35.29,52.94,11,6,11,13,2.74,3,5,3,3,3.03,3,0
2025-05-17,F1,20:00,St Etienne,Toulouse,A,A,2024/2025,100.0,60.0,52.94,52.94,18,17,7,10,3.01,7,6,7,9,2.46,2,1
2025-08-16,F1,20:05,Nice,Toulouse,A,D,2025/2026,0.0,0.0,50.0,0.0,13,10,13,12,4.2,9,4,2,2,2.0,3,0
