Date,Div,Time,HomeTeam,AwayTeam,FTR,HTR,Season,Last5HomeOver2.5Perc,Last5AwayOver2.5Perc,HST,AST,AvgLast5HomeGoalsScored,AwayOver2.5Perc,AvgLast5HomeGoalsConceded,AvgLast5AwayGoalsConceded,HomeOver2.5Perc,AvgLast5AwayGoalsScored,BFEC>2.5,HS,MaxCAHA,BFEC<2.5,AS,BFEAHA,AvgAwayGoalsScored,Over2.5
2024-08-19,I1,17:30,Lecce,Atalanta,A,A,2024/2025,100.0,100.0,5,6,0.0,57.89,4.0,0.0,42.11,4.0,2.14,19,1.88,1.86,10,1.92,2.21,1
2024-08-25,I1,17:30,Torino,Atalanta,H,D,2024/2025,100.0,100.0,6,8,2.0,57.89,1.0,1.0,15.79,2.5,2.12,13,1.97,1.88,24,2.07,2.21,1
2024-08-30,I1,19:45,Inter,Atalanta,H,H,2024/2025,50.0,100.0,5,1,3.0,57.89,0.0,2.0,63.16,1.67,1.68,13,2.11,2.44,11,1.97,2.21,1
2024-09-28,I1,19:45,Bologna,Atalanta,D,D,2024/2025,0.0,75.0,1,5,1.0,57.89,1.0,1.75,47.37,1.5,2.32,5,1.89,1.74,23,2.16,2.21,0
2024-10-20,I1,14:00,Venezia,Atalanta,A,A,2024/2025,0.0,60.0,4,7,0.67,57.89,1.0,1.4,31.58,1.6,1.63,12,2.12,2.56,16,1.82,2.21,0
2024-11-03,I1,11:30,Napoli,Atalanta,A,A,2024/2025,60.0,60.0,3,3,1.6,57.89,1.0,1.4,47.37,1.4,2.06,13,1.98,1.93,12,2.18,2.21,1
2024-11-23,I1,19:45,Parma,Atalanta,A,A,2024/2025,60.0,60.0,3,6,1.2,57.89,2.2,1.2,52.63,1.8,1.56,9,2.01,2.74,15,2.1,2.21,1
2024-12-02,I1,19:45,Roma,Atalanta,A,D,2024/2025,40.0,40.0,1,7,1.0,57.89,1.4,0.4,52.63,2.2,2.0,5,1.91,1.99,18,1.96,2.21,0
2024-12-14,I1,14:00,Cagliari,Atalanta,A,D,2024/2025,40.0,40.0,8,2,1.4,57.89,1.6,0.2,57.89,2.2,1.77,12,2.1,2.28,12,1.95,2.21,0
2024-12-28,I1,19:45,Lazio,Atalanta,D,H,2024/2025,80.0,40.0,5,4,1.8,57.89,1.6,0.4,63.16,2.0,2.08,11,2.11,1.9,14,2.16,2.21,0
2025-01-11,I1,14:00,Udinese,Atalanta,D,D,2024/2025,40.0,20.0,3,2,0.6,57.89,1.8,0.4,52.63,1.4,2.04,12,1.89,1.95,4,1.87,2.21,0
2025-01-25,I1,14:00,Como,Atalanta,A,H,2024/2025,60.0,20.0,5,3,2.0,57.89,1.0,0.4,47.37,1.2,1.83,15,1.98,2.18,5,1.93,2.21,1
2025-02-08,I1,14:00,Verona,Atalanta,A,A,2024/2025,60.0,40.0,7,7,0.2,57.89,2.6,0.4,57.89,1.8,1.84,18,2.16,2.16,17,1.94,2.21,1
2025-02-23,I1,17:00,Empoli,Atalanta,A,A,2024/2025,60.0,60.0,1,8,0.6,57.89,2.6,0.4,36.84,2.6,1.76,10,2.14,2.28,14,2.0,2.21,1
2025-03-09,I1,19:45,Juventus,Atalanta,A,A,2024/2025,40.0,80.0,2,9,1.8,57.89,1.0,0.2,42.11,3.2,2.2,9,2.06,1.82,19,2.1,2.21,1
2025-03-30,I1,14:00,Fiorentina,Atalanta,H,H,2024/2025,40.0,80.0,4,0,1.6,57.89,0.4,0.4,63.16,3.2,1.96,12,2.11,2.02,9,2.16,2.21,0
2025-04-20,I1,19:45,Milan,Atalanta,A,D,2024/2025,60.0,60.0,1,2,1.2,57.89,1.2,0.2,47.37,3.0,1.65,12,1.99,2.52,11,2.02,2.21,0
2025-05-04,I1,14:00,Monza,Atalanta,A,A,2024/2025,40.0,60.0,7,5,0.4,57.89,2.2,0.2,47.37,2.8,1.47,13,1.87,3.05,15,1.86,2.21,1
2025-05-17,I1,19:45,Genoa,Atalanta,A,H,2024/2025,60.0,60.0,5,6,1.2,57.89,1.6,0.6,42.11,2.4,2.06,12,2.05,1.91,13,2.04,2.21,1
2024-08-25,I1,19:45,Napoli,Bologna,H,H,2024/2025,100.0,100.0,5,2,3.0,57.89,0.0,3.0,47.37,0.0,2.32,16,1.93,1.74,9,1.97,1.26,1
2024-09-14,I1,14:00,Como,Bologna,D,H,2024/2025,100.0,100.0,4,4,2.0,57.89,2.0,2.5,47.37,1.0,2.56,14,1.85,1.63,14,1.84,1.26,1
2024-09-22,I1,14:00,Monza,Bologna,A,D,2024/2025,33.33,100.0,3,8,0.67,57.89,1.33,2.0,47.37,1.33,2.84,6,2.22,1.53,15,2.11,1.26,1
2024-10-19,I1,14:00,Genoa,Bologna,D,A,2024/2025,60.0,100.0,4,7,1.0,57.89,2.0,2.0,42.11,1.5,2.36,10,2.06,1.72,12,1.91,1.26,1
2024-10-29,I1,17:30,Cagliari,Bologna,A,A,2024/2025,40.0,80.0,2,4,0.8,57.89,2.2,1.6,57.89,1.6,2.06,14,2.05,1.93,11,2.14,1.26,0
2024-11-10,I1,14:00,Roma,Bologna,A,A,2024/2025,60.0,80.0,5,4,1.6,57.89,1.0,1.4,52.63,2.2,2.42,15,2.08,1.7,15,2.13,1.26,1
2024-11-24,I1,19:45,Lazio,Bologna,H,D,2024/2025,100.0,80.0,4,1,2.4,57.89,0.6,1.6,63.16,1.8,2.12,13,2.12,1.87,3,2.03,1.26,1
2024-12-07,I1,17:00,Juventus,Bologna,D,A,2024/2025,40.0,80.0,3,4,1.6,57.89,1.0,1.8,42.11,1.8,2.72,10,1.88,1.57,10,2.01,1.26,1
2024-12-21,I1,14:00,Torino,Bologna,A,D,2024/2025,0.0,60.0,0,5,0.4,57.89,1.0,1.4,15.79,1.8,2.8,6,2.09,1.55,8,2.11,1.26,0
2025-01-15,I1,19:45,Inter,Bologna,D,H,2024/2025,40.0,80.0,6,6,1.8,57.89,0.8,1.8,63.16,1.8,1.94,12,2.02,2.04,14,1.84,1.26,1
2025-01-25,I1,19:45,Empoli,Bologna,D,D,2024/2025,40.0,60.0,1,8,0.8,57.89,1.6,1.6,36.84,1.4,2.48,5,2.16,1.66,9,1.83,1.26,0
2025-02-09,I1,17:00,Lecce,Bologna,D,D,2024/2025,60.0,40.0,1,2,0.6,57.89,1.4,1.0,42.11,1.4,2.48,6,2.07,1.66,8,1.91,1.26,0
2025-02-22,I1,14:00,Parma,Bologna,H,H,2024/2025,40.0,20.0,3,1,1.2,57.89,1.2,1.0,52.63,1.0,2.02,4,1.89,1.95,16,1.97,1.26,0
2025-03-09,I1,11:30,Verona,Bologna,A,A,2024/2025,60.0,40.0,2,6,0.4,57.89,2.0,1.2,57.89,1.0,2.34,7,2.1,1.73,12,2.09,1.26,1
2025-03-29,I1,14:00,Venezia,Bologna,A,D,2024/2025,0.0,20.0,3,4,0.2,57.89,0.6,0.8,31.58,0.8,2.24,6,2.1,1.77,13,1.84,1.26,0
2025-04-13,I1,11:30,Atalanta,Bologna,H,H,2024/2025,0.0,20.0,2,5,0.4,57.89,0.6,1.0,52.63,0.6,2.02,4,2.0,1.97,12,1.9,1.26,0
2025-04-28,I1,17:30,Udinese,Bologna,D,D,2024/2025,40.0,20.0,4,1,0.8,57.89,1.0,1.0,52.63,0.6,2.42,13,2.1,1.7,12,1.9,1.26,0
2025-05-09,I1,19:45,Milan,Bologna,H,D,2024/2025,80.0,40.0,5,4,1.6,57.89,1.4,1.2,47.37,0.8,2.02,10,2.03,1.98,10,1.81,1.26,1
2025-05-18,I1,19:45,Fiorentina,Bologna,H,H,2024/2025,60.0,40.0,5,3,1.8,57.89,0.6,1.6,63.16,0.8,2.44,6,1.85,1.68,15,1.92,1.26,1
2024-08-31,I1,17:30,Lecce,Cagliari,H,H,2024/2025,50.0,0.0,4,2,0.5,42.11,2.0,1.0,42.11,0.0,2.46,17,2.05,1.67,21,1.97,0.84,0
2024-09-30,I1,19:45,Parma,Cagliari,A,A,2024/2025,75.0,50.0,4,4,1.75,42.11,2.0,1.5,52.63,1.5,1.84,18,1.88,2.18,11,2.12,0.84,1
2024-10-06,I1,11:30,Juventus,Cagliari,D,H,2024/2025,25.0,33.33,9,2,1.0,42.11,0.25,1.33,42.11,1.33,1.96,21,2.17,2.02,9,2.03,0.84,0
2024-10-25,I1,17:30,Udinese,Cagliari,H,H,2024/2025,40.0,25.0,4,0,1.6,42.11,0.8,1.5,52.63,1.0,2.24,13,2.04,1.79,3,1.99,0.84,0
2024-11-04,I1,19:45,Lazio,Cagliari,H,D,2024/2025,100.0,40.0,5,1,2.2,42.11,1.0,1.6,63.16,1.0,1.81,20,2.02,2.22,6,1.96,0.84,1
2024-11-24,I1,11:30,Genoa,Cagliari,D,D,2024/2025,60.0,60.0,6,6,1.0,42.11,1.8,1.8,42.11,1.4,2.12,20,1.85,1.87,17,2.06,0.84,1
2024-12-08,I1,11:30,Fiorentina,Cagliari,H,H,2024/2025,80.0,40.0,3,1,2.6,42.11,0.8,1.6,63.16,0.8,1.78,8,2.02,2.26,8,2.05,0.84,0
2024-12-22,I1,14:00,Venezia,Cagliari,H,H,2024/2025,80.0,60.0,6,7,1.6,42.11,1.6,1.8,31.58,0.8,2.04,12,2.13,1.95,14,2.14,0.84,1
2025-01-05,I1,11:30,Monza,Cagliari,A,D,2024/2025,60.0,80.0,2,4,0.6,42.11,1.6,1.6,47.37,1.2,2.08,6,1.87,1.9,13,1.84,0.84,1
2025-01-11,I1,19:45,Milan,Cagliari,D,D,2024/2025,20.0,60.0,11,2,1.0,42.11,0.4,1.4,47.37,1.2,1.59,24,1.98,2.68,6,1.94,0.84,0
2025-01-24,I1,19:45,Torino,Cagliari,H,H,2024/2025,0.0,40.0,6,1,0.6,42.11,0.8,1.4,15.79,0.8,2.46,18,2.0,1.68,6,2.03,0.84,0
2025-02-15,I1,14:00,Atalanta,Cagliari,D,D,2024/2025,40.0,40.0,2,0,1.4,42.11,1.4,1.2,52.63,0.8,1.85,9,2.04,2.16,3,1.93,0.84,0
2025-03-02,I1,14:00,Bologna,Cagliari,H,A,2024/2025,80.0,40.0,5,1,2.4,42.11,1.0,1.2,47.37,0.8,2.32,15,2.1,1.75,2,1.88,0.84,1
2025-03-16,I1,15:00,Roma,Cagliari,H,D,2024/2025,60.0,20.0,1,5,2.2,42.11,0.6,1.2,52.63,0.4,2.0,13,2.11,1.98,11,1.93,0.84,0
2025-04-06,I1,14:00,Empoli,Cagliari,D,D,2024/2025,20.0,20.0,1,1,0.2,42.11,1.8,1.0,36.84,0.2,2.44,7,2.11,1.68,7,2.19,0.84,0
2025-04-12,I1,17:00,Inter,Cagliari,H,H,2024/2025,80.0,40.0,4,4,2.2,42.11,1.0,1.2,63.16,0.4,1.73,13,1.99,2.36,8,1.88,0.84,1
2025-04-28,I1,19:45,Verona,Cagliari,A,A,2024/2025,20.0,40.0,2,4,0.4,42.11,0.8,1.2,57.89,0.8,2.62,6,1.97,1.61,6,1.8,0.84,0
2025-05-10,I1,14:00,Como,Cagliari,H,H,2024/2025,20.0,40.0,5,3,1.4,42.11,0.6,1.4,47.37,0.8,1.79,19,1.95,2.24,9,1.89,0.84,1
2025-05-23,I1,19:45,Napoli,Cagliari,H,H,2024/2025,60.0,40.0,6,1,2.2,42.11,0.6,1.6,47.37,0.8,1.58,18,1.9,2.7,4,1.89,0.84,0
2024-08-19,I1,19:45,Juventus,Como,H,H,2024/2025,100.0,100.0,9,1,3.0,42.11,0.0,3.0,42.11,0.0,2.06,12,2.03,1.93,1,1.87,1.11,1
2024-08-26,I1,17:30,Cagliari,Como,D,H,2024/2025,0.0,50.0,5,4,0.5,42.11,0.5,2.0,57.89,0.5,2.18,11,2.01,1.83,13,2.11,1.11,0
2024-09-01,I1,19:45,Udinese,Como,H,H,2024/2025,50.0,33.33,3,4,1.5,42.11,0.5,1.67,52.63,0.33,2.24,10,1.97,1.78,21,1.88,1.11,0
2024-09-24,I1,19:45,Atalanta,Como,A,H,2024/2025,100.0,50.0,5,7,2.5,42.11,2.5,1.75,52.63,1.0,1.76,8,2.08,2.28,14,1.86,1.11,1
2024-10-04,I1,17:30,Napoli,Como,H,D,2024/2025,75.0,60.0,6,2,2.5,42.11,0.5,2.0,47.37,1.0,1.8,9,2.07,2.24,11,1.9,1.11,1
2024-10-25,I1,19:45,Torino,Como,H,D,2024/2025,50.0,40.0,2,6,1.25,42.11,1.0,1.6,15.79,1.0,2.34,8,2.1,1.73,20,2.1,1.11,0
2024-11-04,I1,17:30,Empoli,Como,H,D,2024/2025,20.0,40.0,4,2,0.2,42.11,0.8,1.6,36.84,0.8,2.64,9,1.94,1.58,12,1.99,1.11,0
2024-11-07,I1,19:45,Genoa,Como,D,A,2024/2025,40.0,40.0,4,8,0.8,42.11,1.6,1.6,42.11,1.0,2.44,8,2.09,1.68,18,1.84,1.11,0
2024-12-08,I1,17:00,Venezia,Como,D,H,2024/2025,60.0,40.0,4,4,1.2,42.11,1.8,1.6,31.58,0.8,1.98,8,1.94,2.0,10,1.94,1.11,1
2024-12-23,I1,19:45,Inter,Como,H,D,2024/2025,40.0,20.0,5,4,2.2,42.11,1.2,1.4,63.16,0.6,1.66,17,1.89,2.48,8,1.96,1.11,0
2025-01-10,I1,19:45,Lazio,Como,D,H,2024/2025,60.0,20.0,4,4,1.4,42.11,1.8,1.4,63.16,0.8,2.04,12,1.88,1.94,17,2.04,1.11,0
2025-02-01,I1,19:45,Bologna,Como,H,H,2024/2025,60.0,20.0,4,1,2.0,42.11,1.2,1.6,47.37,0.8,2.12,15,1.92,1.87,8,2.03,1.11,0
2025-02-16,I1,11:30,Fiorentina,Como,A,A,2024/2025,60.0,20.0,3,4,1.2,42.11,1.4,1.4,63.16,1.0,2.2,5,1.89,1.81,8,1.87,1.11,0
2025-03-02,I1,17:00,Roma,Como,H,A,2024/2025,60.0,20.0,4,3,2.4,42.11,0.6,1.4,52.63,0.8,2.2,11,1.95,1.82,10,2.03,1.11,1
2025-03-15,I1,17:00,Milan,Como,H,A,2024/2025,60.0,40.0,3,6,1.6,42.11,1.2,1.4,47.37,1.0,1.75,9,1.91,2.3,15,1.89,1.11,1
2025-04-05,I1,14:00,Monza,Como,A,A,2024/2025,20.0,60.0,4,7,0.4,42.11,1.4,1.4,47.37,1.4,1.95,8,1.92,2.02,17,1.94,1.11,1
2025-04-19,I1,14:00,Lecce,Como,A,A,2024/2025,40.0,80.0,7,6,0.6,42.11,1.8,1.0,42.11,2.0,1.98,14,1.85,2.0,11,2.16,1.11,1
2025-05-03,I1,14:00,Parma,Como,A,D,2024/2025,40.0,80.0,3,4,1.4,42.11,1.0,1.0,52.63,1.8,1.84,13,1.98,2.16,13,2.04,1.11,0
2025-05-18,I1,19:45,Verona,Como,D,A,2024/2025,0.0,60.0,3,5,0.4,42.11,0.8,0.8,57.89,1.8,2.44,16,2.1,1.67,12,1.9,1.11,0
2024-08-25,I1,19:45,Roma,Empoli,A,A,2024/2025,100.0,100.0,6,3,1.0,57.89,2.0,1.0,52.63,2.0,1.94,17,2.18,2.04,10,2.12,1.21,1
2024-08-31,I1,17:30,Bologna,Empoli,D,D,2024/2025,0.0,50.0,3,2,1.0,57.89,1.0,1.0,47.37,1.5,2.32,14,1.97,1.74,4,2.07,1.21,0
2024-09-20,I1,17:30,Cagliari,Empoli,A,A,2024/2025,25.0,33.33,2,4,0.25,57.89,1.75,0.67,57.89,1.67,2.38,21,1.88,1.71,9,2.07,1.21,0
2024-10-06,I1,14:00,Lazio,Empoli,H,D,2024/2025,100.0,50.0,6,2,2.25,57.89,1.25,1.0,63.16,1.5,2.08,16,1.9,1.92,7,1.89,1.21,1
2024-10-27,I1,11:30,Parma,Empoli,D,A,2024/2025,60.0,40.0,4,2,1.6,57.89,1.8,1.0,52.63,1.4,1.91,17,2.05,2.08,6,2.04,1.21,0
2024-11-08,I1,19:45,Lecce,Empoli,D,A,2024/2025,40.0,20.0,3,6,1.0,57.89,1.8,1.0,42.11,1.2,3.15,18,2.02,1.45,11,1.89,1.21,0
2024-11-30,I1,17:00,Milan,Empoli,H,H,2024/2025,40.0,40.0,4,0,1.4,57.89,0.4,1.4,47.37,1.0,1.86,20,1.91,2.14,9,2.11,1.21,1
2024-12-08,I1,14:00,Verona,Empoli,A,A,2024/2025,100.0,60.0,3,5,1.2,57.89,3.0,1.6,57.89,1.4,2.6,12,2.2,1.61,15,1.79,1.21,1
2024-12-22,I1,17:00,Atalanta,Empoli,H,H,2024/2025,80.0,60.0,7,3,3.0,57.89,1.0,1.8,52.63,1.6,1.63,16,1.88,2.56,7,2.11,1.21,1
2025-01-04,I1,14:00,Venezia,Empoli,D,D,2024/2025,60.0,60.0,3,6,1.2,57.89,1.4,1.8,31.58,1.6,2.4,8,2.12,1.7,18,1.94,1.21,0
2025-01-19,I1,19:45,Inter,Empoli,H,D,2024/2025,60.0,80.0,7,1,2.2,57.89,1.0,2.2,63.16,1.6,1.75,18,2.03,2.32,5,2.01,1.21,1
2025-02-02,I1,11:30,Juventus,Empoli,H,A,2024/2025,80.0,80.0,8,3,2.4,57.89,1.4,2.4,42.11,1.8,1.83,23,2.0,2.2,10,1.99,1.21,1
2025-02-16,I1,14:00,Udinese,Empoli,H,H,2024/2025,80.0,80.0,9,4,1.8,57.89,1.2,2.8,52.63,1.0,2.22,17,2.01,1.8,16,2.14,1.21,1
2025-03-02,I1,14:00,Genoa,Empoli,D,A,2024/2025,20.0,60.0,1,1,1.4,57.89,0.6,2.4,42.11,0.8,2.42,5,2.0,1.69,7,1.94,1.21,0
2025-03-15,I1,19:45,Torino,Empoli,H,D,2024/2025,20.0,60.0,3,2,1.4,57.89,0.6,2.4,15.79,0.6,2.34,13,2.04,1.73,16,2.08,1.21,0
2025-03-29,I1,14:00,Como,Empoli,D,D,2024/2025,60.0,40.0,5,4,1.2,57.89,1.4,2.0,47.37,0.6,2.02,16,1.94,1.96,14,1.93,1.21,0
2025-04-14,I1,19:45,Napoli,Empoli,H,H,2024/2025,60.0,40.0,6,1,1.8,57.89,0.8,1.8,47.37,0.4,2.08,17,1.88,1.92,12,1.77,1.21,1
2025-04-27,I1,14:00,Fiorentina,Empoli,H,H,2024/2025,40.0,40.0,3,5,1.4,57.89,0.2,1.6,63.16,0.6,2.46,6,2.18,1.67,8,2.08,1.21,1
2025-05-18,I1,19:45,Monza,Empoli,A,H,2024/2025,60.0,60.0,4,4,0.6,57.89,2.4,1.6,47.37,1.0,2.26,12,2.02,1.78,9,2.05,1.21,1
2024-08-17,I1,17:30,Parma,Fiorentina,D,H,2024/2025,0.0,0.0,5,7,1.0,57.89,1.0,1.0,52.63,1.0,2.0,13,1.91,1.99,14,1.95,1.47,0
2024-09-15,I1,14:00,Atalanta,Fiorentina,H,H,2024/2025,100.0,50.0,7,5,3.0,57.89,2.0,2.0,52.63,1.5,1.96,13,2.11,2.04,13,1.86,1.47,1
2024-09-29,I1,17:00,Empoli,Fiorentina,D,D,2024/2025,0.0,33.33,1,0,0.0,57.89,0.0,1.33,36.84,1.0,2.22,8,1.98,1.8,13,1.98,1.47,0
2024-10-20,I1,14:00,Lecce,Fiorentina,A,A,2024/2025,75.0,50.0,2,11,0.75,57.89,3.0,1.0,42.11,2.25,2.34,5,2.06,1.74,19,2.06,1.47,1
2024-10-31,I1,17:30,Genoa,Fiorentina,A,D,2024/2025,40.0,40.0,4,4,0.6,57.89,1.8,0.8,42.11,2.0,2.08,14,1.97,1.9,12,2.11,1.47,0
2024-11-03,I1,14:00,Torino,Fiorentina,A,A,2024/2025,40.0,40.0,1,3,1.0,57.89,1.0,0.6,15.79,2.0,2.34,9,1.94,1.72,8,2.0,1.47,0
2024-11-24,I1,14:00,Como,Fiorentina,A,A,2024/2025,60.0,20.0,4,4,1.4,57.89,2.4,0.0,47.37,2.0,2.0,10,2.05,1.98,8,2.01,1.47,0
2024-12-15,I1,14:00,Bologna,Fiorentina,H,D,2024/2025,20.0,20.0,6,4,1.2,57.89,0.2,0.2,47.37,2.0,2.32,16,2.02,1.75,10,2.02,1.47,0
2024-12-29,I1,17:00,Juventus,Fiorentina,D,D,2024/2025,80.0,20.0,5,4,2.0,57.89,1.6,0.6,42.11,1.2,2.26,15,2.01,1.79,11,2.02,1.47,1
2025-01-13,I1,19:45,Monza,Fiorentina,H,H,2024/2025,80.0,40.0,3,2,1.0,57.89,1.6,1.0,47.37,1.2,2.14,10,1.96,1.87,11,1.92,1.47,1
2025-01-26,I1,19:45,Lazio,Fiorentina,A,A,2024/2025,60.0,60.0,3,3,1.2,57.89,2.0,1.2,63.16,1.4,1.99,22,2.11,1.99,7,1.92,1.47,1
2025-02-10,I1,19:45,Inter,Fiorentina,H,D,2024/2025,80.0,80.0,8,2,2.4,57.89,1.0,1.6,63.16,1.2,1.79,22,1.86,2.24,7,1.76,1.47,1
2025-02-23,I1,14:00,Verona,Fiorentina,H,D,2024/2025,40.0,80.0,3,3,0.2,57.89,1.8,1.6,57.89,1.2,2.38,7,2.13,1.71,8,1.97,1.47,0
2025-03-09,I1,14:00,Napoli,Fiorentina,H,H,2024/2025,40.0,80.0,11,2,1.6,57.89,0.8,1.6,47.37,1.0,2.36,19,1.86,1.72,7,1.92,1.47,1
2025-04-05,I1,19:45,Milan,Fiorentina,D,A,2024/2025,60.0,80.0,6,8,1.4,57.89,1.2,1.6,47.37,1.2,1.97,19,1.92,2.0,15,2.01,1.47,1
2025-04-23,I1,17:30,Cagliari,Fiorentina,A,D,2024/2025,60.0,80.0,2,4,1.4,57.89,1.0,1.6,57.89,1.2,2.4,8,1.82,1.71,8,2.15,1.47,1
2025-05-04,I1,17:00,Roma,Fiorentina,H,H,2024/2025,20.0,60.0,4,5,1.2,57.89,0.4,1.4,52.63,1.0,2.08,12,1.91,1.91,13,2.12,1.47,0
2025-05-12,I1,17:30,Venezia,Fiorentina,H,D,2024/2025,20.0,80.0,4,1,0.6,57.89,0.8,1.6,31.58,1.2,2.48,4,2.04,1.67,5,2.1,1.47,1
2025-05-25,I1,19:45,Udinese,Fiorentina,A,H,2024/2025,60.0,80.0,3,11,0.6,57.89,2.0,1.6,52.63,1.6,1.87,12,2.11,2.1,25,2.08,1.47,1
2024-08-24,I1,19:45,Monza,Genoa,A,A,2024/2025,0.0,0.0,2,1,0.0,36.84,1.0,0.0,47.37,1.0,2.42,9,2.07,1.69,11,2.09,0.84,0
2024-09-21,I1,14:00,Venezia,Genoa,H,D,2024/2025,0.0,0.0,4,0,1.0,36.84,0.5,1.0,31.58,0.5,2.34,12,1.87,1.74,9,2.13,0.84,0
2024-10-05,I1,17:00,Atalanta,Genoa,H,H,2024/2025,100.0,33.33,8,2,3.33,36.84,2.0,2.33,52.63,0.67,1.67,23,2.04,2.48,7,1.89,0.84,1
2024-10-27,I1,14:00,Lazio,Genoa,H,H,2024/2025,100.0,50.0,4,2,2.4,36.84,1.0,2.5,63.16,0.5,1.92,18,1.94,2.08,6,2.03,0.84,1
2024-11-04,I1,17:30,Parma,Genoa,A,D,2024/2025,60.0,40.0,0,7,1.4,36.84,1.8,2.0,52.63,0.6,1.79,13,1.91,2.22,15,2.04,0.84,0
2024-12-01,I1,11:30,Udinese,Genoa,A,A,2024/2025,20.0,40.0,2,5,1.0,36.84,1.4,2.0,52.63,0.8,2.26,4,1.95,1.78,15,1.91,0.84,0
2024-12-15,I1,19:45,Milan,Genoa,D,D,2024/2025,20.0,40.0,4,0,0.8,36.84,0.4,1.6,47.37,0.8,2.02,22,2.0,1.97,5,1.82,0.84,0
2024-12-28,I1,14:00,Empoli,Genoa,A,D,2024/2025,40.0,40.0,8,5,0.6,36.84,1.4,0.8,36.84,1.0,2.76,12,1.83,1.56,14,1.79,0.84,1
2025-01-05,I1,14:00,Lecce,Genoa,D,D,2024/2025,40.0,20.0,3,1,1.0,36.84,1.0,0.2,42.11,1.0,2.66,10,1.88,1.6,4,2.09,0.84,0
2025-01-17,I1,19:45,Roma,Genoa,H,D,2024/2025,60.0,40.0,7,3,2.8,36.84,0.8,0.8,52.63,1.0,2.04,16,2.13,1.94,7,2.05,0.84,1
2025-02-02,I1,14:00,Fiorentina,Genoa,H,H,2024/2025,60.0,60.0,6,3,1.0,36.84,1.4,1.2,63.16,0.8,2.02,7,2.05,1.95,17,2.07,0.84,1
2025-02-08,I1,19:45,Torino,Genoa,D,H,2024/2025,0.0,60.0,3,2,0.8,36.84,0.8,1.4,15.79,1.0,2.82,10,1.9,1.54,6,1.98,0.84,0
2025-02-22,I1,19:45,Inter,Genoa,H,D,2024/2025,60.0,40.0,5,2,2.0,36.84,0.8,1.4,63.16,0.6,1.83,18,1.99,2.18,11,2.04,0.84,0
2025-03-07,I1,19:45,Cagliari,Genoa,D,H,2024/2025,60.0,40.0,1,2,1.6,36.84,1.2,1.6,57.89,0.8,2.68,9,1.83,1.59,8,1.85,0.84,0
2025-03-29,I1,17:00,Juventus,Genoa,H,H,2024/2025,40.0,20.0,6,3,1.6,36.84,1.0,1.2,42.11,0.6,2.5,9,1.99,1.66,9,1.94,0.84,0
2025-04-13,I1,14:00,Verona,Genoa,D,D,2024/2025,40.0,0.0,2,1,0.4,36.84,1.4,0.8,57.89,0.4,3.1,14,1.93,1.46,4,1.85,0.84,0
2025-04-27,I1,11:30,Como,Genoa,H,D,2024/2025,20.0,0.0,3,1,1.2,36.84,0.6,0.8,47.37,0.2,2.08,14,1.9,1.92,4,2.08,0.84,0
2025-05-11,I1,19:45,Napoli,Genoa,D,D,2024/2025,80.0,20.0,11,2,2.2,36.84,0.8,1.0,47.37,0.6,1.91,22,2.0,2.08,8,1.78,0.84,1
2025-05-24,I1,17:00,Bologna,Genoa,A,A,2024/2025,40.0,40.0,5,3,1.8,36.84,1.0,1.0,47.37,1.0,2.12,16,2.13,1.87,5,2.11,0.84,1
2024-08-17,I1,17:30,Genoa,Inter,D,D,2024/2025,100.0,100.0,6,9,2.0,47.37,2.0,2.0,42.11,2.0,1.95,10,1.89,2.04,14,1.93,2.05,1
2024-09-15,I1,19:45,Monza,Inter,D,D,2024/2025,0.0,50.0,2,2,0.5,47.37,1.0,1.5,47.37,1.5,1.87,5,1.91,2.12,16,1.96,2.05,0
2024-09-28,I1,14:00,Udinese,Inter,A,A,2024/2025,66.67,66.67,3,7,1.67,47.37,1.33,1.67,52.63,2.0,1.77,10,2.07,2.26,16,1.85,2.05,1
2024-10-20,I1,19:45,Roma,Inter,A,D,2024/2025,75.0,50.0,3,6,1.5,47.37,1.0,1.25,52.63,1.75,1.87,14,2.03,2.12,11,1.89,2.05,0
2024-10-30,I1,17:30,Empoli,Inter,A,D,2024/2025,20.0,60.0,1,5,0.0,47.37,0.8,1.0,36.84,2.0,1.9,6,1.99,2.1,15,2.05,2.05,1
2024-11-23,I1,14:00,Verona,Inter,A,A,2024/2025,100.0,60.0,2,7,1.4,47.37,2.8,0.6,57.89,2.6,1.93,9,2.13,2.04,12,2.17,2.05,1
2024-12-16,I1,19:45,Lazio,Inter,A,A,2024/2025,100.0,80.0,2,7,2.0,47.37,1.6,0.4,63.16,3.6,2.1,9,1.95,1.9,12,1.86,2.05,1
2024-12-28,I1,17:00,Cagliari,Inter,A,D,2024/2025,40.0,80.0,1,5,0.8,47.37,1.8,0.0,57.89,3.6,1.73,5,1.94,2.34,20,2.0,2.05,1
2025-01-12,I1,14:00,Venezia,Inter,A,A,2024/2025,40.0,80.0,2,6,1.0,47.37,1.2,0.0,31.58,3.6,1.67,7,1.99,2.46,17,1.86,2.05,0
2025-01-26,I1,17:00,Lecce,Inter,A,A,2024/2025,60.0,80.0,4,5,0.8,47.37,1.6,0.0,42.11,3.8,1.78,17,2.12,2.26,9,2.02,2.05,1
2025-02-02,I1,17:00,Milan,Inter,D,H,2024/2025,20.0,60.0,4,6,1.2,47.37,1.0,0.2,47.37,3.0,1.89,10,1.95,2.1,16,1.95,2.05,0
2025-02-06,I1,17:00,Fiorentina,Inter,H,D,2024/2025,80.0,60.0,6,2,1.4,47.37,1.4,0.8,63.16,1.8,1.97,10,2.05,2.02,11,2.08,2.05,1
2025-02-16,I1,19:45,Juventus,Inter,H,D,2024/2025,60.0,40.0,8,2,2.2,47.37,1.0,1.0,42.11,1.2,2.12,16,2.15,1.88,17,1.96,2.05,0
2025-03-01,I1,17:00,Napoli,Inter,D,A,2024/2025,20.0,40.0,4,1,1.4,47.37,0.6,1.2,47.37,1.2,2.26,19,2.16,1.79,6,2.08,2.05,0
2025-03-16,I1,19:45,Atalanta,Inter,A,D,2024/2025,20.0,20.0,3,5,0.6,47.37,1.2,1.2,52.63,0.8,2.06,16,2.05,1.94,14,2.06,2.05,0
2025-04-05,I1,17:00,Parma,Inter,D,A,2024/2025,60.0,40.0,4,4,1.4,47.37,1.6,1.4,52.63,1.0,1.8,8,2.13,2.22,20,1.84,2.05,1
2025-04-20,I1,17:00,Bologna,Inter,H,D,2024/2025,60.0,20.0,3,1,2.2,47.37,0.6,1.0,47.37,1.0,2.24,12,2.03,1.8,8,1.92,2.05,0
2025-05-11,I1,17:00,Torino,Inter,A,A,2024/2025,0.0,20.0,3,7,1.0,47.37,0.8,0.8,15.79,1.4,2.16,17,1.97,1.85,12,2.01,2.05,0
2025-05-23,I1,19:45,Como,Inter,A,A,2024/2025,20.0,20.0,4,7,1.2,47.37,0.8,0.6,47.37,1.6,1.62,18,2.04,2.58,11,1.86,2.05,0
2024-08-26,I1,19:45,Verona,Juventus,A,A,2024/2025,100.0,100.0,1,5,1.5,42.11,1.5,0.0,57.89,3.0,2.42,7,1.92,1.69,7,1.94,1.42,1
2024-09-14,I1,17:00,Empoli,Juventus,D,D,2024/2025,0.0,50.0,3,3,0.0,42.11,0.0,0.0,36.84,1.5,2.38,8,1.86,1.71,15,1.96,1.42,0
2024-09-28,I1,17:00,Genoa,Juventus,A,D,2024/2025,50.0,66.67,2,3,0.75,42.11,2.0,0.0,42.11,2.0,2.76,7,2.16,1.56,12,1.98,1.42,1
2024-10-27,I1,17:00,Inter,Juventus,D,H,2024/2025,80.0,75.0,9,5,2.8,42.11,1.6,1.0,63.16,2.5,2.2,18,1.89,1.82,10,1.91,1.42,1
2024-11-02,I1,17:00,Udinese,Juventus,A,A,2024/2025,20.0,60.0,2,5,1.2,42.11,1.0,0.8,52.63,2.4,2.38,11,2.15,1.71,11,2.04,1.42,0
2024-11-23,I1,17:00,Milan,Juventus,D,D,2024/2025,40.0,40.0,1,2,1.6,42.11,0.4,0.8,47.37,1.8,2.26,6,1.93,1.79,7,2.07,1.42,0
2024-12-01,I1,19:45,Lecce,Juventus,D,D,2024/2025,40.0,40.0,6,3,1.0,42.11,2.0,1.0,42.11,2.0,2.7,10,1.92,1.57,14,1.95,1.42,0
2024-12-22,I1,19:45,Monza,Juventus,A,A,2024/2025,60.0,40.0,5,9,0.8,42.11,1.6,1.2,47.37,1.8,2.26,17,2.11,1.78,16,1.89,1.42,1
2025-01-11,I1,17:00,Torino,Juventus,D,D,2024/2025,0.0,20.0,2,9,0.4,42.11,1.0,0.6,15.79,1.2,3.1,11,2.14,1.46,15,1.92,1.42,0
2025-01-14,I1,19:45,Atalanta,Juventus,D,D,2024/2025,60.0,20.0,6,9,2.0,42.11,1.0,0.8,52.63,1.0,2.44,17,2.12,1.68,17,2.17,1.42,0
2025-01-25,I1,17:00,Napoli,Juventus,H,A,2024/2025,20.0,40.0,3,2,1.2,42.11,0.4,1.2,47.37,1.2,2.62,14,1.86,1.6,5,2.12,1.42,1
2025-02-07,I1,19:45,Como,Juventus,A,D,2024/2025,80.0,60.0,6,3,1.8,42.11,1.4,1.2,47.37,1.4,2.14,16,1.97,1.86,8,2.11,1.42,1
2025-02-23,I1,19:45,Cagliari,Juventus,A,A,2024/2025,80.0,40.0,2,7,1.4,42.11,1.6,1.0,57.89,1.2,2.2,8,1.89,1.82,14,1.98,1.42,0
2025-03-16,I1,17:00,Fiorentina,Juventus,H,H,2024/2025,60.0,60.0,3,2,1.8,42.11,0.6,1.4,63.16,1.0,2.36,9,2.06,1.72,11,1.99,1.42,1
2025-04-06,I1,19:45,Roma,Juventus,D,A,2024/2025,40.0,60.0,4,7,1.8,42.11,0.6,1.4,52.63,1.0,2.48,11,1.83,1.66,11,2.21,1.42,0
2025-04-23,I1,17:30,Parma,Juventus,H,H,2024/2025,40.0,40.0,3,2,1.4,42.11,1.0,1.2,52.63,0.8,2.0,6,2.0,1.98,16,2.05,1.42,0
2025-05-04,I1,19:45,Bologna,Juventus,D,A,2024/2025,40.0,20.0,2,3,2.0,42.11,0.6,1.2,47.37,0.6,2.6,9,1.9,1.61,6,1.85,1.42,0
2025-05-10,I1,17:00,Lazio,Juventus,D,D,2024/2025,20.0,20.0,6,3,1.2,42.11,1.2,1.4,63.16,0.6,2.32,19,1.9,1.74,8,1.79,1.42,0
2025-05-25,I1,19:45,Venezia,Juventus,A,A,2024/2025,40.0,20.0,5,5,1.0,42.11,1.4,1.2,31.58,1.2,1.58,12,2.04,2.66,15,1.88,1.42,1
2024-08-24,I1,17:30,Udinese,Lazio,H,H,2024/2025,100.0,100.0,3,5,2.0,57.89,1.0,2.0,52.63,1.0,2.38,8,2.06,1.71,17,2.06,1.47,1
2024-09-22,I1,11:30,Fiorentina,Lazio,H,A,2024/2025,66.67,100.0,5,6,1.33,57.89,1.0,2.0,63.16,1.0,2.18,14,1.88,1.84,20,1.95,1.47,1
2024-09-29,I1,11:30,Torino,Lazio,A,A,2024/2025,66.67,100.0,7,7,1.33,57.89,1.33,2.0,15.79,1.67,2.4,12,1.81,1.7,13,1.86,1.47,1
2024-10-19,I1,19:45,Juventus,Lazio,H,D,2024/2025,20.0,75.0,3,1,1.0,57.89,0.2,1.75,42.11,1.25,2.44,16,2.17,1.69,2,1.86,1.47,0
2024-10-31,I1,19:45,Como,Lazio,A,A,2024/2025,75.0,80.0,2,7,1.75,57.89,2.5,1.6,47.37,2.0,2.12,14,2.15,1.88,14,1.83,1.47,1
2024-11-10,I1,17:00,Monza,Lazio,A,A,2024/2025,40.0,60.0,2,6,0.8,57.89,1.4,1.2,47.37,2.0,2.38,12,2.09,1.71,14,1.91,1.47,0
2024-12-01,I1,14:00,Parma,Lazio,H,H,2024/2025,60.0,60.0,4,8,1.4,57.89,1.8,1.4,52.63,2.0,1.81,12,2.04,2.22,23,2.11,1.47,1
2024-12-08,I1,19:45,Napoli,Lazio,A,D,2024/2025,40.0,40.0,1,3,1.0,57.89,1.0,1.0,47.37,1.6,2.16,12,1.85,1.84,7,2.03,1.47,0
2024-12-21,I1,19:45,Lecce,Lazio,A,A,2024/2025,40.0,60.0,2,7,1.2,57.89,1.0,1.0,42.11,2.0,1.87,11,2.11,2.14,13,1.99,1.47,1
2025-01-05,I1,19:45,Roma,Lazio,H,H,2024/2025,60.0,40.0,5,6,2.6,57.89,1.2,1.2,52.63,1.0,2.2,7,2.17,1.83,17,2.14,1.47,0
2025-01-19,I1,17:00,Verona,Lazio,A,A,2024/2025,60.0,60.0,3,5,0.2,57.89,2.6,1.2,57.89,1.4,2.04,16,2.08,1.94,14,2.08,1.47,1
2025-02-03,I1,19:45,Cagliari,Lazio,A,A,2024/2025,60.0,60.0,5,6,1.2,57.89,1.4,0.8,57.89,1.6,1.92,15,2.08,2.06,11,2.02,1.47,1
2025-02-22,I1,14:00,Venezia,Lazio,D,D,2024/2025,0.0,60.0,2,3,0.4,57.89,0.8,0.8,31.58,1.4,1.98,9,2.19,2.0,9,1.9,1.47,0
2025-03-02,I1,19:45,Milan,Lazio,A,A,2024/2025,40.0,60.0,4,8,1.4,57.89,1.2,0.8,47.37,1.4,1.83,15,2.07,2.2,21,1.86,1.47,1
2025-03-16,I1,14:00,Bologna,Lazio,H,H,2024/2025,80.0,80.0,7,2,2.8,57.89,0.8,1.4,47.37,1.4,2.44,13,1.98,1.68,7,1.86,1.47,1
2025-04-06,I1,17:00,Atalanta,Lazio,A,D,2024/2025,0.0,60.0,2,3,0.2,57.89,0.8,1.4,52.63,1.0,1.83,10,2.09,2.18,8,2.01,1.47,0
2025-04-23,I1,17:30,Genoa,Lazio,A,A,2024/2025,20.0,40.0,4,6,1.2,57.89,0.8,1.2,42.11,1.0,2.48,8,1.87,1.66,15,2.01,1.47,0
2025-05-04,I1,11:30,Empoli,Lazio,A,A,2024/2025,40.0,40.0,2,3,0.4,57.89,1.8,1.2,36.84,1.2,2.28,7,1.91,1.77,9,1.9,1.47,0
2025-05-18,I1,19:45,Inter,Lazio,D,H,2024/2025,60.0,40.0,3,4,1.6,57.89,1.0,1.4,63.16,1.2,1.83,10,2.08,2.18,12,2.14,1.47,1
2024-08-24,I1,19:45,Inter,Lecce,H,H,2024/2025,0.0,0.0,3,4,2.0,36.84,0.0,2.0,63.16,0.0,1.66,11,2.12,2.48,10,2.19,0.74,0
2024-09-15,I1,14:00,Torino,Lecce,D,D,2024/2025,50.0,0.0,0,6,1.0,36.84,0.5,1.0,15.79,0.0,2.44,5,1.97,1.67,20,2.12,0.74,0
2024-09-27,I1,19:45,Milan,Lecce,H,H,2024/2025,100.0,33.33,6,7,3.0,36.84,0.67,1.67,47.37,0.0,1.51,15,2.13,2.88,16,1.94,0.74,1
2024-10-05,I1,14:00,Udinese,Lecce,H,D,2024/2025,50.0,25.0,4,3,1.5,36.84,1.0,1.5,52.63,0.0,2.5,13,2.19,1.66,9,1.99,0.74,0
2024-10-26,I1,14:00,Napoli,Lecce,H,D,2024/2025,60.0,20.0,8,2,2.2,36.84,0.4,1.4,47.37,0.0,1.86,24,1.88,2.14,11,2.01,0.74,0
2024-11-02,I1,14:00,Bologna,Lecce,H,D,2024/2025,0.0,20.0,4,0,0.8,36.84,0.6,1.2,47.37,0.0,2.2,20,2.0,1.82,6,2.08,0.74,0
2024-11-25,I1,19:45,Venezia,Lecce,A,D,2024/2025,40.0,20.0,6,2,1.2,36.84,1.4,1.2,31.58,0.2,2.3,16,2.12,1.76,7,1.91,0.74,0
2024-12-07,I1,19:45,Roma,Lecce,H,D,2024/2025,40.0,20.0,9,1,1.4,36.84,1.4,1.4,52.63,0.4,2.1,23,2.05,1.89,3,1.86,0.74,1
2024-12-30,I1,17:30,Como,Lecce,H,D,2024/2025,20.0,20.0,8,1,1.2,36.84,1.6,1.6,47.37,0.4,2.06,15,2.07,1.92,11,1.98,0.74,0
2025-01-11,I1,14:00,Empoli,Lecce,A,A,2024/2025,40.0,40.0,5,6,0.8,36.84,1.4,1.6,36.84,1.0,2.58,15,1.86,1.62,14,1.88,0.74,1
2025-01-19,I1,14:00,Cagliari,Lecce,H,A,2024/2025,60.0,60.0,7,2,1.6,36.84,1.6,2.2,57.89,1.2,2.08,19,1.98,1.91,7,1.95,0.74,1
2025-01-31,I1,19:45,Parma,Lecce,A,D,2024/2025,80.0,80.0,7,3,1.8,36.84,1.8,2.4,52.63,1.6,2.1,19,2.23,1.9,6,2.09,0.74,1
2025-02-16,I1,14:00,Monza,Lecce,D,D,2024/2025,60.0,60.0,3,5,0.8,36.84,1.2,1.6,47.37,1.4,2.56,8,1.95,1.63,19,1.99,0.74,0
2025-02-28,I1,19:45,Fiorentina,Lecce,H,H,2024/2025,40.0,60.0,3,3,1.4,36.84,0.8,1.4,63.16,1.4,2.6,10,1.99,1.62,8,1.88,0.74,0
2025-03-14,I1,19:45,Genoa,Lecce,H,H,2024/2025,20.0,60.0,2,2,1.6,36.84,0.4,1.6,42.11,1.0,2.7,8,1.85,1.58,15,1.85,0.74,1
2025-04-12,I1,19:45,Juventus,Lecce,H,H,2024/2025,40.0,60.0,7,3,1.2,36.84,1.0,1.2,42.11,1.0,2.0,22,1.86,1.98,14,1.85,0.74,1
2025-04-27,I1,19:45,Atalanta,Lecce,D,A,2024/2025,0.0,40.0,6,3,0.6,36.84,0.8,1.2,52.63,0.6,1.67,21,1.93,2.46,10,1.93,0.74,0
2025-05-11,I1,14:00,Verona,Lecce,D,D,2024/2025,20.0,40.0,2,3,0.4,36.84,1.0,1.4,57.89,0.8,2.88,6,1.82,1.52,11,1.89,0.74,0
2025-05-25,I1,19:45,Lazio,Lecce,A,A,2024/2025,20.0,40.0,7,3,1.0,36.84,1.2,1.2,63.16,1.0,1.68,26,1.98,2.42,9,1.41,0.74,0
2024-08-24,I1,17:30,Parma,Milan,H,H,2024/2025,50.0,100.0,5,5,1.5,73.68,1.0,2.0,52.63,1.0,1.67,8,2.06,2.44,17,1.91,1.63,1
2024-08-31,I1,19:45,Lazio,Milan,D,A,2024/2025,100.0,100.0,5,4,2.5,73.68,1.5,2.0,63.16,1.5,1.94,7,1.87,2.04,10,2.2,1.63,1
2024-09-22,I1,19:45,Inter,Milan,A,D,2024/2025,66.67,100.0,4,8,2.33,73.68,0.67,1.67,63.16,1.67,1.79,13,2.07,2.24,16,2.09,1.63,1
2024-10-06,I1,19:45,Fiorentina,Milan,H,H,2024/2025,75.0,100.0,3,8,1.5,73.68,1.0,1.75,63.16,1.5,1.77,12,2.11,2.28,16,1.93,1.63,1
2024-11-02,I1,19:45,Monza,Milan,A,A,2024/2025,40.0,80.0,2,7,1.0,73.68,1.4,1.4,47.37,1.4,2.0,12,2.16,1.99,18,1.92,1.63,0
2024-11-09,I1,17:00,Cagliari,Milan,D,A,2024/2025,60.0,80.0,7,6,1.2,73.68,2.6,1.6,57.89,1.8,1.69,16,1.88,2.4,13,2.14,1.63,1
2024-12-06,I1,19:45,Atalanta,Milan,H,D,2024/2025,80.0,80.0,8,2,3.4,73.68,0.8,1.6,52.63,1.6,1.86,17,2.18,2.14,6,2.06,1.63,1
2024-12-20,I1,19:45,Verona,Milan,A,D,2024/2025,80.0,60.0,2,6,0.8,73.68,3.0,1.4,57.89,1.4,1.85,10,2.15,2.16,14,2.07,1.63,0
2025-01-14,I1,17:30,Como,Milan,A,D,2024/2025,20.0,60.0,4,6,1.2,73.68,1.0,1.2,47.37,1.6,1.9,12,1.88,2.1,12,1.96,1.63,1
2025-01-18,I1,17:00,Juventus,Milan,H,D,2024/2025,60.0,60.0,6,3,2.0,73.68,1.2,1.6,42.11,1.4,2.32,15,1.9,1.74,13,2.1,1.63,0
2025-02-08,I1,17:00,Empoli,Milan,A,D,2024/2025,40.0,40.0,0,5,0.6,73.68,1.8,1.0,36.84,1.2,1.77,8,1.92,2.28,16,1.87,1.63,0
2025-02-22,I1,17:00,Torino,Milan,H,H,2024/2025,20.0,40.0,3,8,1.2,73.68,0.6,1.0,15.79,1.2,1.87,9,1.96,2.12,26,2.08,1.63,1
2025-02-27,I1,19:45,Bologna,Milan,H,A,2024/2025,80.0,60.0,4,4,2.4,73.68,1.2,1.4,47.37,1.2,2.06,14,1.91,1.92,8,1.87,1.63,1
2025-03-08,I1,17:00,Lecce,Milan,A,H,2024/2025,40.0,60.0,3,9,0.4,73.68,1.6,1.6,42.11,1.4,2.0,11,1.87,1.99,16,2.04,1.63,1
2025-03-30,I1,19:45,Napoli,Milan,H,H,2024/2025,60.0,80.0,3,4,1.6,73.68,1.0,1.6,47.37,1.6,1.95,8,1.98,2.04,17,1.94,1.63,1
2025-04-11,I1,19:45,Udinese,Milan,A,A,2024/2025,60.0,100.0,5,7,1.4,73.68,1.4,1.6,52.63,2.0,1.98,14,1.95,2.0,14,2.0,1.63,1
2025-04-27,I1,11:30,Venezia,Milan,A,A,2024/2025,0.0,80.0,2,2,0.2,73.68,0.6,1.2,31.58,2.2,1.72,15,2.15,2.36,12,1.98,1.63,0
2025-05-05,I1,19:45,Genoa,Milan,A,D,2024/2025,40.0,80.0,4,5,1.0,73.68,1.2,1.0,42.11,2.4,1.87,11,2.02,2.14,10,2.02,1.63,1
2025-05-18,I1,19:45,Roma,Milan,H,D,2024/2025,20.0,80.0,6,3,1.4,73.68,0.4,1.2,52.63,2.0,1.82,15,2.04,2.18,12,1.88,1.63,1
2024-08-17,I1,19:45,Empoli,Monza,D,D,2024/2025,0.0,0.0,1,1,0.0,52.63,0.0,0.0,36.84,0.0,2.32,9,1.86,1.74,4,1.82,0.79,0
2024-09-01,I1,17:30,Fiorentina,Monza,D,A,2024/2025,50.0,50.0,5,3,1.0,52.63,1.0,1.0,63.16,1.0,2.16,15,2.19,1.86,4,2.02,0.79,1
2024-09-29,I1,19:45,Napoli,Monza,H,H,2024/2025,66.67,33.33,2,1,2.33,52.63,0.33,1.33,47.37,0.67,1.8,11,2.03,2.22,5,2.1,0.79,0
2024-10-21,I1,19:45,Verona,Monza,A,A,2024/2025,100.0,50.0,4,4,1.4,52.63,2.0,1.0,57.89,1.25,2.4,16,1.93,1.7,10,1.93,0.79,1
2024-10-30,I1,19:45,Atalanta,Monza,H,D,2024/2025,80.0,40.0,6,3,3.6,52.63,1.4,1.2,52.63,1.0,1.7,16,2.05,2.38,4,2.02,0.79,0
2024-11-24,I1,14:00,Torino,Monza,D,D,2024/2025,20.0,40.0,5,6,0.8,52.63,1.0,1.4,15.79,1.2,2.76,12,1.83,1.56,9,1.85,0.79,0
2024-11-30,I1,14:00,Como,Monza,D,H,2024/2025,40.0,20.0,3,3,1.2,52.63,2.2,1.2,47.37,1.0,2.06,17,2.0,1.92,9,1.82,0.79,0
2024-12-15,I1,11:30,Lecce,Monza,H,H,2024/2025,40.0,40.0,4,1,1.0,52.63,1.8,1.2,42.11,1.2,2.38,11,2.04,1.71,10,1.8,0.79,1
2024-12-28,I1,14:00,Parma,Monza,H,D,2024/2025,80.0,40.0,3,4,1.6,52.63,1.8,1.6,52.63,0.8,1.99,9,2.06,2.0,10,1.92,0.79,1
2025-01-18,I1,14:00,Bologna,Monza,H,H,2024/2025,80.0,60.0,7,1,2.2,52.63,1.2,1.8,47.37,1.0,2.18,18,1.9,1.83,3,1.83,0.79,1
2025-01-27,I1,19:45,Genoa,Monza,H,D,2024/2025,40.0,60.0,6,1,1.2,52.63,0.8,2.0,42.11,0.8,2.56,18,1.97,1.63,5,2.01,0.79,0
2025-02-09,I1,14:00,Lazio,Monza,H,H,2024/2025,60.0,80.0,9,1,1.6,52.63,2.2,2.8,63.16,0.8,1.65,26,2.08,2.52,3,2.06,0.79,1
2025-02-24,I1,19:45,Roma,Monza,H,H,2024/2025,60.0,80.0,6,2,3.0,52.63,0.4,3.2,52.63,0.6,1.77,23,2.14,2.26,5,1.95,0.79,1
2025-03-08,I1,19:45,Inter,Monza,H,A,2024/2025,80.0,80.0,9,4,2.2,52.63,1.2,3.4,63.16,0.8,1.57,30,2.17,2.74,8,1.89,0.79,1
2025-03-30,I1,11:30,Cagliari,Monza,H,D,2024/2025,60.0,80.0,4,3,1.4,52.63,1.0,3.4,57.89,0.6,2.12,11,1.87,1.87,12,2.02,0.79,1
2025-04-12,I1,14:00,Venezia,Monza,H,D,2024/2025,0.0,80.0,4,3,0.2,52.63,0.4,3.2,31.58,0.6,2.1,9,1.91,1.89,10,1.96,0.79,0
2025-04-27,I1,17:00,Juventus,Monza,H,H,2024/2025,40.0,60.0,5,3,1.4,52.63,1.0,2.6,42.11,0.4,1.59,10,2.06,2.66,12,1.88,0.79,0
2025-05-11,I1,11:30,Udinese,Monza,A,D,2024/2025,40.0,60.0,5,2,0.4,52.63,1.4,2.0,52.63,0.8,1.9,21,2.14,2.08,5,2.01,0.79,1
2025-05-24,I1,19:45,Milan,Monza,H,D,2024/2025,60.0,40.0,6,2,1.8,52.63,1.0,1.8,47.37,0.4,1.42,21,2.06,3.3,6,1.92,0.79,0
2024-08-18,I1,17:30,Verona,Napoli,H,D,2024/2025,100.0,100.0,5,5,3.0,42.11,0.0,3.0,57.89,0.0,1.99,8,2.0,2.0,15,2.07,1.42,1
2024-09-15,I1,17:00,Cagliari,Napoli,A,A,2024/2025,33.33,100.0,3,5,0.33,42.11,1.67,1.5,57.89,2.0,1.87,16,2.08,2.14,12,1.85,1.42,1
2024-09-21,I1,17:00,Juventus,Napoli,D,D,2024/2025,33.33,66.67,1,1,1.0,42.11,0.0,1.0,42.11,1.33,2.42,9,1.91,1.69,8,1.99,1.42,0
2024-10-20,I1,11:30,Empoli,Napoli,A,D,2024/2025,0.0,50.0,4,1,0.0,42.11,0.25,0.75,36.84,1.25,2.2,11,1.96,1.83,9,1.91,1.42,0
2024-10-29,I1,19:45,Milan,Napoli,A,A,2024/2025,60.0,40.0,5,4,2.0,42.11,0.8,0.6,47.37,1.4,2.06,13,1.91,1.94,9,2.13,1.42,0
2024-11-10,I1,19:45,Inter,Napoli,D,D,2024/2025,60.0,20.0,4,2,2.0,42.11,1.8,0.2,63.16,1.6,1.98,13,2.14,2.0,5,2.06,1.42,0
2024-12-01,I1,14:00,Torino,Napoli,A,A,2024/2025,20.0,0.0,1,6,0.8,42.11,1.2,0.2,15.79,1.0,2.52,5,2.0,1.64,16,2.09,1.42,0
2024-12-14,I1,17:00,Udinese,Napoli,A,H,2024/2025,20.0,20.0,3,4,0.8,42.11,1.4,0.4,52.63,1.6,2.32,7,2.03,1.74,17,2.06,1.42,1
2024-12-21,I1,17:00,Genoa,Napoli,A,A,2024/2025,40.0,40.0,3,2,0.8,42.11,1.2,0.6,42.11,1.8,2.4,11,2.02,1.7,12,1.94,1.42,1
2025-01-04,I1,17:00,Fiorentina,Napoli,A,A,2024/2025,80.0,60.0,2,4,2.0,42.11,1.4,0.6,63.16,2.0,2.46,14,2.08,1.67,10,1.89,1.42,1
2025-01-18,I1,19:45,Atalanta,Napoli,A,A,2024/2025,80.0,80.0,6,3,2.0,42.11,1.6,0.8,52.63,2.4,2.32,15,2.0,1.75,6,1.89,1.42,1
2025-02-02,I1,19:45,Roma,Napoli,D,A,2024/2025,60.0,80.0,2,2,3.0,42.11,0.6,1.0,52.63,2.4,2.24,12,1.94,1.79,5,2.13,1.42,0
2025-02-15,I1,17:00,Lazio,Napoli,D,D,2024/2025,60.0,80.0,5,3,2.0,42.11,1.4,1.2,63.16,2.2,2.4,12,1.89,1.7,6,2.04,1.42,1
2025-02-23,I1,11:30,Como,Napoli,H,D,2024/2025,100.0,80.0,3,4,1.8,42.11,1.6,1.4,47.37,2.0,2.5,8,2.03,1.65,13,1.96,1.42,1
2025-03-16,I1,11:30,Venezia,Napoli,D,D,2024/2025,0.0,60.0,4,7,0.2,42.11,0.6,1.4,31.58,1.4,2.14,13,1.87,1.86,15,1.95,1.42,0
2025-04-07,I1,19:45,Bologna,Napoli,D,A,2024/2025,80.0,40.0,4,2,2.6,42.11,1.0,1.2,47.37,1.0,2.7,12,2.17,1.58,6,1.91,1.42,0
2025-04-19,I1,17:00,Monza,Napoli,A,D,2024/2025,20.0,40.0,0,5,0.4,42.11,1.4,1.0,47.37,1.0,1.86,8,2.03,2.14,16,1.9,1.42,0
2025-05-03,I1,17:00,Lecce,Napoli,A,A,2024/2025,40.0,20.0,1,2,0.6,42.11,1.8,0.6,42.11,0.8,2.2,9,1.89,1.81,8,1.97,1.42,0
2025-05-18,I1,19:45,Parma,Napoli,D,D,2024/2025,40.0,0.0,4,2,1.0,42.11,1.0,0.2,52.63,0.6,1.96,6,2.12,2.02,7,1.94,1.42,0
2024-08-31,I1,19:45,Napoli,Parma,H,A,2024/2025,100.0,100.0,7,2,2.5,57.89,0.5,2.0,47.37,1.0,1.63,29,2.03,2.56,13,1.84,1.0,1
2024-09-21,I1,19:45,Lecce,Parma,D,H,2024/2025,66.67,100.0,3,10,1.0,57.89,2.0,2.0,42.11,1.5,1.97,14,2.12,2.02,24,2.01,1.0,1
2024-10-06,I1,14:00,Bologna,Parma,D,D,2024/2025,0.0,66.67,3,2,0.75,57.89,0.75,1.33,47.37,1.0,1.83,19,1.92,2.2,13,2.08,1.0,0
2024-10-19,I1,14:00,Como,Parma,D,D,2024/2025,66.67,50.0,3,3,2.0,57.89,1.67,1.25,47.37,1.0,1.65,11,1.95,2.5,9,1.96,1.0,0
2024-10-30,I1,19:45,Juventus,Parma,D,A,2024/2025,20.0,60.0,6,5,0.8,57.89,0.6,1.4,42.11,1.2,1.67,24,1.97,2.48,13,1.98,1.0,1
2024-11-09,I1,14:00,Venezia,Parma,A,D,2024/2025,40.0,60.0,6,3,1.2,57.89,1.4,1.2,31.58,1.4,1.65,12,2.02,2.48,10,2.06,1.0,1
2024-12-06,I1,17:30,Inter,Parma,H,H,2024/2025,60.0,60.0,5,2,2.4,57.89,1.6,1.4,63.16,1.2,1.35,18,2.11,3.8,5,2.11,1.0,1
2024-12-22,I1,11:30,Roma,Parma,H,H,2024/2025,60.0,80.0,9,3,2.4,57.89,1.2,2.4,52.63,1.2,1.53,19,2.14,2.88,9,2.07,1.0,1
2025-01-05,I1,17:00,Torino,Parma,D,D,2024/2025,0.0,80.0,4,3,0.2,57.89,1.0,2.2,15.79,1.0,2.02,12,1.92,1.97,10,2.06,1.0,0
2025-01-12,I1,11:30,Genoa,Parma,H,D,2024/2025,40.0,60.0,4,3,1.0,57.89,1.0,2.0,42.11,0.6,2.02,14,1.91,1.97,9,1.94,1.0,0
2025-01-26,I1,11:30,Milan,Parma,H,D,2024/2025,40.0,60.0,5,5,1.6,57.89,0.8,2.4,47.37,0.6,1.41,14,1.99,3.35,12,2.07,1.0,1
2025-02-09,I1,14:00,Cagliari,Parma,H,D,2024/2025,80.0,60.0,3,1,1.4,57.89,1.6,2.2,57.89,0.6,1.84,14,2.0,2.18,9,2.07,1.0,1
2025-03-01,I1,19:45,Udinese,Parma,H,H,2024/2025,60.0,40.0,6,4,1.6,57.89,0.8,1.4,52.63,0.6,1.91,20,2.07,2.08,9,2.14,1.0,0
2025-03-15,I1,14:00,Monza,Parma,D,D,2024/2025,20.0,40.0,4,6,0.6,57.89,1.0,1.6,47.37,0.8,2.02,12,2.1,1.94,14,1.81,1.0,0
2025-03-31,I1,17:30,Verona,Parma,D,D,2024/2025,60.0,40.0,0,1,0.4,57.89,2.0,1.4,57.89,0.8,2.32,6,1.95,1.74,10,1.85,1.0,0
2025-04-13,I1,14:00,Fiorentina,Parma,D,D,2024/2025,20.0,20.0,3,3,1.0,57.89,0.4,0.8,63.16,0.4,2.0,9,1.97,1.97,7,2.01,1.0,0
2025-04-28,I1,19:45,Lazio,Parma,D,A,2024/2025,40.0,20.0,7,5,1.4,57.89,1.4,0.8,63.16,0.6,1.69,14,2.12,2.42,7,1.95,1.0,1
2025-05-10,I1,19:45,Empoli,Parma,H,H,2024/2025,40.0,40.0,4,1,0.8,57.89,1.0,1.0,36.84,0.8,2.54,15,1.9,1.64,3,2.01,1.0,1
2025-05-25,I1,19:45,Atalanta,Parma,A,H,2024/2025,40.0,60.0,5,10,1.4,57.89,1.2,1.2,52.63,1.2,1.67,11,2.07,2.48,18,1.92,1.0,1
2024-08-18,I1,19:45,Cagliari,Roma,D,D,2024/2025,0.0,0.0,2,3,0.0,26.32,0.0,0.0,57.89,0.0,1.95,12,1.86,2.04,13,2.02,1.0,0
2024-09-01,I1,19:45,Juventus,Roma,D,D,2024/2025,50.0,0.0,1,1,1.5,26.32,0.0,0.0,42.11,0.0,2.14,8,1.9,1.86,7,1.9,1.0,0
2024-09-15,I1,11:30,Genoa,Roma,D,A,2024/2025,33.33,0.0,8,6,1.0,26.32,1.67,0.33,42.11,0.33,2.28,20,1.95,1.76,16,2.0,1.0,0
2024-10-06,I1,17:00,Monza,Roma,D,D,2024/2025,25.0,0.0,3,4,0.75,26.32,1.25,0.5,47.37,0.5,2.34,3,2.06,1.73,15,2.0,1.0,0
2024-10-27,I1,19:45,Fiorentina,Roma,H,H,2024/2025,80.0,20.0,10,5,2.2,26.32,1.0,1.4,63.16,0.6,2.14,21,2.18,1.87,14,2.08,1.0,1
2024-11-03,I1,17:00,Verona,Roma,H,H,2024/2025,100.0,40.0,3,3,1.4,26.32,2.4,2.0,57.89,1.0,2.14,7,2.17,1.86,14,1.84,1.0,1
2024-11-24,I1,17:00,Napoli,Roma,H,D,2024/2025,40.0,40.0,2,1,1.4,26.32,0.8,2.2,47.37,1.0,2.24,14,2.02,1.8,6,1.95,1.0,0
2024-12-15,I1,17:00,Como,Roma,H,D,2024/2025,20.0,40.0,7,1,1.0,26.32,1.8,2.4,47.37,0.8,2.04,18,1.92,1.95,6,1.96,1.0,0
2024-12-29,I1,19:45,Milan,Roma,D,D,2024/2025,20.0,40.0,7,5,0.8,26.32,0.6,2.4,47.37,0.8,2.22,21,1.93,1.8,12,1.99,1.0,0
2025-01-12,I1,17:00,Bologna,Roma,D,D,2024/2025,60.0,40.0,8,4,1.8,26.32,1.0,1.8,47.37,1.0,2.16,14,2.08,1.84,11,1.91,1.0,1
2025-01-26,I1,14:00,Udinese,Roma,A,H,2024/2025,60.0,40.0,3,10,0.8,26.32,1.8,1.4,52.63,1.0,2.14,10,2.17,1.86,16,1.99,1.0,1
2025-02-09,I1,11:30,Venezia,Roma,A,D,2024/2025,20.0,40.0,3,5,0.8,26.32,1.0,1.2,31.58,1.2,1.94,12,1.96,2.04,13,1.94,1.0,0
2025-02-16,I1,17:00,Parma,Roma,A,A,2024/2025,60.0,40.0,1,4,1.2,26.32,1.8,0.8,52.63,1.4,1.88,5,2.2,2.12,16,2.12,1.0,0
2025-03-09,I1,17:00,Empoli,Roma,A,A,2024/2025,40.0,40.0,1,7,0.4,26.32,2.4,0.6,36.84,1.4,2.22,3,2.12,1.8,16,2.04,1.0,0
2025-03-29,I1,19:45,Lecce,Roma,A,D,2024/2025,40.0,20.0,4,6,0.4,26.32,1.8,0.2,42.11,1.2,2.28,17,2.02,1.77,16,2.08,1.0,0
2025-04-13,I1,19:45,Lazio,Roma,D,D,2024/2025,40.0,0.0,7,4,2.0,26.32,1.2,0.2,63.16,1.0,2.22,12,2.08,1.81,9,1.87,1.0,0
2025-04-27,I1,14:00,Inter,Roma,A,A,2024/2025,60.0,0.0,2,7,1.8,26.32,1.0,0.2,63.16,1.0,1.8,17,1.93,2.22,19,1.91,1.0,0
2025-05-12,I1,19:45,Atalanta,Roma,H,D,2024/2025,20.0,20.0,3,4,1.0,26.32,1.0,0.6,52.63,1.0,1.83,16,1.86,2.18,10,1.87,1.0,1
2025-05-25,I1,19:45,Torino,Roma,A,A,2024/2025,0.0,20.0,4,5,0.8,26.32,1.2,0.6,15.79,1.2,1.75,11,2.04,2.28,15,1.64,1.0,0
2024-08-17,I1,19:45,Milan,Torino,D,A,2024/2025,100.0,100.0,6,3,2.0,36.84,2.0,2.0,47.37,2.0,1.83,20,2.1,2.18,6,2.14,1.16,1
2024-08-30,I1,17:30,Venezia,Torino,A,D,2024/2025,0.0,50.0,4,6,0.0,36.84,1.0,1.0,31.58,1.5,2.28,13,2.0,1.76,12,1.94,1.16,0
2024-09-20,I1,19:45,Verona,Torino,A,A,2024/2025,100.0,66.67,2,3,1.67,36.84,2.0,1.33,57.89,2.0,2.9,8,1.98,1.52,16,2.02,1.16,1
2024-10-05,I1,19:45,Inter,Torino,H,H,2024/2025,75.0,75.0,8,5,2.5,36.84,1.0,1.75,63.16,2.0,1.78,29,1.96,2.26,7,1.97,1.16,1
2024-10-20,I1,17:00,Cagliari,Torino,H,D,2024/2025,40.0,80.0,5,5,0.8,36.84,1.8,2.0,57.89,2.0,2.28,18,1.88,1.77,17,1.98,1.16,1
2024-10-31,I1,19:45,Roma,Torino,H,H,2024/2025,60.0,60.0,3,2,1.4,36.84,0.8,1.8,52.63,1.6,2.26,10,1.87,1.77,4,2.01,1.16,0
2024-11-09,I1,19:45,Juventus,Torino,H,H,2024/2025,20.0,60.0,4,1,1.2,36.84,0.6,2.2,42.11,1.4,2.76,13,1.86,1.55,6,1.89,1.16,0
2024-12-07,I1,14:00,Genoa,Torino,D,D,2024/2025,40.0,40.0,1,3,1.0,36.84,1.2,1.8,42.11,0.8,2.84,5,1.82,1.53,10,1.82,1.16,0
2024-12-13,I1,19:45,Empoli,Torino,A,D,2024/2025,20.0,20.0,4,4,0.4,36.84,1.2,1.2,36.84,0.6,3.15,10,1.81,1.45,14,2.15,1.16,0
2024-12-29,I1,11:30,Udinese,Torino,D,H,2024/2025,40.0,20.0,3,6,1.0,36.84,1.8,1.0,52.63,0.6,2.48,10,2.01,1.66,12,2.02,1.16,1
2025-01-19,I1,11:30,Fiorentina,Torino,D,H,2024/2025,60.0,20.0,6,3,1.2,36.84,1.4,1.0,63.16,0.8,2.18,20,1.9,1.83,6,1.94,1.16,0
2025-02-01,I1,17:00,Atalanta,Torino,D,D,2024/2025,60.0,20.0,10,3,1.8,36.84,1.6,0.8,52.63,1.0,2.02,22,1.93,1.97,5,1.87,1.16,0
2025-02-14,I1,19:45,Bologna,Torino,H,D,2024/2025,80.0,40.0,7,5,2.4,36.84,1.6,1.4,47.37,1.4,2.6,23,1.92,1.61,8,1.87,1.16,1
2025-03-02,I1,11:30,Monza,Torino,A,A,2024/2025,40.0,40.0,2,7,0.6,36.84,1.2,1.4,47.37,1.6,2.44,9,2.0,1.68,13,2.0,1.16,0
2025-03-08,I1,14:00,Parma,Torino,D,A,2024/2025,40.0,40.0,4,2,1.2,36.84,1.4,1.4,52.63,1.6,2.3,12,1.97,1.76,6,2.17,1.16,1
2025-03-31,I1,19:45,Lazio,Torino,D,D,2024/2025,60.0,40.0,6,2,2.0,36.84,1.4,1.4,63.16,1.6,2.36,16,2.16,1.72,7,1.9,1.16,0
2025-04-13,I1,17:00,Como,Torino,H,H,2024/2025,40.0,40.0,7,4,1.2,36.84,1.0,1.4,47.37,1.4,2.16,15,2.05,1.84,10,2.01,1.16,0
2025-04-27,I1,19:45,Napoli,Torino,H,H,2024/2025,60.0,20.0,2,0,2.0,36.84,0.6,1.2,47.37,1.0,2.08,8,2.06,1.91,9,1.85,1.16,0
2025-05-18,I1,19:45,Lecce,Torino,H,D,2024/2025,20.0,20.0,4,4,0.4,36.84,1.2,1.4,42.11,0.6,2.6,10,2.16,1.61,10,2.03,1.16,0
2024-08-18,I1,17:30,Bologna,Udinese,D,D,2024/2025,0.0,0.0,7,2,1.0,47.37,1.0,1.0,47.37,1.0,2.42,22,1.86,1.68,4,1.99,1.0,0
2024-09-16,I1,17:30,Parma,Udinese,A,H,2024/2025,66.67,50.0,3,6,1.67,47.37,1.67,1.5,52.63,2.0,2.04,9,1.97,1.94,18,1.94,1.0,1
2024-09-22,I1,17:00,Roma,Udinese,H,H,2024/2025,100.0,66.67,6,3,2.0,47.37,1.0,2.0,52.63,1.33,1.93,14,2.03,2.06,9,2.11,1.0,1
2024-10-19,I1,17:00,Milan,Udinese,H,H,2024/2025,75.0,50.0,5,1,2.5,47.37,0.5,1.75,47.37,1.0,1.63,10,2.17,2.54,13,2.08,1.0,0
2024-10-30,I1,17:30,Venezia,Udinese,H,A,2024/2025,25.0,60.0,7,5,1.25,47.37,1.25,2.0,31.58,1.2,2.34,18,2.01,1.73,15,2.0,1.0,1
2024-11-10,I1,11:30,Atalanta,Udinese,H,A,2024/2025,80.0,80.0,4,6,3.4,47.37,1.2,2.2,52.63,1.2,1.94,11,1.91,2.04,11,2.09,1.0,1
2024-11-25,I1,17:30,Empoli,Udinese,D,H,2024/2025,20.0,60.0,2,3,0.4,47.37,1.0,2.0,36.84,0.8,2.84,4,1.91,1.53,16,1.94,1.0,0
2024-12-09,I1,19:45,Monza,Udinese,A,A,2024/2025,40.0,60.0,4,3,0.8,47.37,1.4,1.6,47.37,1.2,2.7,27,2.03,1.58,10,2.04,1.0,1
2024-12-23,I1,17:30,Fiorentina,Udinese,A,H,2024/2025,80.0,80.0,3,4,2.4,47.37,1.0,1.6,63.16,1.6,1.84,14,1.93,2.16,11,1.79,1.0,1
2025-01-04,I1,19:45,Verona,Udinese,D,D,2024/2025,60.0,60.0,3,6,0.8,47.37,2.4,1.0,57.89,1.2,2.3,13,2.2,1.76,15,2.22,1.0,0
2025-01-20,I1,19:45,Como,Udinese,H,H,2024/2025,40.0,60.0,8,2,2.0,47.37,0.8,1.4,47.37,1.2,2.16,11,2.12,1.84,6,2.1,1.0,1
2025-02-09,I1,19:45,Napoli,Udinese,D,D,2024/2025,20.0,60.0,4,4,1.2,47.37,0.6,1.4,47.37,1.2,2.04,18,1.87,1.96,8,1.89,1.0,0
2025-02-21,I1,19:45,Lecce,Udinese,A,A,2024/2025,40.0,40.0,1,5,0.2,47.37,1.4,1.2,42.11,1.0,2.5,10,1.87,1.65,12,1.84,1.0,0
2025-03-10,I1,19:45,Lazio,Udinese,D,D,2024/2025,60.0,20.0,5,4,2.0,47.37,1.4,1.2,63.16,0.8,2.14,10,2.09,1.86,15,1.93,1.0,0
2025-03-30,I1,17:00,Inter,Udinese,H,H,2024/2025,80.0,40.0,3,4,2.2,47.37,1.0,1.6,63.16,1.0,1.95,13,1.92,2.04,11,2.0,1.0,1
2025-04-04,I1,19:45,Genoa,Udinese,H,D,2024/2025,20.0,20.0,7,2,1.6,47.37,0.4,1.0,42.11,0.8,2.86,13,1.91,1.53,5,1.85,1.0,0
2025-04-23,I1,17:30,Torino,Udinese,H,H,2024/2025,20.0,20.0,4,6,1.4,47.37,0.6,1.2,15.79,0.6,2.64,10,1.81,1.6,10,1.86,1.0,0
2025-05-03,I1,14:00,Cagliari,Udinese,A,D,2024/2025,60.0,40.0,2,3,1.2,47.37,1.2,1.4,57.89,0.8,2.44,8,2.23,1.68,11,2.05,1.0,1
2025-05-18,I1,19:45,Juventus,Udinese,H,D,2024/2025,40.0,40.0,7,2,1.4,47.37,1.0,1.6,42.11,0.6,1.87,24,1.97,2.12,7,1.98,1.0,0
2024-08-18,I1,19:45,Lazio,Venezia,H,H,2024/2025,100.0,100.0,6,3,3.0,52.63,1.0,3.0,63.16,1.0,1.94,13,1.98,2.02,11,1.84,0.79,1
2024-08-25,I1,17:30,Fiorentina,Venezia,D,D,2024/2025,0.0,50.0,8,4,0.0,52.63,0.0,1.5,63.16,0.5,1.78,12,1.86,2.26,7,1.9,0.79,0
2024-09-14,I1,19:45,Milan,Venezia,H,H,2024/2025,100.0,66.67,8,1,3.0,52.63,1.0,2.33,47.37,0.33,1.5,12,1.97,2.98,6,2.05,0.79,1
2024-09-29,I1,14:00,Roma,Venezia,H,A,2024/2025,100.0,75.0,5,7,2.0,52.63,1.0,2.25,52.63,0.5,1.82,22,1.83,2.2,18,1.98,0.79,1
2024-10-04,I1,19:45,Verona,Venezia,H,D,2024/2025,100.0,80.0,4,2,1.75,52.63,1.75,2.2,57.89,0.6,2.2,13,2.1,1.81,11,1.83,0.79,1
2024-10-27,I1,14:00,Monza,Venezia,D,D,2024/2025,40.0,80.0,2,2,1.0,52.63,1.4,2.0,47.37,0.8,2.12,13,2.09,1.87,6,2.07,0.79,1
2024-11-03,I1,19:45,Inter,Venezia,H,D,2024/2025,80.0,80.0,8,2,2.6,52.63,1.6,2.2,63.16,0.8,1.41,20,2.13,3.4,7,2.06,0.79,0
2024-11-30,I1,19:45,Bologna,Venezia,H,H,2024/2025,20.0,80.0,9,1,1.2,52.63,0.4,2.0,47.37,0.8,2.32,16,2.06,1.74,5,2.06,0.79,1
2024-12-14,I1,19:45,Juventus,Venezia,D,H,2024/2025,60.0,80.0,4,2,1.8,52.63,1.2,2.0,42.11,1.0,1.99,12,2.04,2.0,8,1.9,0.79,1
2024-12-29,I1,14:00,Napoli,Venezia,H,D,2024/2025,20.0,60.0,8,2,0.6,52.63,0.8,1.8,47.37,0.8,1.75,25,2.12,2.32,4,1.86,0.79,0
2025-01-19,I1,14:00,Parma,Venezia,D,A,2024/2025,80.0,40.0,8,2,1.8,52.63,1.8,1.6,52.63,0.6,1.87,19,2.06,2.12,7,2.0,0.79,0
2025-02-01,I1,14:00,Udinese,Venezia,H,D,2024/2025,80.0,60.0,5,3,1.4,52.63,1.8,2.0,52.63,1.0,1.99,13,1.93,2.0,14,2.09,0.79,1
2025-02-17,I1,19:45,Genoa,Venezia,H,D,2024/2025,20.0,40.0,5,3,1.2,52.63,0.4,1.8,42.11,1.0,2.5,14,2.13,1.65,7,2.03,0.79,0
2025-03-01,I1,14:00,Atalanta,Venezia,D,D,2024/2025,20.0,20.0,3,2,0.8,52.63,1.0,1.4,52.63,0.6,1.54,18,1.98,2.82,8,2.11,0.79,0
2025-03-08,I1,14:00,Como,Venezia,D,D,2024/2025,80.0,20.0,7,6,1.8,52.63,1.4,1.4,47.37,0.8,2.02,12,2.12,1.95,11,1.89,0.79,0
2025-04-06,I1,11:30,Lecce,Venezia,D,D,2024/2025,20.0,20.0,4,3,0.6,52.63,1.2,1.4,42.11,0.8,2.5,23,1.89,1.65,13,1.99,0.79,0
2025-04-20,I1,14:00,Empoli,Venezia,D,D,2024/2025,40.0,20.0,4,7,0.4,52.63,2.0,1.2,36.84,0.8,2.62,11,1.95,1.6,13,1.89,0.79,1
2025-05-02,I1,19:45,Torino,Venezia,D,A,2024/2025,20.0,20.0,4,3,1.4,52.63,0.6,1.0,15.79,1.0,2.38,19,1.8,1.71,7,1.87,0.79,0
2025-05-18,I1,19:45,Cagliari,Venezia,H,H,2024/2025,80.0,40.0,5,1,1.8,52.63,1.0,1.6,57.89,1.0,2.36,20,1.99,1.72,10,2.12,0.79,1
2024-09-01,I1,17:30,Genoa,Verona,A,D,2024/2025,50.0,0.0,1,3,1.0,36.84,2.0,0.0,42.11,2.0,2.42,11,2.16,1.7,10,1.9,1.0,0
2024-09-16,I1,19:45,Lazio,Verona,H,H,2024/2025,100.0,50.0,7,2,2.33,36.84,1.33,1.0,63.16,1.5,2.02,14,1.94,1.97,7,2.09,1.0,1
2024-09-29,I1,14:00,Como,Verona,H,H,2024/2025,100.0,66.67,11,3,2.5,36.84,2.0,1.67,47.37,1.67,2.18,24,2.02,1.83,6,2.15,1.0,1
2024-10-26,I1,19:45,Atalanta,Verona,H,H,2024/2025,100.0,75.0,10,2,4.0,36.84,1.75,2.75,52.63,1.5,1.6,19,1.9,2.62,4,2.08,1.0,1
2024-10-29,I1,17:30,Lecce,Verona,H,D,2024/2025,60.0,60.0,6,1,0.8,36.84,2.4,2.4,42.11,1.2,2.36,14,1.99,1.72,7,1.96,1.0,0
2024-11-10,I1,14:00,Fiorentina,Verona,H,D,2024/2025,100.0,80.0,6,2,2.8,36.84,1.2,3.0,63.16,1.0,1.8,11,2.14,2.22,8,1.86,1.0,1
2024-11-29,I1,19:45,Cagliari,Verona,H,D,2024/2025,40.0,60.0,6,2,1.4,36.84,1.8,2.8,57.89,0.8,1.98,19,1.99,2.0,11,2.0,1.0,0
2024-12-15,I1,14:00,Parma,Verona,A,D,2024/2025,60.0,60.0,8,6,1.4,36.84,1.8,2.6,52.63,1.0,1.9,19,2.15,2.1,17,2.07,1.0,1
2024-12-30,I1,19:45,Bologna,Verona,A,A,2024/2025,40.0,60.0,7,4,1.4,36.84,0.6,1.8,47.37,1.4,2.08,23,2.25,1.92,8,2.05,1.0,1
2025-01-12,I1,19:45,Napoli,Verona,H,H,2024/2025,20.0,60.0,3,2,0.8,36.84,0.8,2.0,47.37,1.4,1.87,14,1.95,2.14,6,1.92,1.0,0
2025-01-27,I1,17:30,Venezia,Verona,D,H,2024/2025,40.0,40.0,1,5,1.2,36.84,1.2,1.6,31.58,1.4,1.95,9,1.97,2.04,21,1.96,1.0,0
2025-02-01,I1,14:00,Monza,Verona,A,A,2024/2025,80.0,40.0,2,4,1.0,36.84,1.6,1.4,47.37,1.6,2.3,9,1.87,1.76,12,1.95,1.0,0
2025-02-15,I1,19:45,Milan,Verona,H,D,2024/2025,20.0,20.0,3,2,1.4,36.84,1.0,1.2,47.37,1.0,1.65,18,1.93,2.5,7,1.93,1.0,0
2025-03-03,I1,19:45,Juventus,Verona,H,D,2024/2025,40.0,0.0,9,2,2.2,36.84,0.6,1.2,42.11,0.4,1.95,27,1.89,2.04,5,1.87,1.0,0
2025-03-15,I1,14:00,Udinese,Verona,A,D,2024/2025,60.0,0.0,3,2,1.6,36.84,1.0,0.8,52.63,0.6,2.36,11,1.88,1.72,7,1.93,1.0,0
2025-04-06,I1,14:00,Torino,Verona,D,D,2024/2025,20.0,0.0,3,1,1.4,36.84,0.6,0.8,15.79,0.6,2.8,7,1.99,1.54,13,1.85,1.0,0
2025-04-19,I1,19:45,Roma,Verona,H,H,2024/2025,40.0,0.0,3,2,1.8,36.84,0.4,1.0,52.63,0.4,2.16,6,1.9,1.86,8,1.96,1.0,0
2025-05-03,I1,19:45,Inter,Verona,H,H,2024/2025,60.0,0.0,2,1,1.8,36.84,1.0,1.0,63.16,0.4,2.0,9,1.83,1.99,6,1.86,1.0,0
2025-05-25,I1,19:45,Empoli,Verona,A,D,2024/2025,60.0,20.0,5,2,1.0,36.84,1.2,0.8,36.84,0.8,3.3,14,1.95,1.41,5,1.9,1.0,1
