Date,Div,HomeTeam,AwayTeam,FTHG,FTAG,FTR,HTHG,HTAG,Season,Over2.5,Last5HomeOver2.5Perc,Last5AwayOver2.5Perc,HomeOver2.5Perc,AwayOver2.5Perc,HS,AS,AF,HF,MaxCA,HC,AC,HST,AST,MaxCH,MaxAHA,AY
2023-08-20,I1,Sassuolo,Atalanta,0,2,A,0,0,2023/2024,0,0.0,0.0,47.37,63.16,11,16,13,9,2.27,7,7,3,6,3.6,1.89,0
2023-08-26,I1,Frosinone,Atalanta,2,1,H,2,0,2023/2024,1,100.0,50.0,73.68,63.16,13,18,10,10,1.71,3,7,5,6,6.0,1.88,2
2023-09-17,I1,Fiorentina,Atalanta,3,2,H,2,1,2023/2024,1,100.0,66.67,68.42,63.16,15,11,14,8,2.78,3,4,8,4,2.8,2.09,2
2023-09-27,I1,Verona,Atalanta,0,1,A,0,1,2023/2024,0,33.33,50.0,57.89,63.16,11,8,25,10,1.95,4,1,2,2,4.61,1.85,3
2023-10-08,I1,Lazio,Atalanta,3,2,H,2,1,2023/2024,1,25.0,60.0,26.32,63.16,12,12,10,7,2.72,4,6,4,4,3.14,1.91,1
2023-10-30,I1,Empoli,Atalanta,0,3,A,0,2,2023/2024,1,20.0,80.0,31.58,63.16,9,18,13,10,1.7,3,6,2,6,5.5,1.91,0
2023-11-12,I1,Udinese,Atalanta,1,1,D,1,0,2023/2024,0,20.0,60.0,47.37,63.16,13,8,13,13,2.23,7,7,4,2,3.87,2.06,3
2023-12-04,I1,Torino,Atalanta,3,0,H,1,0,2023/2024,1,60.0,60.0,26.32,63.16,9,10,14,12,2.62,4,3,5,4,3.22,2.16,2
2023-12-23,I1,Bologna,Atalanta,1,0,H,0,0,2023/2024,0,20.0,60.0,36.84,63.16,9,12,14,10,2.88,2,3,1,2,3.08,1.98,4
2024-01-07,I1,Roma,Atalanta,1,1,D,1,1,2023/2024,0,40.0,40.0,52.63,63.16,16,8,14,14,3.85,6,5,6,2,2.35,1.9,6
2024-02-11,I1,Genoa,Atalanta,1,4,A,0,1,2023/2024,1,40.0,40.0,42.11,63.16,15,14,13,8,2.06,7,4,6,9,4.23,2.12,4
2024-02-25,I1,Milan,Atalanta,1,1,D,1,1,2023/2024,0,40.0,40.0,52.63,63.16,20,8,16,12,3.16,5,3,7,3,2.43,1.88,4
2024-02-28,I1,Inter,Atalanta,4,0,H,2,0,2023/2024,1,60.0,40.0,52.63,63.16,15,6,15,10,6.11,4,1,7,1,1.65,2.13,6
2024-03-10,I1,Juventus,Atalanta,2,2,D,0,1,2023/2024,1,60.0,60.0,26.32,63.16,18,7,10,12,3.6,4,3,5,3,2.34,1.97,1
2024-03-30,I1,Napoli,Atalanta,0,3,A,0,2,2023/2024,1,60.0,80.0,63.16,63.16,20,12,13,6,3.61,7,5,6,6,2.2,2.1,2
2024-04-07,I1,Cagliari,Atalanta,2,1,H,1,1,2023/2024,1,60.0,80.0,63.16,63.16,11,7,19,16,1.83,4,4,3,2,5.1,1.95,3
2024-04-21,I1,Monza,Atalanta,1,2,A,0,1,2023/2024,1,80.0,100.0,42.11,63.16,17,12,13,8,2.04,2,8,2,6,4.4,1.93,2
2024-05-06,I1,Salernitana,Atalanta,1,2,A,1,0,2023/2024,1,40.0,100.0,68.42,63.16,9,17,10,12,1.3,1,7,2,4,12.0,2.03,0
2024-05-18,I1,Lecce,Atalanta,0,2,A,0,0,2023/2024,0,0.0,80.0,36.84,63.16,11,19,20,7,2.07,2,5,3,9,3.89,2.05,4
2024-08-19,I1,Lecce,Atalanta,0,4,A,0,2,2024/2025,1,100.0,100.0,42.11,57.89,19,10,24,10,2.2,5,3,5,6,3.81,1.91,2
2024-08-25,I1,Torino,Atalanta,2,1,H,1,1,2024/2025,1,100.0,100.0,15.79,57.89,13,24,13,8,2.31,4,6,6,8,3.7,2.05,4
2024-08-30,I1,Inter,Atalanta,4,0,H,2,0,2024/2025,1,50.0,100.0,63.16,57.89,13,11,15,6,6.68,3,4,5,1,1.55,2.0,2
2024-09-28,I1,Bologna,Atalanta,1,1,D,0,0,2024/2025,0,0.0,75.0,47.37,57.89,5,23,12,16,2.73,2,9,1,5,3.08,2.16,3
2024-10-20,I1,Venezia,Atalanta,0,2,A,0,1,2024/2025,0,0.0,60.0,31.58,57.89,12,16,6,12,1.52,2,5,4,7,6.9,1.85,1
2024-11-03,I1,Napoli,Atalanta,0,3,A,0,2,2024/2025,1,60.0,60.0,47.37,57.89,13,12,8,10,3.61,4,3,3,3,2.35,2.13,3
2024-11-23,I1,Parma,Atalanta,1,3,A,0,2,2024/2025,1,60.0,60.0,52.63,57.89,9,15,8,6,1.61,2,5,3,6,6.37,2.11,2
2024-12-02,I1,Roma,Atalanta,0,2,A,0,0,2024/2025,0,40.0,40.0,52.63,57.89,5,18,13,17,2.2,2,4,1,7,3.7,2.0,3
2024-12-14,I1,Cagliari,Atalanta,0,1,A,0,0,2024/2025,0,40.0,40.0,57.89,57.89,12,12,10,16,1.62,2,5,8,2,6.25,1.98,3
2024-12-28,I1,Lazio,Atalanta,1,1,D,1,0,2024/2025,0,80.0,40.0,63.16,57.89,11,14,11,6,2.48,2,7,5,4,3.37,2.14,3
2025-01-11,I1,Udinese,Atalanta,0,0,D,0,0,2024/2025,0,40.0,20.0,52.63,57.89,12,4,16,4,1.68,5,3,3,2,6.39,1.85,2
2025-01-25,I1,Como,Atalanta,1,2,A,1,0,2024/2025,1,60.0,20.0,47.37,57.89,15,5,10,15,1.96,4,5,5,3,4.42,1.92,3
2025-02-08,I1,Verona,Atalanta,0,5,A,0,4,2024/2025,1,60.0,40.0,57.89,57.89,18,17,6,10,1.53,7,2,7,7,8.57,1.96,1
2025-02-23,I1,Empoli,Atalanta,0,5,A,0,3,2024/2025,1,60.0,60.0,36.84,57.89,10,14,17,4,1.52,3,4,1,8,7.03,2.02,1
2025-03-09,I1,Juventus,Atalanta,0,4,A,0,1,2024/2025,1,40.0,80.0,42.11,57.89,9,19,11,12,3.03,2,5,2,9,2.85,2.13,1
2025-03-30,I1,Fiorentina,Atalanta,1,0,H,1,0,2024/2025,0,40.0,80.0,63.16,57.89,12,9,16,7,2.11,2,4,4,0,4.06,2.09,3
2025-04-20,I1,Milan,Atalanta,0,1,A,0,0,2024/2025,0,60.0,60.0,47.37,57.89,12,11,7,8,2.77,7,5,1,2,2.67,2.02,1
2025-05-04,I1,Monza,Atalanta,0,4,A,0,2,2024/2025,1,40.0,60.0,47.37,57.89,13,15,10,9,1.25,3,7,7,5,14.75,1.89,2
2025-05-17,I1,Genoa,Atalanta,2,3,A,1,0,2024/2025,1,60.0,60.0,42.11,57.89,12,13,14,10,2.35,7,0,5,6,3.36,2.03,0
2025-08-30,I1,Parma,Atalanta,1,1,D,0,0,2025/2026,0,0.0,0.0,42.86,42.86,7,11,15,8,1.8,1,2,3,3,4.75,2.0,2
2025-09-21,I1,Torino,Atalanta,0,3,A,0,3,2025/2026,1,50.0,50.0,71.43,42.86,11,9,9,11,2.25,1,0,5,5,4.2,1.9,0
2025-09-27,I1,Juventus,Atalanta,1,1,D,0,1,2025/2026,0,33.33,33.33,42.86,42.86,24,12,7,6,4.33,14,5,10,2,2.0,2.0,3
2025-10-25,I1,Cremonese,Atalanta,1,1,D,0,0,2025/2026,0,25.0,25.0,42.86,42.86,9,20,8,6,1.48,2,10,5,6,7.9,1.8,1
2025-11-01,I1,Udinese,Atalanta,1,0,H,1,0,2025/2026,0,40.0,20.0,57.14,42.86,11,5,11,14,1.75,5,4,5,0,5.1,2.07,3
2025-11-22,I1,Napoli,Atalanta,3,1,H,3,0,2025/2026,1,80.0,40.0,71.43,42.86,11,14,12,11,3.4,5,3,6,3,2.4,1.98,2
2025-12-06,I1,Verona,Atalanta,3,1,H,2,0,2025/2026,1,80.0,40.0,57.14,42.86,12,12,7,14,1.7,5,5,7,5,6.1,1.86,1
2023-08-27,I1,Juventus,Bologna,1,1,D,0,1,2023/2024,0,0.0,0.0,26.32,47.37,14,9,13,14,5.88,5,1,3,4,1.75,2.09,1
2023-09-18,I1,Verona,Bologna,0,0,D,0,0,2023/2024,0,50.0,0.0,57.89,47.37,9,11,10,18,2.28,3,4,1,4,3.61,2.14,2
2023-09-28,I1,Monza,Bologna,0,0,D,0,0,2023/2024,0,0.0,0.0,42.11,47.37,12,7,13,9,3.4,7,5,3,5,2.39,1.85,3
2023-10-07,I1,Inter,Bologna,2,2,D,2,1,2023/2024,1,80.0,25.0,52.63,47.37,14,8,9,11,11.0,7,7,5,3,1.36,2.07,3
2023-10-28,I1,Sassuolo,Bologna,1,1,D,1,1,2023/2024,0,40.0,20.0,47.37,47.37,17,9,10,11,2.85,6,2,6,5,2.76,1.97,4
2023-11-12,I1,Fiorentina,Bologna,2,1,H,1,1,2023/2024,1,60.0,40.0,68.42,47.37,12,11,15,19,4.1,0,3,4,4,2.06,1.83,2
2023-12-03,I1,Lecce,Bologna,1,1,D,0,0,2023/2024,0,40.0,40.0,36.84,47.37,14,11,18,12,2.69,6,3,4,4,3.31,2.16,2
2023-12-10,I1,Salernitana,Bologna,1,2,A,0,2,2023/2024,1,80.0,60.0,68.42,47.37,9,10,15,20,2.18,5,1,2,5,5.0,1.84,2
2023-12-30,I1,Udinese,Bologna,3,0,H,1,0,2023/2024,1,60.0,60.0,47.37,47.37,15,14,14,15,2.38,7,7,7,5,3.96,1.95,5
2024-01-14,I1,Cagliari,Bologna,2,1,H,1,1,2023/2024,1,60.0,80.0,63.16,47.37,4,11,8,12,2.58,2,5,2,4,3.41,2.17,2
2024-01-27,I1,Milan,Bologna,2,2,D,1,1,2023/2024,1,80.0,80.0,52.63,47.37,14,15,12,16,6.26,4,1,4,4,1.79,1.98,3
2024-02-18,I1,Lazio,Bologna,1,2,A,1,1,2023/2024,1,40.0,100.0,26.32,47.37,12,11,11,5,3.44,8,3,7,3,2.63,1.92,3
2024-03-03,I1,Atalanta,Bologna,1,2,A,1,0,2023/2024,1,80.0,100.0,68.42,47.37,11,11,12,11,4.0,6,2,2,6,2.06,1.94,2
2024-03-15,I1,Empoli,Bologna,0,1,A,0,0,2023/2024,0,20.0,80.0,31.58,47.37,10,20,12,19,2.14,7,6,1,9,4.29,2.1,0
2024-04-07,I1,Frosinone,Bologna,0,0,D,0,0,2023/2024,0,60.0,60.0,73.68,47.37,12,13,14,10,1.98,5,2,5,5,4.45,1.96,3
2024-04-22,I1,Roma,Bologna,1,3,A,0,2,2023/2024,1,60.0,60.0,52.63,47.37,14,11,12,8,3.76,8,2,5,3,2.45,1.88,2
2024-05-03,I1,Torino,Bologna,0,0,D,0,0,2023/2024,0,0.0,40.0,26.32,47.37,8,5,11,14,3.08,2,4,1,1,2.93,1.98,2
2024-05-11,I1,Napoli,Bologna,0,2,A,0,2,2023/2024,0,60.0,20.0,63.16,47.37,16,11,12,15,4.59,9,3,6,4,2.24,2.09,1
2024-05-24,I1,Genoa,Bologna,2,0,H,1,0,2023/2024,0,40.0,20.0,42.11,47.37,14,11,11,11,2.6,3,6,3,1,3.12,1.91,2
2024-08-25,I1,Napoli,Bologna,3,0,H,1,0,2024/2025,1,100.0,100.0,47.37,57.89,16,9,17,11,4.38,7,5,5,2,2.04,1.98,2
2024-09-14,I1,Como,Bologna,2,2,D,1,0,2024/2025,1,100.0,100.0,47.37,57.89,14,14,12,17,2.69,4,3,4,4,3.13,1.82,1
2024-09-22,I1,Monza,Bologna,1,2,A,1,1,2024/2025,1,33.33,100.0,47.37,57.89,6,15,16,20,2.66,2,2,3,8,3.32,2.09,2
2024-10-19,I1,Genoa,Bologna,2,2,D,0,1,2024/2025,1,60.0,100.0,42.11,57.89,10,12,12,20,2.1,1,7,4,7,4.43,1.87,0
2024-10-29,I1,Cagliari,Bologna,0,2,A,0,1,2024/2025,0,40.0,80.0,57.89,57.89,14,11,18,17,2.41,7,2,2,4,3.38,2.11,2
2024-11-10,I1,Roma,Bologna,2,3,A,0,1,2024/2025,1,60.0,80.0,52.63,57.89,15,15,21,16,3.89,4,3,5,4,2.26,2.09,3
2024-11-24,I1,Lazio,Bologna,3,0,H,0,0,2024/2025,1,100.0,80.0,63.16,57.89,13,3,14,14,5.01,3,0,4,1,1.85,1.99,3
2024-12-07,I1,Juventus,Bologna,2,2,D,0,1,2024/2025,1,40.0,80.0,42.11,57.89,10,10,14,18,5.7,1,4,3,4,1.86,2.0,4
2024-12-21,I1,Torino,Bologna,0,2,A,0,0,2024/2025,0,0.0,60.0,15.79,57.89,6,8,17,11,2.5,4,0,0,5,3.72,2.12,2
2025-01-15,I1,Inter,Bologna,2,2,D,2,1,2024/2025,1,40.0,80.0,63.16,57.89,12,14,13,19,7.5,3,3,6,6,1.56,1.81,0
2025-01-25,I1,Empoli,Bologna,1,1,D,1,1,2024/2025,0,40.0,60.0,36.84,57.89,5,9,13,25,2.13,2,4,1,8,4.15,1.81,0
2025-02-09,I1,Lecce,Bologna,0,0,D,0,0,2024/2025,0,60.0,40.0,42.11,57.89,6,8,16,14,2.07,6,5,1,2,5.7,1.93,2
2025-02-22,I1,Parma,Bologna,2,0,H,1,0,2024/2025,0,40.0,20.0,52.63,57.89,4,16,13,14,1.95,0,4,3,1,5.07,1.95,1
2025-03-09,I1,Verona,Bologna,1,2,A,0,1,2024/2025,1,60.0,40.0,57.89,57.89,7,12,11,23,1.78,1,3,2,6,5.9,2.07,1
2025-03-29,I1,Venezia,Bologna,0,1,A,0,0,2024/2025,0,0.0,20.0,31.58,57.89,6,13,21,14,1.85,2,3,3,4,5.6,1.84,1
2025-04-13,I1,Atalanta,Bologna,2,0,H,2,0,2024/2025,0,0.0,20.0,52.63,57.89,4,12,12,17,4.46,4,5,2,5,2.0,1.87,1
2025-04-28,I1,Udinese,Bologna,0,0,D,0,0,2024/2025,0,40.0,20.0,52.63,57.89,13,12,10,21,1.82,5,6,4,1,5.66,1.88,2
2025-05-09,I1,Milan,Bologna,3,1,H,0,0,2024/2025,1,80.0,40.0,47.37,57.89,10,10,14,5,3.49,3,4,5,4,2.28,1.88,2
2025-05-18,I1,Fiorentina,Bologna,3,2,H,1,0,2024/2025,1,60.0,40.0,63.16,57.89,6,15,17,21,2.65,2,4,5,3,3.2,1.94,1
2025-08-23,I1,Roma,Bologna,1,0,H,0,0,2025/2026,0,0.0,0.0,14.29,50.0,14,10,13,15,3.75,2,4,4,2,2.2,2.05,1
2025-09-14,I1,Milan,Bologna,1,0,H,0,0,2025/2026,0,50.0,0.0,57.14,50.0,14,5,16,17,5.0,7,4,3,0,1.83,1.95,2
2025-09-28,I1,Lecce,Bologna,2,2,D,1,1,2025/2026,1,66.67,33.33,42.86,50.0,12,14,13,13,1.8,3,9,4,5,6.0,2.07,2
2025-10-19,I1,Cagliari,Bologna,0,2,A,0,1,2025/2026,0,0.0,25.0,28.57,50.0,4,10,22,15,2.1,2,7,3,7,4.0,1.83,3
2025-10-26,I1,Fiorentina,Bologna,2,2,D,0,1,2025/2026,1,100.0,40.0,66.67,50.0,19,6,20,13,2.9,5,6,7,3,2.83,1.98,5
2025-11-02,I1,Parma,Bologna,1,3,A,1,1,2025/2026,1,40.0,60.0,42.86,50.0,7,22,15,16,2.0,1,5,1,6,5.0,2.05,2
2025-11-22,I1,Udinese,Bologna,0,3,A,0,0,2025/2026,1,60.0,80.0,57.14,50.0,12,10,16,19,2.6,7,2,3,5,3.05,1.8,1
2025-12-07,I1,Lazio,Bologna,1,1,D,1,1,2025/2026,0,20.0,60.0,28.57,50.0,16,13,18,13,3.6,7,3,9,6,2.38,2.05,3
2023-08-21,I1,Torino,Cagliari,0,0,D,0,0,2023/2024,0,0.0,0.0,26.32,52.63,11,8,12,8,6.9,8,3,2,2,1.65,2.04,1
2023-09-02,I1,Bologna,Cagliari,2,1,H,0,1,2023/2024,1,50.0,50.0,36.84,52.63,16,7,13,9,5.2,5,2,7,1,1.84,1.98,2
2023-09-24,I1,Atalanta,Cagliari,2,0,H,1,0,2023/2024,0,50.0,33.33,68.42,52.63,10,11,11,6,9.0,7,7,6,1,1.48,2.02,2
2023-10-02,I1,Fiorentina,Cagliari,3,0,H,2,0,2023/2024,1,100.0,50.0,68.42,52.63,14,6,10,10,7.2,4,2,2,4,1.6,2.13,1
2023-10-22,I1,Salernitana,Cagliari,2,2,D,0,0,2023/2024,1,60.0,60.0,68.42,52.63,13,13,12,11,3.52,8,5,2,6,2.43,2.0,4
2023-11-11,I1,Juventus,Cagliari,2,1,H,0,0,2023/2024,1,40.0,80.0,26.32,52.63,18,11,8,14,8.5,12,4,4,2,1.51,2.05,1
2023-12-02,I1,Lazio,Cagliari,1,0,H,1,0,2023/2024,0,20.0,60.0,26.32,52.63,10,9,12,11,5.8,4,3,5,2,1.75,2.12,2
2023-12-16,I1,Napoli,Cagliari,2,1,H,0,0,2023/2024,1,80.0,80.0,63.16,52.63,21,9,10,9,9.3,5,3,5,3,1.46,1.95,3
2023-12-23,I1,Verona,Cagliari,2,0,H,0,0,2023/2024,0,60.0,60.0,57.89,52.63,13,12,19,8,3.25,11,7,5,3,2.47,1.89,4
2024-01-06,I1,Lecce,Cagliari,1,1,D,1,0,2023/2024,0,40.0,40.0,36.84,52.63,15,14,14,20,3.8,7,6,2,2,2.28,2.0,1
2024-01-21,I1,Frosinone,Cagliari,3,1,H,0,1,2023/2024,1,80.0,40.0,73.68,52.63,17,9,18,11,3.29,8,4,7,4,2.42,1.88,5
2024-02-05,I1,Roma,Cagliari,4,0,H,2,0,2023/2024,1,40.0,60.0,52.63,52.63,20,12,12,8,7.9,7,5,6,3,1.52,2.13,1
2024-02-18,I1,Udinese,Cagliari,1,1,D,1,1,2023/2024,0,60.0,40.0,47.37,52.63,17,5,10,14,4.6,3,4,3,2,1.97,2.05,2
2024-03-03,I1,Empoli,Cagliari,0,1,A,0,0,2023/2024,0,40.0,40.0,31.58,52.63,16,8,15,11,3.5,9,2,3,4,2.4,2.08,3
2024-03-16,I1,Monza,Cagliari,1,0,H,1,0,2023/2024,0,40.0,40.0,42.11,52.63,15,10,9,11,4.19,3,7,3,0,2.06,1.84,1
2024-04-14,I1,Inter,Cagliari,2,2,D,1,0,2023/2024,1,60.0,40.0,52.63,52.63,12,11,10,5,19.0,7,0,7,6,1.2,2.04,2
2024-04-29,I1,Genoa,Cagliari,3,0,H,2,0,2023/2024,1,40.0,40.0,42.11,52.63,12,12,14,12,3.8,2,4,5,1,2.46,1.97,2
2024-05-11,I1,Milan,Cagliari,5,1,H,1,0,2023/2024,1,80.0,60.0,52.63,52.63,17,13,9,11,6.4,6,3,10,7,1.63,1.97,1
2024-05-19,I1,Sassuolo,Cagliari,0,2,A,0,0,2023/2024,0,40.0,60.0,47.37,52.63,7,13,9,14,3.26,5,6,0,3,2.56,1.88,2
2024-08-31,I1,Lecce,Cagliari,1,0,H,1,0,2024/2025,0,50.0,0.0,42.11,42.11,17,21,13,10,3.8,7,10,4,2,2.36,1.97,3
2024-09-30,I1,Parma,Cagliari,2,3,A,0,1,2024/2025,1,75.0,50.0,52.63,42.11,18,11,16,10,3.92,5,3,4,4,2.08,2.06,2
2024-10-06,I1,Juventus,Cagliari,1,1,D,1,0,2024/2025,0,25.0,33.33,42.11,42.11,21,9,10,13,8.6,8,3,9,2,1.55,2.03,2
2024-10-25,I1,Udinese,Cagliari,2,0,H,1,0,2024/2025,0,40.0,25.0,52.63,42.11,13,3,9,13,3.78,2,4,4,0,2.29,2.0,3
2024-11-04,I1,Lazio,Cagliari,2,1,H,1,1,2024/2025,1,100.0,40.0,63.16,42.11,20,6,17,12,6.89,2,3,5,1,1.58,2.04,8
2024-11-24,I1,Genoa,Cagliari,2,2,D,1,1,2024/2025,1,60.0,60.0,42.11,42.11,20,17,7,11,3.27,6,8,6,6,2.64,2.09,2
2024-12-08,I1,Fiorentina,Cagliari,1,0,H,1,0,2024/2025,0,80.0,40.0,63.16,42.11,8,8,20,9,6.44,6,4,3,1,1.6,2.05,2
2024-12-22,I1,Venezia,Cagliari,2,1,H,1,0,2024/2025,1,80.0,60.0,31.58,42.11,12,14,11,6,3.0,4,8,6,7,2.71,2.11,2
2025-01-05,I1,Monza,Cagliari,1,2,A,1,1,2024/2025,1,60.0,80.0,47.37,42.11,6,13,19,16,3.43,1,3,2,4,2.5,1.8,2
2025-01-11,I1,Milan,Cagliari,1,1,D,0,0,2024/2025,0,20.0,60.0,47.37,42.11,24,6,11,9,11.0,9,1,11,2,1.37,1.95,2
2025-01-24,I1,Torino,Cagliari,2,0,H,1,0,2024/2025,0,0.0,40.0,15.79,42.11,18,6,10,11,3.75,6,3,6,1,2.35,2.02,1
2025-02-15,I1,Atalanta,Cagliari,0,0,D,0,0,2024/2025,0,40.0,40.0,52.63,42.11,9,3,11,7,6.8,8,2,2,0,1.56,1.93,1
2025-03-02,I1,Bologna,Cagliari,2,1,H,0,1,2024/2025,1,80.0,40.0,47.37,42.11,15,2,24,15,5.91,4,1,5,1,1.8,1.89,2
2025-03-16,I1,Roma,Cagliari,1,0,H,0,0,2024/2025,0,60.0,20.0,52.63,42.11,13,11,12,4,7.7,8,3,1,5,1.52,1.93,2
2025-04-06,I1,Empoli,Cagliari,0,0,D,0,0,2024/2025,0,20.0,20.0,36.84,42.11,7,7,15,9,3.1,2,3,1,1,2.66,2.14,4
2025-04-12,I1,Inter,Cagliari,3,1,H,2,0,2024/2025,1,80.0,40.0,63.16,42.11,13,8,12,6,11.21,5,6,4,4,1.36,1.9,1
2025-04-28,I1,Verona,Cagliari,0,2,A,0,1,2024/2025,0,20.0,40.0,57.89,42.11,6,6,9,14,3.91,2,3,2,4,2.48,1.8,1
2025-05-10,I1,Como,Cagliari,3,1,H,2,1,2024/2025,1,20.0,40.0,47.37,42.11,19,9,15,9,4.8,5,1,5,3,1.82,1.91,3
2025-05-23,I1,Napoli,Cagliari,2,0,H,1,0,2024/2025,0,60.0,40.0,47.37,42.11,18,4,14,14,18.44,8,3,6,1,1.23,1.87,1
2025-08-30,I1,Napoli,Cagliari,1,0,H,0,0,2025/2026,0,0.0,0.0,71.43,42.86,20,10,12,16,9.5,13,0,6,1,1.44,1.92,1
2025-09-19,I1,Lecce,Cagliari,1,2,A,1,1,2025/2026,1,50.0,50.0,42.86,42.86,11,15,19,10,2.8,4,7,5,6,3.0,1.93,3
2025-10-05,I1,Udinese,Cagliari,1,1,D,0,1,2025/2026,0,33.33,33.33,57.14,42.86,23,8,16,14,4.1,7,2,4,2,2.15,2.03,2
2025-10-26,I1,Verona,Cagliari,2,2,D,1,0,2025/2026,1,25.0,50.0,57.14,42.86,10,7,12,16,4.6,3,2,6,3,2.0,1.95,4
2025-11-03,I1,Lazio,Cagliari,2,0,H,0,0,2025/2026,0,40.0,40.0,28.57,42.86,8,17,18,8,6.1,7,5,3,5,1.67,1.89,2
2025-11-08,I1,Como,Cagliari,0,0,D,0,0,2025/2026,0,20.0,40.0,14.29,42.86,10,4,15,21,7.0,10,0,6,2,1.57,2.05,1
2025-11-29,I1,Juventus,Cagliari,2,1,H,2,1,2025/2026,1,40.0,40.0,42.86,42.86,14,5,16,16,14.0,1,6,6,3,1.24,1.83,5
2024-08-19,I1,Juventus,Como,3,0,H,2,0,2024/2025,1,100.0,100.0,42.11,42.11,12,1,6,12,7.0,3,0,9,1,1.58,1.86,4
2024-08-26,I1,Cagliari,Como,1,1,D,1,0,2024/2025,0,0.0,50.0,57.89,42.11,11,13,10,12,3.55,5,6,5,4,2.3,2.11,2
2024-09-01,I1,Udinese,Como,1,0,H,1,0,2024/2025,0,50.0,33.33,52.63,42.11,10,21,9,16,3.49,4,6,3,4,2.36,1.84,0
2024-09-24,I1,Atalanta,Como,2,3,A,1,0,2024/2025,1,100.0,50.0,52.63,42.11,8,14,17,12,7.0,6,2,5,7,1.55,1.9,3
2024-10-04,I1,Napoli,Como,3,1,H,1,1,2024/2025,1,75.0,60.0,47.37,42.11,9,11,10,7,7.0,4,1,6,2,1.54,1.89,1
2024-10-25,I1,Torino,Como,1,0,H,0,0,2024/2025,0,50.0,40.0,15.79,42.11,8,20,12,13,3.12,1,3,2,6,2.83,2.07,3
2024-11-04,I1,Empoli,Como,1,0,H,0,0,2024/2025,0,20.0,40.0,36.84,42.11,9,12,9,17,2.91,3,6,4,2,2.99,1.97,0
2024-11-07,I1,Genoa,Como,1,1,D,0,1,2024/2025,0,40.0,40.0,42.11,42.11,8,18,15,17,2.51,8,5,4,8,3.38,1.8,3
2024-12-23,I1,Inter,Como,2,0,H,0,0,2024/2025,0,40.0,20.0,63.16,42.11,17,8,15,13,11.0,7,1,5,4,1.36,2.02,2
2025-01-10,I1,Lazio,Como,1,1,D,1,0,2024/2025,0,60.0,20.0,63.16,42.11,12,17,15,14,4.41,7,7,4,4,2.06,1.98,3
2025-02-01,I1,Bologna,Como,2,0,H,1,0,2024/2025,0,60.0,20.0,47.37,42.11,15,8,18,16,4.59,4,2,4,1,2.02,2.0,4
2025-02-16,I1,Fiorentina,Como,0,2,A,0,1,2024/2025,0,60.0,20.0,63.16,42.11,5,8,24,14,3.37,2,1,3,4,2.5,1.88,2
2025-03-02,I1,Roma,Como,2,1,H,0,1,2024/2025,1,60.0,20.0,52.63,42.11,11,10,18,6,4.38,1,2,4,3,2.09,1.99,7
2025-03-15,I1,Milan,Como,2,1,H,0,1,2024/2025,1,60.0,40.0,47.37,42.11,9,15,7,21,4.82,0,5,3,6,1.95,1.88,3
2025-04-05,I1,Monza,Como,1,3,A,1,2,2024/2025,1,20.0,60.0,47.37,42.11,8,17,21,19,1.75,2,2,4,7,5.42,1.9,1
2025-04-19,I1,Lecce,Como,0,3,A,0,1,2024/2025,1,40.0,80.0,42.11,42.11,14,11,14,18,2.16,9,4,7,6,3.79,2.1,5
2025-05-03,I1,Parma,Como,0,1,A,0,0,2024/2025,0,40.0,80.0,52.63,42.11,13,13,14,16,2.33,5,5,3,4,3.43,2.02,1
2025-05-18,I1,Verona,Como,1,1,D,0,1,2024/2025,0,0.0,60.0,57.89,42.11,16,12,10,13,2.5,5,5,3,5,3.35,1.88,3
2025-08-30,I1,Bologna,Como,1,0,H,0,0,2025/2026,0,0.0,0.0,50.0,42.86,15,13,19,13,2.8,7,4,2,2,2.88,1.79,3
2025-09-21,I1,Fiorentina,Como,1,2,A,1,0,2025/2026,1,100.0,50.0,66.67,42.86,8,19,19,16,2.87,2,6,1,7,2.7,2.04,3
2025-10-04,I1,Atalanta,Como,1,1,D,1,1,2025/2026,0,33.33,33.33,28.57,42.86,16,12,19,10,3.6,8,3,4,4,2.25,1.93,3
2025-10-25,I1,Parma,Como,0,0,D,0,0,2025/2026,0,25.0,25.0,42.86,42.86,10,6,14,7,2.05,3,3,3,2,4.5,2.0,1
2025-11-01,I1,Napoli,Como,0,0,D,0,0,2025/2026,0,60.0,20.0,71.43,42.86,13,13,16,15,4.7,4,2,8,2,1.95,1.95,2
2025-11-24,I1,Torino,Como,1,5,A,1,1,2025/2026,1,80.0,40.0,71.43,42.86,10,15,9,6,2.3,3,4,2,7,3.6,1.93,1
2025-12-06,I1,Inter,Como,4,0,H,1,0,2025/2026,1,60.0,40.0,75.0,42.86,11,15,13,16,6.4,7,4,7,3,1.57,1.98,2
2025-08-23,I1,Milan,Cremonese,1,2,A,1,1,2025/2026,1,100.0,100.0,57.14,42.86,24,4,14,10,10.5,9,2,6,3,1.4,1.85,4
2025-09-15,I1,Verona,Cremonese,0,0,D,0,0,2025/2026,0,0.0,50.0,57.14,42.86,20,6,3,18,3.0,10,1,9,2,2.75,1.85,1
2025-09-27,I1,Como,Cremonese,1,1,D,1,0,2025/2026,0,0.0,33.33,14.29,42.86,14,9,17,16,8.5,4,3,6,2,1.45,1.85,4
2025-10-04,I1,Inter,Cremonese,4,1,H,2,0,2025/2026,1,100.0,50.0,75.0,42.86,27,3,8,9,21.0,13,1,9,2,1.18,1.92,1
2025-10-29,I1,Genoa,Cremonese,0,2,A,0,1,2025/2026,0,20.0,40.0,42.86,42.86,16,12,13,16,5.33,7,3,1,4,1.8,2.0,1
2025-11-07,I1,Pisa,Cremonese,1,0,H,0,0,2025/2026,0,0.0,20.0,0.0,42.86,14,13,17,11,3.6,4,5,6,3,2.38,1.9,2
2025-12-01,I1,Bologna,Cremonese,1,3,A,1,2,2025/2026,1,60.0,40.0,50.0,42.86,29,10,12,13,7.0,13,8,7,5,1.55,22.0,2
2023-08-26,I1,Monza,Empoli,2,0,H,1,0,2023/2024,0,0.0,0.0,42.11,31.58,20,18,7,14,4.15,6,5,5,6,2.01,1.97,2
2023-09-17,I1,Roma,Empoli,7,0,H,3,0,2023/2024,1,100.0,50.0,52.63,31.58,14,8,5,15,9.5,2,6,9,2,1.42,1.9,2
2023-10-01,I1,Bologna,Empoli,3,0,H,1,0,2023/2024,1,50.0,66.67,36.84,31.58,21,12,16,11,5.5,2,6,9,4,1.75,2.08,4
2023-10-23,I1,Fiorentina,Empoli,0,2,A,0,1,2023/2024,0,75.0,50.0,68.42,31.58,19,7,17,13,7.97,13,3,7,3,1.45,1.94,3
2023-11-06,I1,Frosinone,Empoli,2,1,H,0,0,2023/2024,1,80.0,60.0,73.68,31.58,17,10,9,7,3.54,9,2,5,2,2.33,2.09,2
2023-11-12,I1,Napoli,Empoli,0,1,A,0,0,2023/2024,0,80.0,60.0,63.16,31.58,18,8,13,11,12.5,8,3,7,3,1.32,2.07,1
2023-12-02,I1,Genoa,Empoli,1,1,D,1,0,2023/2024,0,20.0,40.0,42.11,31.58,21,9,19,15,4.53,5,3,1,1,2.05,1.94,1
2023-12-16,I1,Torino,Empoli,1,0,H,1,0,2023/2024,0,60.0,20.0,26.32,31.58,10,7,10,15,6.75,6,4,3,2,1.66,1.84,2
2023-12-30,I1,Cagliari,Empoli,0,0,D,0,0,2023/2024,0,60.0,20.0,63.16,31.58,15,5,18,18,3.8,8,6,3,1,2.17,2.16,3
2024-01-13,I1,Verona,Empoli,2,1,H,1,0,2023/2024,1,40.0,20.0,57.89,31.58,12,14,17,20,3.72,5,9,7,1,2.22,2.05,3
2024-01-27,I1,Juventus,Empoli,1,1,D,0,0,2023/2024,0,20.0,20.0,26.32,31.58,9,16,6,11,15.0,6,7,3,5,1.3,1.95,1
2024-02-09,I1,Salernitana,Empoli,1,3,A,0,1,2023/2024,1,100.0,40.0,68.42,31.58,13,17,17,10,3.41,4,8,4,3,2.51,1.89,2
2024-02-24,I1,Sassuolo,Empoli,2,3,A,0,1,2023/2024,1,60.0,60.0,47.37,31.58,19,14,14,12,3.42,4,1,5,6,2.38,1.97,3
2024-03-10,I1,Milan,Empoli,1,0,H,1,0,2023/2024,0,40.0,60.0,52.63,31.58,15,5,13,18,9.0,11,4,5,2,1.45,1.91,4
2024-04-01,I1,Inter,Empoli,2,0,H,1,0,2023/2024,0,60.0,40.0,52.63,31.58,19,14,16,14,19.0,8,6,7,3,1.22,2.16,2
2024-04-13,I1,Lecce,Empoli,1,0,H,0,0,2023/2024,0,40.0,40.0,36.84,31.58,14,3,15,18,4.31,10,3,7,0,2.21,2.0,0
2024-04-28,I1,Atalanta,Empoli,2,0,H,1,0,2023/2024,0,80.0,20.0,68.42,31.58,17,11,14,19,7.5,8,1,5,2,1.53,1.92,2
2024-05-12,I1,Lazio,Empoli,2,0,H,1,0,2023/2024,0,40.0,0.0,26.32,31.58,11,16,15,18,6.0,7,7,5,3,1.74,1.84,1
2024-05-19,I1,Udinese,Empoli,1,1,D,0,0,2023/2024,0,40.0,0.0,47.37,31.58,8,4,18,14,4.6,5,5,2,1,2.02,1.88,7
2024-08-25,I1,Roma,Empoli,1,2,A,0,1,2024/2025,1,100.0,100.0,52.63,57.89,17,10,9,10,8.25,8,5,6,3,1.51,2.06,3
2024-08-31,I1,Bologna,Empoli,1,1,D,1,1,2024/2025,0,0.0,50.0,47.37,57.89,14,4,18,15,5.7,6,3,3,2,1.77,2.08,3
2024-09-20,I1,Cagliari,Empoli,0,2,A,0,1,2024/2025,0,25.0,33.33,57.89,57.89,21,9,21,15,4.0,10,4,2,4,2.15,2.07,2
2024-10-06,I1,Lazio,Empoli,2,1,H,1,1,2024/2025,1,100.0,50.0,63.16,57.89,16,7,17,10,6.5,5,3,6,2,1.64,1.89,4
2024-10-27,I1,Parma,Empoli,1,1,D,0,1,2024/2025,0,60.0,40.0,52.63,57.89,17,6,17,12,3.64,9,3,4,2,2.23,2.04,5
2024-11-08,I1,Lecce,Empoli,1,1,D,0,1,2024/2025,0,40.0,20.0,42.11,57.89,18,11,24,7,4.0,4,3,3,6,2.37,1.87,3
2024-11-30,I1,Milan,Empoli,3,0,H,2,0,2024/2025,1,40.0,40.0,47.37,57.89,20,9,16,12,11.0,7,3,4,0,1.36,2.07,2
2024-12-08,I1,Verona,Empoli,1,4,A,1,4,2024/2025,1,100.0,60.0,57.89,57.89,12,15,16,15,3.25,5,8,3,5,2.85,1.8,2
2024-12-22,I1,Atalanta,Empoli,3,2,H,2,1,2024/2025,1,80.0,60.0,52.63,57.89,16,7,15,11,11.0,6,3,7,3,1.3,2.05,1
2025-01-04,I1,Venezia,Empoli,1,1,D,1,1,2024/2025,0,60.0,60.0,31.58,57.89,8,18,14,15,3.06,2,8,3,6,2.68,1.92,2
2025-01-19,I1,Inter,Empoli,3,1,H,0,0,2024/2025,1,60.0,80.0,63.16,57.89,18,5,9,11,11.73,7,3,7,1,1.37,1.98,0
2025-02-02,I1,Juventus,Empoli,4,1,H,0,1,2024/2025,1,80.0,80.0,42.11,57.89,23,10,13,14,8.9,8,6,8,3,1.43,2.02,3
2025-02-16,I1,Udinese,Empoli,3,0,H,1,0,2024/2025,1,80.0,80.0,52.63,57.89,17,16,17,12,4.62,9,5,9,4,1.96,2.1,0
2025-03-02,I1,Genoa,Empoli,1,1,D,0,1,2024/2025,0,20.0,60.0,42.11,57.89,5,7,18,12,5.01,3,6,1,1,2.01,1.95,3
2025-03-15,I1,Torino,Empoli,1,0,H,0,0,2024/2025,0,20.0,60.0,15.79,57.89,13,16,12,9,5.16,5,5,3,2,1.93,2.06,0
2025-03-29,I1,Como,Empoli,1,1,D,0,0,2024/2025,0,60.0,40.0,47.37,57.89,16,14,22,5,5.8,4,1,5,4,1.83,1.89,5
2025-04-14,I1,Napoli,Empoli,3,0,H,1,0,2024/2025,1,60.0,40.0,47.37,57.89,17,12,15,8,8.75,5,5,6,1,1.47,1.87,1
2025-04-27,I1,Fiorentina,Empoli,2,1,H,2,0,2024/2025,1,40.0,40.0,63.16,57.89,6,8,18,16,4.2,1,6,3,5,2.17,2.11,2
2025-05-18,I1,Monza,Empoli,1,3,A,1,0,2024/2025,1,60.0,60.0,47.37,57.89,12,9,16,8,1.8,2,6,4,4,5.39,2.0,1
2023-08-19,I1,Genoa,Fiorentina,1,4,A,0,3,2023/2024,1,100.0,100.0,42.11,36.84,4,9,13,14,2.51,3,4,2,5,3.67,1.92,3
2023-09-03,I1,Inter,Fiorentina,4,0,H,1,0,2023/2024,1,50.0,100.0,52.63,36.84,21,6,12,13,5.56,1,1,11,2,1.75,2.08,1
2023-09-24,I1,Udinese,Fiorentina,0,2,A,0,1,2023/2024,0,33.33,66.67,47.37,36.84,20,6,11,13,2.36,10,3,8,2,3.54,2.04,1
2023-09-28,I1,Frosinone,Fiorentina,1,1,D,0,1,2023/2024,0,75.0,50.0,73.68,36.84,11,19,11,6,2.07,8,10,3,6,4.09,2.07,3
2023-10-08,I1,Napoli,Fiorentina,1,3,A,1,1,2023/2024,1,75.0,60.0,63.16,36.84,16,12,14,4,5.8,6,4,4,3,1.66,1.88,4
2023-10-30,I1,Lazio,Fiorentina,1,0,H,0,0,2023/2024,0,20.0,40.0,26.32,36.84,11,9,17,12,3.61,0,4,4,5,2.42,1.94,3
2023-11-25,I1,Milan,Fiorentina,1,0,H,1,0,2023/2024,0,0.0,20.0,52.63,36.84,9,20,10,9,4.02,3,11,6,4,2.16,2.13,2
2023-12-10,I1,Roma,Fiorentina,1,1,D,1,0,2023/2024,0,40.0,20.0,52.63,36.84,4,14,14,14,4.4,1,6,1,8,2.08,2.13,3
2023-12-22,I1,Monza,Fiorentina,0,1,A,0,1,2023/2024,0,20.0,20.0,42.11,36.84,7,14,16,12,2.63,1,4,2,5,3.06,1.87,4
2024-01-06,I1,Sassuolo,Fiorentina,1,0,H,1,0,2023/2024,0,60.0,0.0,47.37,36.84,7,9,14,10,2.23,1,8,1,3,3.68,1.94,2
2024-02-02,I1,Lecce,Fiorentina,3,2,H,1,0,2023/2024,1,60.0,20.0,36.84,36.84,16,10,14,13,2.33,1,3,8,3,3.88,1.86,3
2024-02-14,I1,Bologna,Fiorentina,2,0,H,1,0,2023/2024,0,40.0,20.0,36.84,36.84,18,12,8,11,3.51,2,3,7,3,2.61,1.91,3
2024-02-18,I1,Empoli,Fiorentina,1,1,D,0,1,2023/2024,0,40.0,20.0,31.58,36.84,5,9,14,15,2.2,0,3,4,4,3.97,1.85,2
2024-03-02,I1,Torino,Fiorentina,0,0,D,0,0,2023/2024,0,20.0,20.0,26.32,36.84,8,14,13,13,3.3,4,5,2,3,2.66,2.1,4
2024-04-07,I1,Juventus,Fiorentina,1,0,H,1,0,2023/2024,0,40.0,20.0,26.32,36.84,7,13,8,16,5.57,5,6,2,2,1.8,2.07,1
2024-04-21,I1,Salernitana,Fiorentina,0,2,A,0,0,2023/2024,0,40.0,0.0,68.42,36.84,5,12,11,13,1.66,2,5,1,7,6.0,1.91,4
2024-05-05,I1,Verona,Fiorentina,2,1,H,1,1,2023/2024,1,60.0,20.0,57.89,36.84,9,13,11,12,2.3,1,2,4,4,3.67,2.07,1
2024-05-23,I1,Cagliari,Fiorentina,2,3,A,0,1,2023/2024,1,60.0,40.0,63.16,36.84,14,11,14,13,1.83,4,5,6,5,5.08,1.85,4
2024-06-02,I1,Atalanta,Fiorentina,2,3,A,2,3,2023/2024,1,80.0,60.0,68.42,36.84,12,8,9,5,5.5,4,4,3,4,1.64,1.91,2
2024-08-17,I1,Parma,Fiorentina,1,1,D,1,0,2024/2025,0,0.0,0.0,52.63,57.89,13,14,9,15,2.2,4,9,5,7,3.8,1.95,2
2024-09-15,I1,Atalanta,Fiorentina,3,2,H,3,2,2024/2025,1,100.0,50.0,52.63,57.89,13,13,15,16,4.83,4,2,7,5,1.93,1.83,3
2024-09-29,I1,Empoli,Fiorentina,0,0,D,0,0,2024/2025,0,0.0,33.33,36.84,57.89,8,13,12,15,2.31,2,4,1,0,3.65,1.97,1
2024-10-20,I1,Lecce,Fiorentina,0,6,A,0,3,2024/2025,1,75.0,50.0,42.11,57.89,5,19,14,8,2.4,1,3,2,11,3.49,2.05,5
2024-10-31,I1,Genoa,Fiorentina,0,1,A,0,0,2024/2025,0,40.0,40.0,42.11,57.89,14,12,10,13,1.72,4,4,4,4,5.6,2.11,2
2024-11-03,I1,Torino,Fiorentina,0,1,A,0,1,2024/2025,0,40.0,40.0,15.79,57.89,9,8,12,16,2.27,1,3,1,3,3.95,2.01,1
2024-11-24,I1,Como,Fiorentina,0,2,A,0,1,2024/2025,0,60.0,20.0,47.37,57.89,10,8,15,11,2.07,3,4,4,4,4.36,2.04,1
2024-12-15,I1,Bologna,Fiorentina,1,0,H,0,0,2024/2025,0,20.0,20.0,47.37,57.89,16,10,10,16,2.92,1,3,6,4,2.86,2.0,2
2024-12-29,I1,Juventus,Fiorentina,2,2,D,1,1,2024/2025,1,80.0,20.0,42.11,57.89,15,11,9,14,5.1,7,2,5,4,1.95,1.94,1
2025-01-13,I1,Monza,Fiorentina,2,1,H,1,0,2024/2025,1,80.0,40.0,47.37,57.89,10,11,9,26,1.95,2,4,3,2,4.65,1.9,1
2025-01-26,I1,Lazio,Fiorentina,1,2,A,0,2,2024/2025,1,60.0,60.0,63.16,57.89,22,7,12,9,3.8,14,2,3,3,2.2,1.89,4
2025-02-10,I1,Inter,Fiorentina,2,1,H,1,1,2024/2025,1,80.0,80.0,63.16,57.89,22,7,15,16,7.3,8,1,8,2,1.51,1.86,3
2025-02-23,I1,Verona,Fiorentina,1,0,H,0,0,2024/2025,0,40.0,80.0,57.89,57.89,7,8,8,19,2.13,4,1,3,3,4.1,1.92,3
2025-03-09,I1,Napoli,Fiorentina,2,1,H,1,0,2024/2025,1,40.0,80.0,47.37,57.89,19,7,5,10,7.1,4,4,11,2,1.63,1.9,2
2025-04-05,I1,Milan,Fiorentina,2,2,D,1,2,2024/2025,1,60.0,80.0,47.37,57.89,19,15,12,12,5.1,7,4,6,8,1.85,1.99,3
2025-04-23,I1,Cagliari,Fiorentina,1,2,A,1,1,2024/2025,1,60.0,80.0,57.89,57.89,8,8,15,15,2.68,4,4,2,4,3.21,2.13,2
2025-05-04,I1,Roma,Fiorentina,1,0,H,1,0,2024/2025,0,20.0,60.0,52.63,57.89,12,13,8,9,5.13,7,4,4,5,1.8,2.06,2
2025-05-12,I1,Venezia,Fiorentina,2,1,H,0,0,2024/2025,1,20.0,80.0,31.58,57.89,4,5,17,21,2.9,1,5,4,1,2.83,2.11,4
2025-05-25,I1,Udinese,Fiorentina,2,3,A,1,0,2024/2025,1,60.0,80.0,52.63,57.89,12,25,6,15,2.45,2,8,3,11,3.21,2.02,2
2025-08-24,I1,Cagliari,Fiorentina,1,1,D,0,0,2025/2026,0,0.0,0.0,28.57,50.0,14,4,14,18,2.55,3,2,6,1,3.2,1.93,2
2025-08-31,I1,Torino,Fiorentina,0,0,D,0,0,2025/2026,0,0.0,0.0,71.43,50.0,7,16,13,21,2.46,7,3,4,4,3.35,2.05,2
2025-09-28,I1,Pisa,Fiorentina,0,0,D,0,0,2025/2026,0,0.0,0.0,0.0,50.0,11,14,15,15,2.2,4,6,1,2,3.6,1.93,1
2025-10-19,I1,Milan,Fiorentina,2,1,H,0,0,2025/2026,1,75.0,25.0,57.14,50.0,14,5,12,14,5.5,1,3,4,1,1.73,1.93,3
2025-10-29,I1,Inter,Fiorentina,3,0,H,0,0,2025/2026,1,100.0,40.0,75.0,50.0,22,10,16,11,9.2,8,5,8,2,1.37,2.0,2
2025-11-09,I1,Genoa,Fiorentina,2,2,D,1,1,2025/2026,1,40.0,60.0,42.86,50.0,10,7,15,20,2.85,3,7,6,3,3.1,1.93,3
2025-11-30,I1,Atalanta,Fiorentina,2,0,H,1,0,2025/2026,0,20.0,60.0,28.57,50.0,21,15,10,15,5.6,4,5,9,3,1.67,22.0,3
2025-12-06,I1,Sassuolo,Fiorentina,3,1,H,2,1,2025/2026,1,80.0,80.0,57.14,50.0,13,9,15,15,2.7,7,1,5,1,2.88,1.83,3
2023-09-02,I1,Udinese,Frosinone,0,0,D,0,0,2023/2024,0,50.0,0.0,47.37,47.37,12,12,9,14,4.54,3,5,6,2,1.97,1.89,2
2023-09-22,I1,Salernitana,Frosinone,1,1,D,0,1,2023/2024,0,33.33,0.0,68.42,47.37,19,9,12,12,3.19,8,6,6,3,2.59,2.13,2
2023-10-01,I1,Roma,Frosinone,2,0,H,1,0,2023/2024,0,75.0,0.0,52.63,47.37,11,8,11,12,9.5,7,3,5,0,1.43,1.88,2
2023-10-22,I1,Bologna,Frosinone,2,1,H,2,0,2023/2024,1,60.0,25.0,36.84,47.37,12,12,14,10,5.19,4,5,6,5,1.78,1.95,2
2023-10-29,I1,Cagliari,Frosinone,4,3,H,0,2,2023/2024,1,60.0,40.0,63.16,47.37,24,10,7,8,3.57,5,7,6,6,2.34,1.94,4
2023-11-12,I1,Inter,Frosinone,2,0,H,1,0,2023/2024,0,60.0,40.0,52.63,47.37,21,12,16,7,17.0,9,4,6,3,1.2,2.03,1
2023-12-02,I1,Milan,Frosinone,3,1,H,1,0,2023/2024,1,20.0,60.0,52.63,47.37,10,15,6,11,8.25,6,7,3,3,1.48,1.91,1
2023-12-16,I1,Lecce,Frosinone,2,1,H,1,1,2023/2024,1,40.0,80.0,36.84,47.37,18,11,14,8,3.68,5,4,6,5,2.25,2.07,4
2023-12-29,I1,Lazio,Frosinone,3,1,H,0,0,2023/2024,1,20.0,80.0,26.32,47.37,13,11,15,18,6.5,6,2,5,2,1.65,2.08,2
2024-01-15,I1,Atalanta,Frosinone,5,0,H,3,0,2023/2024,1,80.0,80.0,68.42,47.37,21,8,8,11,9.0,8,2,9,5,1.44,1.96,1
2024-01-28,I1,Verona,Frosinone,1,1,D,1,0,2023/2024,0,20.0,80.0,57.89,47.37,15,11,12,17,3.6,1,9,5,6,2.51,1.85,2
2024-02-11,I1,Fiorentina,Frosinone,5,1,H,3,0,2023/2024,1,40.0,80.0,68.42,47.37,18,11,8,16,7.0,2,5,7,3,1.58,2.02,1
2024-02-25,I1,Juventus,Frosinone,3,2,H,2,2,2023/2024,1,40.0,80.0,26.32,47.37,22,7,6,12,11.0,8,3,5,3,1.36,1.98,2
2024-03-09,I1,Sassuolo,Frosinone,1,0,H,0,0,2023/2024,0,40.0,60.0,47.37,47.37,10,11,9,14,3.09,1,2,4,1,2.51,1.96,1
2024-03-30,I1,Genoa,Frosinone,1,1,D,1,1,2023/2024,0,60.0,40.0,42.11,47.37,9,15,11,16,4.59,3,8,3,3,1.96,1.94,1
2024-04-14,I1,Napoli,Frosinone,2,2,D,1,0,2023/2024,1,60.0,60.0,63.16,47.37,20,13,14,11,9.5,6,2,9,6,1.37,1.94,1
2024-04-21,I1,Torino,Frosinone,0,0,D,0,0,2023/2024,0,0.0,40.0,26.32,47.37,13,12,17,10,5.75,6,4,2,3,1.76,2.06,2
2024-05-05,I1,Empoli,Frosinone,0,0,D,0,0,2023/2024,0,20.0,20.0,31.58,47.37,7,17,11,15,3.16,3,8,1,5,2.58,1.87,3
2024-05-19,I1,Monza,Frosinone,0,1,A,0,1,2023/2024,0,60.0,20.0,42.11,47.37,14,16,13,14,2.38,3,4,2,5,3.2,2.07,2
2023-08-27,I1,Lazio,Genoa,0,1,A,0,1,2023/2024,0,0.0,0.0,26.32,42.11,16,5,16,9,5.0,15,1,2,3,1.91,1.9,2
2023-09-03,I1,Torino,Genoa,1,0,H,0,0,2023/2024,0,0.0,0.0,26.32,42.11,10,7,7,13,4.33,4,0,3,2,2.15,1.85,5
2023-09-22,I1,Lecce,Genoa,1,0,H,0,0,2023/2024,0,33.33,0.0,36.84,42.11,18,8,10,12,3.27,4,3,3,1,2.65,1.84,3
2023-10-01,I1,Udinese,Genoa,2,2,D,1,2,2023/2024,1,50.0,25.0,47.37,42.11,11,8,12,12,3.69,5,0,2,4,2.44,1.92,2
2023-10-22,I1,Atalanta,Genoa,2,0,H,0,0,2023/2024,0,25.0,20.0,68.42,42.11,13,15,9,17,7.0,8,4,8,4,1.56,1.98,2
2023-11-05,I1,Cagliari,Genoa,2,1,H,0,0,2023/2024,1,80.0,40.0,63.16,42.11,12,8,11,14,3.05,1,1,4,2,2.83,1.98,2
2023-11-26,I1,Frosinone,Genoa,2,1,H,1,1,2023/2024,1,80.0,60.0,73.68,42.11,9,13,14,5,3.29,4,2,5,3,2.62,1.82,4
2023-12-10,I1,Monza,Genoa,1,0,H,0,0,2023/2024,0,40.0,60.0,42.11,42.11,6,16,13,11,3.96,2,3,3,1,2.3,2.06,2
2023-12-22,I1,Sassuolo,Genoa,1,2,A,1,0,2023/2024,1,60.0,60.0,47.37,42.11,12,14,9,11,3.3,3,6,3,5,2.59,1.95,1
2024-01-05,I1,Bologna,Genoa,1,1,D,0,1,2023/2024,0,0.0,60.0,36.84,42.11,21,3,10,8,4.8,11,2,8,1,2.39,1.86,3
2024-01-21,I1,Salernitana,Genoa,1,2,A,1,1,2023/2024,1,100.0,60.0,68.42,42.11,11,5,15,7,2.53,5,5,2,5,3.45,1.88,5
2024-02-03,I1,Empoli,Genoa,0,0,D,0,0,2023/2024,0,40.0,40.0,31.58,42.11,15,10,12,11,2.94,6,6,4,2,3.06,1.86,3
2024-02-17,I1,Napoli,Genoa,1,1,D,0,0,2023/2024,0,60.0,40.0,63.16,42.11,25,6,13,9,5.76,7,2,7,4,1.78,2.14,2
2024-03-04,I1,Inter,Genoa,2,1,H,2,0,2023/2024,1,80.0,40.0,52.63,42.11,16,10,17,5,15.0,4,5,5,2,1.28,1.86,3
2024-03-17,I1,Juventus,Genoa,0,0,D,0,0,2023/2024,0,40.0,40.0,26.32,42.11,17,5,11,11,8.5,12,2,2,2,1.53,1.98,1
2024-04-07,I1,Verona,Genoa,1,2,A,1,1,2023/2024,1,60.0,40.0,57.89,42.11,12,11,15,14,3.13,5,3,3,5,2.81,2.06,1
2024-04-15,I1,Fiorentina,Genoa,1,1,D,0,1,2023/2024,0,80.0,40.0,68.42,42.11,20,7,19,8,5.06,6,2,3,3,1.95,2.02,2
2024-05-05,I1,Milan,Genoa,3,3,D,1,1,2023/2024,1,60.0,60.0,52.63,42.11,26,6,10,8,7.85,7,1,7,2,1.44,1.88,1
2024-05-19,I1,Roma,Genoa,1,0,H,0,0,2023/2024,0,20.0,40.0,52.63,42.11,21,11,10,10,8.0,6,3,6,4,1.52,2.09,0
2024-08-24,I1,Monza,Genoa,0,1,A,0,1,2024/2025,0,0.0,0.0,47.37,36.84,9,11,17,6,2.96,8,3,2,1,2.81,2.06,3
2024-09-21,I1,Venezia,Genoa,2,0,H,0,0,2024/2025,0,0.0,0.0,31.58,36.84,12,9,12,9,2.7,3,4,4,0,3.13,2.07,3
2024-10-05,I1,Atalanta,Genoa,5,1,H,1,0,2024/2025,1,100.0,33.33,52.63,36.84,23,7,15,9,8.19,4,2,8,2,1.48,1.84,0
2024-10-27,I1,Lazio,Genoa,3,0,H,1,0,2024/2025,1,100.0,50.0,63.16,36.84,18,6,6,12,8.15,7,4,4,2,1.47,2.01,1
2024-11-04,I1,Parma,Genoa,0,1,A,0,0,2024/2025,0,60.0,40.0,52.63,36.84,13,15,18,5,5.0,3,7,0,7,1.85,2.01,5
2024-12-01,I1,Udinese,Genoa,0,2,A,0,1,2024/2025,0,20.0,40.0,52.63,36.84,4,15,11,13,4.35,6,4,2,5,2.03,1.87,3
2024-12-15,I1,Milan,Genoa,0,0,D,0,0,2024/2025,0,20.0,40.0,47.37,36.84,22,5,12,11,7.5,9,2,4,0,1.57,1.88,2
2024-12-28,I1,Empoli,Genoa,1,2,A,0,0,2024/2025,1,40.0,40.0,36.84,36.84,12,14,13,16,3.41,7,4,8,5,2.65,1.78,2
2025-01-05,I1,Lecce,Genoa,0,0,D,0,0,2024/2025,0,40.0,20.0,42.11,36.84,10,4,15,11,2.8,9,4,3,1,3.04,2.05,1
2025-01-17,I1,Roma,Genoa,3,1,H,1,1,2024/2025,1,60.0,40.0,52.63,36.84,16,7,12,12,8.92,3,2,7,3,1.5,2.08,1
2025-02-02,I1,Fiorentina,Genoa,2,1,H,2,0,2024/2025,1,60.0,60.0,63.16,36.84,7,17,14,17,4.88,1,8,6,3,1.95,2.05,1
2025-02-08,I1,Torino,Genoa,1,1,D,1,0,2024/2025,0,0.0,60.0,15.79,36.84,10,6,10,11,3.73,4,2,3,2,2.48,1.99,2
2025-02-22,I1,Inter,Genoa,1,0,H,0,0,2024/2025,0,60.0,40.0,63.16,36.84,18,11,14,7,12.0,6,7,5,2,1.35,2.1,2
2025-03-07,I1,Cagliari,Genoa,1,1,D,1,0,2024/2025,0,60.0,40.0,57.89,36.84,9,8,15,16,3.41,2,5,1,2,2.57,1.83,2
2025-03-29,I1,Juventus,Genoa,1,0,H,1,0,2024/2025,0,40.0,20.0,42.11,36.84,9,9,11,13,8.1,4,3,6,3,1.6,1.94,2
2025-04-13,I1,Verona,Genoa,0,0,D,0,0,2024/2025,0,40.0,0.0,57.89,36.84,14,4,11,19,2.94,6,2,2,1,3.06,1.87,1
2025-04-27,I1,Como,Genoa,1,0,H,0,0,2024/2025,0,20.0,0.0,47.37,36.84,14,4,15,19,5.08,6,3,3,1,1.82,2.04,1
2025-05-11,I1,Napoli,Genoa,2,2,D,1,1,2024/2025,1,80.0,20.0,47.37,36.84,22,8,14,12,13.02,8,0,11,2,1.32,1.92,2
2025-05-24,I1,Bologna,Genoa,1,3,A,0,3,2024/2025,1,40.0,40.0,47.37,36.84,16,5,23,13,8.0,13,1,5,3,1.55,2.08,2
2025-09-15,I1,Como,Genoa,1,1,D,1,0,2025/2026,0,0.0,0.0,14.29,85.71,13,13,17,13,5.66,0,8,4,6,1.72,2.03,2
2025-09-20,I1,Bologna,Genoa,2,1,H,0,0,2025/2026,1,50.0,50.0,50.0,85.71,14,7,15,12,4.75,8,2,6,4,2.15,2.0,5
2025-10-05,I1,Napoli,Genoa,2,1,H,0,1,2025/2026,1,66.67,66.67,71.43,85.71,12,6,15,16,9.0,7,5,5,1,1.48,2.0,3
2025-10-26,I1,Torino,Genoa,2,1,H,0,1,2025/2026,1,50.0,75.0,71.43,85.71,13,11,9,14,3.35,9,1,6,3,2.5,1.9,2
2025-11-03,I1,Sassuolo,Genoa,1,2,A,0,1,2025/2026,1,40.0,80.0,57.14,85.71,13,16,13,13,3.5,3,7,4,5,2.6,1.78,3
2025-11-22,I1,Cagliari,Genoa,3,3,D,2,2,2025/2026,1,40.0,100.0,28.57,85.71,11,13,16,22,2.8,6,2,5,8,3.33,1.88,3
2025-12-08,I1,Udinese,Genoa,1,2,A,0,1,2025/2026,1,60.0,100.0,57.14,85.71,23,12,12,16,3.5,6,2,6,6,2.5,1.8,0
2023-08-28,I1,Cagliari,Inter,0,2,A,0,2,2023/2024,0,0.0,0.0,63.16,57.89,12,17,10,9,1.45,4,7,2,3,8.86,2.05,1
2023-09-24,I1,Empoli,Inter,0,1,A,0,0,2023/2024,0,0.0,0.0,31.58,57.89,7,23,11,15,1.34,3,6,1,6,13.0,2.02,2
2023-09-30,I1,Salernitana,Inter,0,4,A,0,0,2023/2024,1,50.0,33.33,68.42,57.89,12,16,10,12,1.46,3,3,3,6,9.34,1.97,1
2023-10-21,I1,Torino,Inter,0,3,A,0,0,2023/2024,1,20.0,50.0,26.32,57.89,7,14,8,13,1.8,2,4,3,4,5.66,2.0,2
2023-11-04,I1,Atalanta,Inter,1,2,A,0,1,2023/2024,1,40.0,60.0,68.42,57.89,14,10,9,13,2.17,6,1,4,4,3.75,1.9,1
2023-11-26,I1,Juventus,Inter,1,1,D,1,1,2023/2024,0,20.0,60.0,26.32,57.89,4,8,13,12,2.34,1,0,1,4,3.62,1.97,1
2023-12-03,I1,Napoli,Inter,0,3,A,0,1,2023/2024,1,80.0,80.0,63.16,57.89,15,11,13,2,2.49,6,4,4,4,3.23,2.13,2
2023-12-17,I1,Lazio,Inter,0,2,A,0,1,2023/2024,0,20.0,60.0,26.32,57.89,13,12,15,13,1.99,8,7,4,4,4.7,2.03,2
2023-12-29,I1,Genoa,Inter,1,1,D,1,1,2023/2024,0,0.0,40.0,42.11,57.89,13,16,15,13,1.72,8,2,4,6,6.8,1.9,2
2024-01-13,I1,Monza,Inter,1,5,A,0,2,2023/2024,1,40.0,40.0,42.11,57.89,9,20,12,6,1.44,4,5,2,7,9.5,1.85,2
2024-01-28,I1,Fiorentina,Inter,0,1,A,0,1,2023/2024,0,40.0,40.0,68.42,57.89,14,8,12,6,1.94,7,6,4,4,5.23,1.94,3
2024-02-10,I1,Roma,Inter,2,4,A,2,1,2023/2024,1,60.0,40.0,52.63,57.89,8,10,14,9,1.9,3,8,3,6,4.67,1.92,0
2024-02-25,I1,Lecce,Inter,0,4,A,0,1,2023/2024,1,80.0,60.0,36.84,57.89,14,11,6,13,1.55,7,10,2,7,7.5,2.04,2
2024-03-09,I1,Bologna,Inter,0,1,A,0,1,2023/2024,0,40.0,60.0,36.84,57.89,19,5,12,17,2.12,7,2,3,4,4.03,1.92,1
2024-04-08,I1,Udinese,Inter,1,2,A,1,0,2023/2024,1,20.0,60.0,47.37,57.89,3,23,11,11,1.45,0,8,1,6,9.21,1.83,2
2024-04-22,I1,Milan,Inter,1,2,A,0,1,2023/2024,1,40.0,80.0,52.63,57.89,15,11,10,19,2.12,5,3,6,3,4.01,2.02,2
2024-05-04,I1,Sassuolo,Inter,1,0,H,1,0,2023/2024,0,40.0,60.0,47.37,57.89,6,14,10,10,1.55,2,5,2,1,6.5,2.09,1
2024-05-10,I1,Frosinone,Inter,0,5,A,0,1,2023/2024,1,60.0,60.0,73.68,57.89,17,14,8,4,1.84,8,4,8,5,4.7,2.0,0
2024-05-26,I1,Verona,Inter,2,2,D,2,2,2023/2024,1,80.0,80.0,57.89,57.89,18,15,8,17,1.47,9,3,8,11,7.5,1.96,1
2024-08-17,I1,Genoa,Inter,2,2,D,1,1,2024/2025,1,100.0,100.0,42.11,47.37,10,14,14,15,1.51,1,4,6,9,8.1,1.96,2
2024-09-15,I1,Monza,Inter,1,1,D,0,0,2024/2025,0,0.0,50.0,47.37,47.37,5,16,19,11,1.41,1,8,2,2,9.8,1.96,2
2024-09-28,I1,Udinese,Inter,2,3,A,1,2,2024/2025,1,66.67,66.67,52.63,47.37,10,16,6,13,1.47,7,3,3,7,8.2,1.85,0
2024-10-20,I1,Roma,Inter,0,1,A,0,0,2024/2025,0,75.0,50.0,52.63,47.37,14,11,13,12,2.01,3,3,3,6,4.52,1.87,3
2024-10-30,I1,Empoli,Inter,0,3,A,0,0,2024/2025,1,20.0,60.0,36.84,47.37,6,15,13,12,1.43,1,4,1,5,9.1,2.06,1
2024-11-23,I1,Verona,Inter,0,5,A,0,5,2024/2025,1,100.0,60.0,57.89,47.37,9,12,5,14,1.49,4,2,2,7,8.26,2.11,1
2024-12-16,I1,Lazio,Inter,0,6,A,0,2,2024/2025,1,100.0,80.0,63.16,47.37,9,12,14,7,2.25,4,2,2,7,3.69,1.85,4
2024-12-28,I1,Cagliari,Inter,0,3,A,0,0,2024/2025,1,40.0,80.0,57.89,47.37,5,20,5,14,1.42,5,7,1,5,8.5,2.01,0
2025-01-12,I1,Venezia,Inter,0,1,A,0,1,2024/2025,0,40.0,80.0,31.58,47.37,7,17,11,12,1.35,4,5,2,6,10.6,1.87,1
2025-01-26,I1,Lecce,Inter,0,4,A,0,2,2024/2025,1,60.0,80.0,42.11,47.37,17,9,12,13,1.38,7,0,4,5,10.5,2.0,2
2025-02-02,I1,Milan,Inter,1,1,D,1,0,2024/2025,0,20.0,60.0,47.37,47.37,10,16,9,5,1.95,8,11,4,6,4.68,1.98,2
2025-02-06,I1,Fiorentina,Inter,3,0,H,0,0,2024/2025,1,80.0,60.0,63.16,47.37,10,11,10,11,2.1,1,8,6,2,4.18,2.09,0
2025-02-16,I1,Juventus,Inter,1,0,H,0,0,2024/2025,0,60.0,40.0,42.11,47.37,16,17,10,17,2.17,7,5,8,2,4.01,1.98,1
2025-03-01,I1,Napoli,Inter,1,1,D,0,1,2024/2025,0,20.0,40.0,47.37,47.37,19,6,15,7,2.57,12,3,4,1,3.3,2.09,0
2025-03-16,I1,Atalanta,Inter,0,2,A,0,0,2024/2025,0,20.0,20.0,52.63,47.37,16,14,14,11,2.92,2,6,3,5,2.75,2.07,3
2025-04-05,I1,Parma,Inter,2,2,D,0,2,2024/2025,1,60.0,40.0,52.63,47.37,8,20,7,9,1.52,2,4,4,4,7.75,1.85,3
2025-04-20,I1,Bologna,Inter,1,0,H,0,0,2024/2025,0,60.0,20.0,47.37,47.37,12,8,21,12,2.4,5,6,3,1,3.68,2.04,3
2025-05-11,I1,Torino,Inter,0,2,A,0,1,2024/2025,0,0.0,20.0,15.79,47.37,17,12,6,14,1.75,9,3,3,7,5.45,2.05,3
2025-05-23,I1,Como,Inter,0,2,A,0,1,2024/2025,0,20.0,20.0,47.37,47.37,18,11,9,10,1.78,1,4,4,7,4.66,1.85,3
2025-09-13,I1,Juventus,Inter,4,3,H,2,1,2025/2026,1,50.0,100.0,42.86,50.0,12,18,10,14,2.85,5,9,4,4,2.88,1.98,1
2025-09-27,I1,Cagliari,Inter,0,2,A,0,1,2025/2026,0,0.0,50.0,28.57,50.0,6,20,14,13,1.54,4,4,0,5,7.0,1.94,2
2025-10-18,I1,Roma,Inter,0,1,A,0,1,2025/2026,0,0.0,33.33,14.29,50.0,15,12,29,18,2.2,4,5,5,3,3.6,1.98,3
2025-10-25,I1,Napoli,Inter,3,1,H,1,0,2025/2026,1,75.0,50.0,71.43,50.0,7,15,10,15,2.28,1,4,3,3,3.75,1.75,1
2025-11-02,I1,Verona,Inter,1,2,A,1,1,2025/2026,1,40.0,60.0,57.14,50.0,8,21,4,15,1.4,4,8,2,6,9.0,1.98,1
2025-11-30,I1,Pisa,Inter,0,2,A,0,0,2025/2026,0,0.0,40.0,0.0,50.0,10,14,15,13,1.27,4,6,2,3,13.0,1.98,1
2023-08-20,I1,Udinese,Juventus,0,3,A,0,3,2023/2024,1,100.0,100.0,47.37,52.63,18,9,10,12,2.12,7,3,5,4,4.27,1.95,3
2023-09-03,I1,Empoli,Juventus,0,2,A,0,1,2023/2024,0,0.0,50.0,31.58,52.63,7,18,13,14,1.66,3,7,0,5,5.8,1.9,3
2023-09-23,I1,Sassuolo,Juventus,4,2,H,2,1,2023/2024,1,66.67,66.67,47.37,52.63,18,15,8,13,1.84,6,3,7,2,4.63,2.07,2
2023-10-01,I1,Atalanta,Juventus,0,0,D,0,0,2023/2024,0,33.33,50.0,68.42,52.63,15,5,7,13,3.29,5,2,2,3,2.57,2.11,2
2023-10-22,I1,Milan,Juventus,0,1,A,0,0,2023/2024,0,25.0,40.0,52.63,52.63,7,14,16,12,4.03,6,3,1,4,2.25,1.93,4
2023-11-05,I1,Fiorentina,Juventus,0,1,A,0,1,2023/2024,0,60.0,20.0,68.42,52.63,25,4,21,12,2.81,9,2,4,3,3.05,1.85,3
2023-12-01,I1,Monza,Juventus,1,2,A,0,1,2023/2024,1,40.0,40.0,42.11,52.63,16,18,8,12,2.02,7,3,1,7,4.77,2.04,2
2023-12-15,I1,Genoa,Juventus,1,1,D,0,1,2023/2024,0,0.0,20.0,42.11,52.63,11,11,12,14,2.15,6,8,3,4,5.45,1.96,3
2023-12-23,I1,Frosinone,Juventus,1,2,A,0,1,2023/2024,1,80.0,40.0,73.68,52.63,10,13,12,6,1.75,8,8,3,3,6.19,1.88,2
2024-01-07,I1,Salernitana,Juventus,1,2,A,1,0,2023/2024,1,80.0,60.0,68.42,52.63,8,18,15,9,1.55,2,8,3,3,7.78,2.01,5
2024-01-21,I1,Lecce,Juventus,0,3,A,0,0,2023/2024,1,60.0,80.0,36.84,52.63,12,15,12,8,1.81,5,5,3,8,5.98,1.87,1
2024-02-04,I1,Inter,Juventus,1,0,H,1,0,2023/2024,0,40.0,60.0,52.63,52.63,15,12,8,8,5.4,6,4,3,1,1.89,2.1,2
2024-02-17,I1,Verona,Juventus,2,2,D,1,1,2023/2024,1,40.0,80.0,57.89,52.63,14,18,10,8,1.75,5,4,9,4,6.5,1.94,0
2024-03-03,I1,Napoli,Juventus,2,1,H,1,0,2023/2024,1,60.0,80.0,63.16,52.63,14,18,16,6,3.61,2,1,7,4,2.38,1.9,4
2024-03-30,I1,Lazio,Juventus,1,0,H,0,0,2023/2024,0,40.0,60.0,26.32,52.63,16,9,10,12,2.45,7,2,4,3,3.42,2.2,2
2024-04-13,I1,Torino,Juventus,0,0,D,0,0,2023/2024,0,0.0,40.0,26.32,52.63,13,8,11,18,2.41,6,2,2,3,4.05,1.93,2
2024-04-19,I1,Cagliari,Juventus,2,2,D,2,0,2023/2024,1,60.0,60.0,63.16,52.63,9,11,15,16,1.96,4,3,4,3,5.0,2.08,3
2024-05-05,I1,Roma,Juventus,1,1,D,1,1,2023/2024,0,40.0,40.0,52.63,52.63,19,16,11,7,2.74,9,6,5,6,3.05,1.92,2
2024-05-20,I1,Bologna,Juventus,3,3,D,2,0,2023/2024,1,40.0,40.0,36.84,52.63,10,11,21,8,2.9,3,2,5,4,2.9,1.83,5
2024-08-26,I1,Verona,Juventus,0,3,A,0,2,2024/2025,1,100.0,100.0,57.89,42.11,7,7,8,8,1.92,4,1,1,5,5.0,1.98,0
2024-09-14,I1,Empoli,Juventus,0,0,D,0,0,2024/2025,0,0.0,50.0,36.84,42.11,8,15,10,11,1.66,4,8,3,3,6.61,1.98,2
2024-09-28,I1,Genoa,Juventus,0,3,A,0,0,2024/2025,1,50.0,66.67,42.11,42.11,7,12,14,8,1.85,5,3,2,3,5.8,1.98,1
2024-10-27,I1,Inter,Juventus,4,4,D,3,2,2024/2025,1,80.0,75.0,63.16,42.11,18,10,16,11,5.1,13,5,9,5,1.86,1.89,1
2024-11-02,I1,Udinese,Juventus,0,2,A,0,2,2024/2025,0,20.0,60.0,52.63,42.11,11,11,14,12,2.15,10,3,2,5,4.87,2.05,2
2024-11-23,I1,Milan,Juventus,0,0,D,0,0,2024/2025,0,40.0,40.0,47.37,42.11,6,7,12,9,3.41,2,4,1,2,2.44,2.02,2
2024-12-01,I1,Lecce,Juventus,1,1,D,0,0,2024/2025,0,40.0,40.0,42.11,42.11,10,14,9,8,1.69,2,7,6,3,6.99,1.95,4
2024-12-22,I1,Monza,Juventus,1,2,A,1,2,2024/2025,1,60.0,40.0,47.37,42.11,17,16,13,7,1.61,3,7,5,9,7.5,1.89,1
2025-01-11,I1,Torino,Juventus,1,1,D,1,1,2024/2025,0,0.0,20.0,15.79,42.11,11,15,9,18,2.14,9,1,2,9,4.71,1.92,1
2025-01-14,I1,Atalanta,Juventus,1,1,D,0,0,2024/2025,0,60.0,20.0,52.63,42.11,17,17,7,10,4.08,3,3,6,9,2.21,2.11,1
2025-01-25,I1,Napoli,Juventus,2,1,H,0,1,2024/2025,1,20.0,40.0,47.37,42.11,14,5,15,9,3.5,9,1,3,2,2.7,2.09,0
2025-02-07,I1,Como,Juventus,1,2,A,1,1,2024/2025,1,80.0,60.0,47.37,42.11,16,8,15,15,2.29,9,1,6,3,4.0,2.11,1
2025-02-23,I1,Cagliari,Juventus,0,1,A,0,1,2024/2025,0,80.0,40.0,57.89,42.11,8,14,15,9,1.92,3,4,2,7,4.93,2.0,1
2025-03-16,I1,Fiorentina,Juventus,3,0,H,2,0,2024/2025,1,60.0,60.0,63.16,42.11,9,11,13,9,2.45,1,6,3,2,3.45,1.97,3
2025-04-06,I1,Roma,Juventus,1,1,D,0,1,2024/2025,0,40.0,60.0,52.63,42.11,11,11,15,11,3.28,4,4,4,7,2.55,2.2,1
2025-04-23,I1,Parma,Juventus,1,0,H,1,0,2024/2025,0,40.0,40.0,52.63,42.11,6,16,10,9,1.76,4,9,3,2,5.35,2.05,3
2025-05-04,I1,Bologna,Juventus,1,1,D,0,1,2024/2025,0,40.0,20.0,47.37,42.11,9,6,19,6,3.6,10,3,2,3,2.45,1.83,3
2025-05-10,I1,Lazio,Juventus,1,1,D,0,0,2024/2025,0,20.0,20.0,63.16,42.11,19,8,10,14,3.47,3,3,6,3,2.54,1.83,4
2025-05-25,I1,Venezia,Juventus,2,3,A,1,2,2024/2025,1,40.0,20.0,31.58,42.11,12,15,18,10,1.5,6,6,5,5,7.0,1.99,2
2025-08-31,I1,Genoa,Juventus,0,1,A,0,0,2025/2026,0,0.0,0.0,42.86,28.57,10,13,15,14,1.87,3,4,1,3,5.3,1.86,2
2025-09-20,I1,Verona,Juventus,1,1,D,1,1,2025/2026,0,0.0,0.0,57.14,28.57,14,10,10,18,1.55,5,3,4,4,7.0,1.98,3
2025-10-19,I1,Como,Juventus,2,0,H,1,0,2025/2026,0,0.0,0.0,14.29,28.57,12,15,15,17,2.4,4,1,6,3,3.6,2.08,1
2025-10-26,I1,Lazio,Juventus,1,0,H,1,0,2025/2026,0,50.0,0.0,28.57,28.57,13,14,18,11,2.25,2,5,3,5,3.65,2.0,4
2025-11-01,I1,Cremonese,Juventus,1,2,A,0,1,2025/2026,1,40.0,20.0,42.86,28.57,9,15,14,10,1.52,2,3,2,5,7.0,1.85,0
2025-11-22,I1,Fiorentina,Juventus,1,1,D,0,1,2025/2026,0,60.0,20.0,66.67,28.57,11,17,18,11,2.1,7,3,2,4,4.0,2.03,3
2025-12-07,I1,Napoli,Juventus,2,1,H,1,0,2025/2026,1,80.0,40.0,71.43,28.57,9,5,15,6,3.25,9,0,4,2,2.71,1.8,1
2023-08-20,I1,Lecce,Lazio,2,1,H,0,1,2023/2024,1,100.0,100.0,36.84,52.63,23,10,16,12,2.2,5,2,7,4,4.06,1.84,2
2023-09-02,I1,Napoli,Lazio,1,2,A,1,1,2023/2024,1,50.0,100.0,63.16,52.63,22,6,9,8,5.7,7,2,4,2,1.71,2.16,2
2023-09-16,I1,Juventus,Lazio,3,1,H,2,0,2023/2024,1,50.0,100.0,26.32,52.63,17,16,13,13,4.5,7,9,7,5,1.95,1.98,1
2023-09-30,I1,Milan,Lazio,2,0,H,0,0,2023/2024,0,33.33,75.0,52.63,52.63,14,13,5,15,5.66,7,1,7,4,1.82,1.91,2
2023-10-21,I1,Sassuolo,Lazio,0,2,A,0,2,2023/2024,0,40.0,60.0,47.37,52.63,9,18,10,6,2.56,5,7,2,6,3.03,1.9,5
2023-11-03,I1,Bologna,Lazio,1,0,H,0,0,2023/2024,0,60.0,40.0,36.84,52.63,6,11,8,12,2.95,2,6,2,1,2.78,2.01,5
2023-11-25,I1,Salernitana,Lazio,2,1,H,0,1,2023/2024,1,60.0,40.0,68.42,52.63,13,13,12,11,1.98,4,9,6,2,4.81,2.08,3
2023-12-09,I1,Verona,Lazio,1,1,D,0,1,2023/2024,0,60.0,20.0,57.89,52.63,5,14,11,16,2.01,1,7,1,5,4.76,2.04,4
2023-12-22,I1,Empoli,Lazio,0,2,A,0,1,2023/2024,0,40.0,20.0,31.58,52.63,21,14,17,6,2.06,8,9,7,7,4.65,2.0,2
2024-01-07,I1,Udinese,Lazio,1,2,A,0,1,2023/2024,1,80.0,40.0,47.37,52.63,13,7,22,16,2.39,4,4,2,2,3.84,1.93,3
2024-02-04,I1,Atalanta,Lazio,3,1,H,2,0,2023/2024,1,60.0,60.0,68.42,52.63,19,7,14,13,4.1,6,1,5,1,2.15,1.86,3
2024-02-10,I1,Cagliari,Lazio,1,3,A,0,1,2023/2024,1,80.0,60.0,63.16,52.63,13,12,9,6,2.21,7,8,6,5,3.84,1.91,3
2024-02-22,I1,Torino,Lazio,0,2,A,0,0,2023/2024,0,20.0,60.0,26.32,52.63,24,7,7,11,3.1,7,4,4,4,2.87,1.87,2
2024-02-26,I1,Fiorentina,Lazio,2,1,H,0,1,2023/2024,1,60.0,80.0,68.42,52.63,22,5,12,15,3.85,13,2,7,1,2.25,1.96,2
2024-03-16,I1,Frosinone,Lazio,2,3,A,1,1,2023/2024,1,80.0,80.0,73.68,52.63,14,22,15,10,2.31,9,4,5,7,3.54,1.91,3
2024-04-06,I1,Roma,Lazio,1,0,H,1,0,2023/2024,0,60.0,60.0,52.63,52.63,15,11,15,14,4.04,3,6,3,1,2.17,2.03,3
2024-04-19,I1,Genoa,Lazio,0,1,A,0,0,2023/2024,0,40.0,40.0,42.11,52.63,8,13,13,7,2.51,2,9,2,1,3.28,2.12,2
2024-05-04,I1,Monza,Lazio,2,2,D,0,1,2023/2024,1,80.0,60.0,42.11,52.63,17,9,13,8,1.89,5,4,7,5,4.75,1.86,7
2024-05-19,I1,Inter,Lazio,1,1,D,0,1,2023/2024,0,20.0,40.0,52.63,52.63,19,8,15,10,6.5,8,0,7,3,1.59,2.09,1
2024-08-24,I1,Udinese,Lazio,2,1,H,1,0,2024/2025,1,100.0,100.0,52.63,57.89,8,17,10,15,2.47,4,13,3,5,3.58,2.05,0
2024-09-22,I1,Fiorentina,Lazio,2,1,H,0,1,2024/2025,1,66.67,100.0,63.16,57.89,14,20,15,11,3.32,3,10,5,6,2.5,1.91,4
2024-09-29,I1,Torino,Lazio,2,3,A,0,1,2024/2025,1,66.67,100.0,15.79,57.89,12,13,13,10,2.62,3,1,7,7,3.23,1.87,3
2024-10-19,I1,Juventus,Lazio,1,0,H,0,0,2024/2025,0,20.0,75.0,42.11,57.89,16,2,9,16,4.19,7,1,3,1,2.18,1.85,2
2024-10-31,I1,Como,Lazio,1,5,A,0,2,2024/2025,1,75.0,80.0,47.37,57.89,14,14,18,14,2.52,3,5,2,7,3.37,1.83,5
2024-11-10,I1,Monza,Lazio,0,1,A,0,1,2024/2025,0,40.0,60.0,47.37,57.89,12,14,10,13,1.84,6,6,2,6,5.6,1.89,1
2024-12-01,I1,Parma,Lazio,3,1,H,1,0,2024/2025,1,60.0,60.0,52.63,57.89,12,23,13,17,1.81,4,10,4,8,4.95,2.14,3
2024-12-08,I1,Napoli,Lazio,0,1,A,0,0,2024/2025,0,40.0,40.0,47.37,57.89,12,7,12,16,5.13,6,2,1,3,1.91,2.02,3
2024-12-21,I1,Lecce,Lazio,1,2,A,0,1,2024/2025,1,40.0,60.0,42.11,57.89,11,13,12,13,1.65,6,6,2,7,6.22,2.01,1
2025-01-05,I1,Roma,Lazio,2,0,H,2,0,2024/2025,0,60.0,40.0,52.63,57.89,7,17,18,12,3.21,3,10,5,6,2.64,2.11,5
2025-01-19,I1,Verona,Lazio,0,3,A,0,2,2024/2025,1,60.0,60.0,57.89,57.89,16,14,8,10,1.82,5,6,3,5,5.4,2.03,2
2025-02-03,I1,Cagliari,Lazio,1,2,A,0,1,2024/2025,1,60.0,60.0,57.89,57.89,15,11,9,14,2.08,7,7,5,6,4.23,2.07,0
2025-02-22,I1,Venezia,Lazio,0,0,D,0,0,2024/2025,0,0.0,60.0,31.58,57.89,9,9,12,21,1.68,6,6,2,3,6.06,1.87,2
2025-03-02,I1,Milan,Lazio,1,2,A,0,1,2024/2025,1,40.0,60.0,47.37,57.89,15,21,6,14,3.66,3,5,4,8,2.25,1.85,1
2025-03-16,I1,Bologna,Lazio,5,0,H,1,0,2024/2025,1,80.0,80.0,47.37,57.89,13,7,16,18,3.83,7,1,7,2,2.42,1.87,3
2025-04-06,I1,Atalanta,Lazio,0,1,A,0,0,2024/2025,0,0.0,60.0,52.63,57.89,10,8,6,6,5.4,11,4,2,3,1.73,1.97,2
2025-04-23,I1,Genoa,Lazio,0,2,A,0,1,2024/2025,0,20.0,40.0,42.11,57.89,8,15,10,16,2.25,6,8,4,6,3.99,2.01,1
2025-05-04,I1,Empoli,Lazio,0,1,A,0,1,2024/2025,0,40.0,40.0,36.84,57.89,7,9,8,16,1.91,2,7,2,3,4.85,1.85,5
2025-05-18,I1,Inter,Lazio,2,2,D,1,0,2024/2025,1,60.0,40.0,63.16,57.89,10,12,10,14,5.39,5,1,3,4,1.7,2.12,3
2025-08-24,I1,Como,Lazio,2,0,H,0,0,2025/2026,0,0.0,0.0,14.29,14.29,19,5,12,15,3.14,6,0,6,1,2.4,1.78,3
2025-09-14,I1,Sassuolo,Lazio,1,0,H,0,0,2025/2026,0,0.0,0.0,57.14,14.29,10,13,11,15,1.95,3,7,3,3,4.33,2.1,3
2025-09-29,I1,Genoa,Lazio,0,3,A,0,2,2025/2026,1,33.33,33.33,42.86,14.29,17,10,16,18,2.8,6,0,5,6,3.0,1.8,1
2025-10-19,I1,Atalanta,Lazio,0,0,D,0,0,2025/2026,0,25.0,25.0,28.57,14.29,16,4,5,10,4.4,7,1,6,1,1.85,1.95,0
2025-10-30,I1,Pisa,Lazio,0,0,D,0,0,2025/2026,0,0.0,20.0,0.0,14.29,10,11,12,16,2.15,3,1,2,6,4.0,1.83,2
2025-11-09,I1,Inter,Lazio,2,0,H,1,0,2025/2026,0,80.0,20.0,75.0,14.29,8,8,11,26,11.0,3,1,3,5,1.33,1.82,1
2025-11-29,I1,Milan,Lazio,1,0,H,0,0,2025/2026,0,60.0,20.0,57.14,14.29,16,9,12,10,5.8,1,4,4,4,1.7,22.0,3
2023-08-27,I1,Fiorentina,Lecce,2,2,D,2,0,2023/2024,1,100.0,100.0,68.42,36.84,9,6,12,13,5.75,3,3,4,2,1.73,1.83,3
2023-09-17,I1,Monza,Lecce,1,1,D,1,1,2023/2024,0,0.0,50.0,42.11,36.84,25,4,11,17,3.29,10,1,6,3,2.49,2.11,1
2023-09-26,I1,Juventus,Lecce,1,0,H,0,0,2023/2024,0,33.33,33.33,26.32,36.84,14,2,15,14,8.0,5,1,5,0,1.53,2.12,5
2023-10-23,I1,Udinese,Lecce,1,1,D,0,0,2023/2024,0,40.0,25.0,47.37,36.84,12,12,15,11,4.0,2,7,6,1,2.25,2.07,5
2023-11-05,I1,Roma,Lecce,2,1,H,0,0,2023/2024,1,60.0,40.0,52.63,36.84,15,15,11,18,7.32,5,2,5,4,1.57,1.87,5
2023-11-27,I1,Verona,Lecce,2,2,D,1,1,2023/2024,1,60.0,40.0,57.89,36.84,19,14,17,15,2.92,4,2,11,5,2.95,2.06,2
2023-12-11,I1,Empoli,Lecce,1,1,D,0,0,2023/2024,0,40.0,40.0,31.58,36.84,18,14,18,14,3.3,8,3,6,5,2.71,1.8,2
2023-12-23,I1,Inter,Lecce,2,0,H,1,0,2023/2024,0,40.0,40.0,52.63,36.84,20,11,14,8,13.0,16,2,8,5,1.33,1.98,3
2023-12-30,I1,Atalanta,Lecce,1,0,H,0,0,2023/2024,0,80.0,40.0,68.42,36.84,17,15,16,10,9.5,5,6,4,2,1.44,1.9,2
2024-01-14,I1,Lazio,Lecce,1,0,H,0,0,2023/2024,0,20.0,20.0,26.32,36.84,8,11,12,14,7.09,2,5,2,3,1.7,2.05,4
2024-01-28,I1,Genoa,Lecce,2,1,H,0,1,2023/2024,1,20.0,20.0,42.11,36.84,19,19,17,12,4.2,3,8,7,5,2.21,1.82,2
2024-02-11,I1,Bologna,Lecce,4,0,H,2,0,2023/2024,1,40.0,40.0,36.84,36.84,16,14,13,10,6.5,4,3,6,3,1.74,2.0,2
2024-02-16,I1,Torino,Lecce,2,0,H,0,0,2023/2024,0,20.0,40.0,26.32,36.84,12,8,11,16,5.13,5,5,4,4,1.94,2.11,4
2024-03-03,I1,Frosinone,Lecce,1,1,D,1,0,2023/2024,0,80.0,40.0,73.68,36.84,15,11,10,11,3.35,12,8,7,4,2.51,1.95,1
2024-03-16,I1,Salernitana,Lecce,0,1,A,0,1,2023/2024,0,60.0,40.0,68.42,36.84,15,17,18,9,2.34,7,1,6,4,3.76,1.82,3
2024-04-06,I1,Milan,Lecce,3,0,H,2,0,2023/2024,1,40.0,40.0,52.63,36.84,16,12,8,8,10.5,5,1,8,7,1.39,2.1,1
2024-04-21,I1,Sassuolo,Lecce,0,3,A,0,2,2023/2024,1,60.0,40.0,47.37,36.84,10,14,13,10,3.5,9,4,3,8,2.32,1.94,0
2024-05-05,I1,Cagliari,Lecce,1,1,D,1,0,2023/2024,0,60.0,40.0,63.16,36.84,9,16,15,9,3.96,3,10,3,3,2.24,2.09,4
2024-05-26,I1,Napoli,Lecce,0,0,D,0,0,2023/2024,0,60.0,40.0,63.16,36.84,24,10,17,10,9.0,4,1,5,0,1.4,1.97,0
2024-08-24,I1,Inter,Lecce,2,0,H,1,0,2024/2025,0,0.0,0.0,63.16,36.84,11,10,12,9,17.0,10,6,3,4,1.22,2.14,2
2024-09-15,I1,Torino,Lecce,0,0,D,0,0,2024/2025,0,50.0,0.0,15.79,36.84,5,20,13,13,4.8,2,7,0,6,1.99,2.08,3
2024-09-27,I1,Milan,Lecce,3,0,H,3,0,2024/2025,1,100.0,33.33,47.37,36.84,15,16,8,5,11.0,4,7,6,7,1.33,1.97,1
2024-10-05,I1,Udinese,Lecce,1,0,H,0,0,2024/2025,0,50.0,25.0,52.63,36.84,13,9,16,12,3.23,5,0,4,3,2.72,2.0,2
2024-10-26,I1,Napoli,Lecce,1,0,H,0,0,2024/2025,0,60.0,20.0,47.37,36.84,24,11,7,13,11.9,16,5,8,2,1.36,2.02,2
2024-11-02,I1,Bologna,Lecce,1,0,H,0,0,2024/2025,0,0.0,20.0,47.37,36.84,20,6,14,9,6.2,9,1,4,0,1.87,2.08,2
2024-11-25,I1,Venezia,Lecce,0,1,A,0,0,2024/2025,0,40.0,20.0,31.58,36.84,16,7,16,12,3.8,6,2,6,2,2.31,1.91,3
2024-12-07,I1,Roma,Lecce,4,1,H,1,1,2024/2025,1,40.0,20.0,52.63,36.84,23,3,14,5,7.9,8,1,9,1,1.57,1.88,3
2024-12-30,I1,Como,Lecce,2,0,H,0,0,2024/2025,0,20.0,20.0,47.37,36.84,15,11,15,12,6.02,4,4,8,1,1.7,1.95,2
2025-01-11,I1,Empoli,Lecce,1,3,A,0,2,2024/2025,1,40.0,40.0,36.84,36.84,15,14,21,11,4.52,9,2,5,6,2.1,1.84,3
2025-01-19,I1,Cagliari,Lecce,4,1,H,0,1,2024/2025,1,60.0,60.0,57.89,36.84,19,7,10,11,4.6,6,1,7,2,2.12,1.93,1
2025-01-31,I1,Parma,Lecce,1,3,A,1,1,2024/2025,1,80.0,80.0,52.63,36.84,19,6,14,8,3.5,3,2,7,3,2.55,2.09,2
2025-02-16,I1,Monza,Lecce,0,0,D,0,0,2024/2025,0,60.0,60.0,47.37,36.84,8,19,18,10,2.86,3,7,3,5,2.97,1.97,2
2025-02-28,I1,Fiorentina,Lecce,1,0,H,1,0,2024/2025,0,40.0,60.0,63.16,36.84,10,8,12,10,5.01,5,2,3,3,1.96,2.0,2
2025-03-14,I1,Genoa,Lecce,2,1,H,2,0,2024/2025,1,20.0,60.0,42.11,36.84,8,15,10,12,4.6,3,3,2,2,2.15,1.83,2
2025-04-12,I1,Juventus,Lecce,2,1,H,2,0,2024/2025,1,40.0,60.0,42.11,36.84,22,14,10,7,11.0,9,4,7,3,1.38,1.85,1
2025-04-27,I1,Atalanta,Lecce,1,1,D,0,1,2024/2025,0,0.0,40.0,52.63,36.84,21,10,8,10,13.13,12,3,6,3,1.3,1.97,1
2025-05-11,I1,Verona,Lecce,1,1,D,1,1,2024/2025,0,20.0,40.0,57.89,36.84,6,11,15,17,3.54,3,6,2,3,2.65,2.03,0
2025-05-25,I1,Lazio,Lecce,0,1,A,0,1,2024/2025,0,20.0,40.0,63.16,36.84,26,9,11,11,8.5,14,4,7,3,1.49,1.97,3
2025-08-23,I1,Genoa,Lecce,0,0,D,0,0,2025/2026,0,0.0,0.0,42.86,28.57,5,7,13,16,5.75,3,7,2,0,1.8,1.95,3
2025-09-14,I1,Atalanta,Lecce,4,1,H,1,0,2025/2026,1,50.0,50.0,28.57,28.57,19,12,7,12,9.5,8,2,8,3,1.42,1.95,0
2025-10-04,I1,Parma,Lecce,0,1,A,0,1,2025/2026,0,33.33,33.33,42.86,28.57,10,7,16,16,4.5,4,9,2,3,1.91,2.02,2
2025-10-25,I1,Udinese,Lecce,3,2,H,2,0,2025/2026,1,50.0,50.0,57.14,28.57,8,13,12,12,4.6,4,9,4,3,2.05,2.04,2
2025-11-02,I1,Fiorentina,Lecce,0,1,A,0,1,2025/2026,0,80.0,40.0,66.67,28.57,15,11,21,14,5.66,4,4,4,4,1.7,2.03,1
2025-11-23,I1,Lazio,Lecce,2,0,H,1,0,2025/2026,0,20.0,40.0,28.57,28.57,19,5,13,8,5.8,8,2,9,1,1.92,2.05,1
2025-12-07,I1,Cremonese,Lecce,2,0,H,0,0,2025/2026,0,40.0,20.0,42.86,28.57,11,9,12,15,3.4,5,5,4,1,2.38,1.8,2
2023-08-21,I1,Bologna,Milan,0,2,A,0,2,2023/2024,0,0.0,0.0,36.84,78.95,17,10,4,10,2.12,3,6,5,6,4.19,2.02,2
2023-09-01,I1,Roma,Milan,1,2,A,0,1,2023/2024,1,100.0,50.0,52.63,78.95,13,9,15,14,2.84,3,5,2,4,3.2,1.95,4
2023-09-16,I1,Inter,Milan,5,1,H,2,0,2023/2024,1,66.67,66.67,52.63,78.95,14,9,13,16,3.73,5,0,7,2,2.28,2.06,2
2023-09-27,I1,Cagliari,Milan,1,3,A,1,2,2023/2024,1,33.33,75.0,63.16,78.95,16,17,6,13,1.98,3,5,6,6,5.0,1.89,1
2023-10-07,I1,Genoa,Milan,0,1,A,0,0,2023/2024,0,75.0,60.0,42.11,78.95,7,12,13,10,2.0,3,2,1,3,4.73,1.99,5
2023-10-29,I1,Napoli,Milan,2,2,D,0,2,2023/2024,1,80.0,80.0,63.16,78.95,17,20,10,14,3.4,6,4,4,6,2.37,1.99,3
2023-11-11,I1,Lecce,Milan,2,2,D,0,2,2023/2024,1,40.0,80.0,36.84,78.95,14,10,16,12,1.81,3,1,5,6,5.3,2.02,6
2023-12-09,I1,Atalanta,Milan,3,2,H,1,1,2023/2024,1,60.0,80.0,68.42,78.95,19,14,11,11,3.08,6,4,7,4,2.71,2.11,5
2023-12-22,I1,Salernitana,Milan,2,2,D,1,1,2023/2024,1,80.0,80.0,68.42,78.95,19,21,11,16,1.53,6,6,7,9,7.5,1.98,1
2024-01-07,I1,Empoli,Milan,0,3,A,0,2,2023/2024,1,60.0,100.0,31.58,78.95,17,13,13,9,1.68,6,6,2,6,5.75,1.88,2
2024-01-20,I1,Udinese,Milan,2,3,A,1,1,2023/2024,1,100.0,100.0,47.37,78.95,11,15,9,12,1.94,5,7,6,7,4.53,1.92,1
2024-02-03,I1,Frosinone,Milan,2,3,A,1,1,2023/2024,1,80.0,100.0,73.68,78.95,7,13,13,10,1.78,2,4,4,5,4.9,1.85,3
2024-02-18,I1,Monza,Milan,4,2,H,2,0,2023/2024,1,40.0,100.0,42.11,78.95,12,16,10,11,1.82,7,3,6,6,5.24,2.07,1
2024-03-01,I1,Lazio,Milan,0,1,A,0,0,2023/2024,0,40.0,80.0,26.32,78.95,11,14,19,17,2.44,2,5,3,5,3.65,1.96,6
2024-03-17,I1,Verona,Milan,1,3,A,0,1,2023/2024,1,60.0,80.0,57.89,78.95,15,18,8,9,1.68,3,5,4,6,6.51,1.96,3
2024-03-30,I1,Fiorentina,Milan,1,2,A,0,0,2023/2024,1,80.0,80.0,68.42,78.95,17,14,12,8,2.5,7,5,7,10,3.21,1.85,3
2024-04-14,I1,Sassuolo,Milan,3,3,D,2,1,2023/2024,1,60.0,80.0,47.37,78.95,10,23,9,12,1.8,2,6,5,7,4.8,2.04,1
2024-04-27,I1,Juventus,Milan,0,0,D,0,0,2023/2024,0,40.0,60.0,26.32,78.95,18,9,4,10,3.75,9,4,7,0,2.21,2.13,1
2024-05-18,I1,Torino,Milan,3,1,H,2,0,2023/2024,1,20.0,80.0,26.32,78.95,11,16,14,15,3.17,3,8,5,4,2.75,1.92,1
2024-08-24,I1,Parma,Milan,2,1,H,1,0,2024/2025,1,50.0,100.0,52.63,73.68,8,17,13,9,1.66,3,9,5,5,5.77,1.92,3
2024-08-31,I1,Lazio,Milan,2,2,D,0,1,2024/2025,1,100.0,100.0,63.16,73.68,7,10,9,12,2.61,5,7,5,4,2.9,2.16,2
2024-09-22,I1,Inter,Milan,1,2,A,1,1,2024/2025,1,66.67,100.0,63.16,73.68,13,16,4,13,5.72,6,2,4,8,1.73,2.11,1
2024-10-06,I1,Fiorentina,Milan,2,1,H,1,0,2024/2025,1,75.0,100.0,63.16,73.68,12,16,21,11,2.11,0,7,3,8,3.78,1.94,3
2024-11-02,I1,Monza,Milan,0,1,A,0,1,2024/2025,0,40.0,80.0,47.37,73.68,12,18,15,18,1.7,3,5,2,7,6.44,1.95,1
2024-11-09,I1,Cagliari,Milan,3,3,D,1,2,2024/2025,1,60.0,80.0,57.89,73.68,16,13,11,7,1.72,6,3,7,6,5.3,2.07,2
2024-12-06,I1,Atalanta,Milan,2,1,H,1,1,2024/2025,1,80.0,80.0,52.63,73.68,17,6,13,14,3.9,7,0,8,2,2.23,2.04,0
2024-12-20,I1,Verona,Milan,0,1,A,0,0,2024/2025,0,80.0,60.0,57.89,73.68,10,14,9,21,1.66,3,8,2,6,6.0,2.06,1
2025-01-14,I1,Como,Milan,1,2,A,0,0,2024/2025,1,20.0,60.0,47.37,73.68,12,12,17,11,1.88,2,4,4,6,4.83,1.96,6
2025-01-18,I1,Juventus,Milan,2,0,H,0,0,2024/2025,0,60.0,60.0,42.11,73.68,15,13,11,19,3.35,5,5,6,3,2.48,2.01,2
2025-02-08,I1,Empoli,Milan,0,2,A,0,0,2024/2025,0,40.0,40.0,36.84,73.68,8,16,10,17,1.74,2,6,0,5,5.6,1.89,4
2025-02-22,I1,Torino,Milan,2,1,H,1,0,2024/2025,1,20.0,40.0,15.79,73.68,9,26,5,14,1.99,4,11,3,8,4.3,2.07,1
2025-02-27,I1,Bologna,Milan,2,1,H,0,1,2024/2025,1,80.0,60.0,47.37,73.68,14,8,15,13,2.64,4,5,4,4,3.05,1.87,2
2025-03-08,I1,Lecce,Milan,2,3,A,1,0,2024/2025,1,40.0,60.0,42.11,73.68,11,16,7,13,1.85,2,7,3,9,5.1,2.04,1
2025-03-30,I1,Napoli,Milan,2,1,H,2,0,2024/2025,1,60.0,80.0,47.37,73.68,8,17,5,10,4.17,2,6,3,4,2.01,1.92,2
2025-04-11,I1,Udinese,Milan,0,4,A,0,2,2024/2025,1,60.0,100.0,52.63,73.68,14,14,9,10,1.94,5,7,5,7,4.56,1.98,1
2025-04-27,I1,Venezia,Milan,0,2,A,0,1,2024/2025,0,0.0,80.0,31.58,73.68,15,12,13,14,1.69,7,2,2,2,5.52,1.92,0
2025-05-05,I1,Genoa,Milan,1,2,A,0,0,2024/2025,1,40.0,80.0,42.11,73.68,11,10,12,14,1.82,8,7,4,5,5.0,2.07,5
2025-05-18,I1,Roma,Milan,3,1,H,1,1,2024/2025,1,20.0,80.0,52.63,73.68,15,12,16,12,3.35,4,2,6,3,2.23,1.98,2
2025-08-29,I1,Lecce,Milan,0,2,A,0,0,2025/2026,0,0.0,0.0,42.86,42.86,7,14,8,10,1.6,4,5,2,6,7.0,2.05,0
2025-09-20,I1,Udinese,Milan,0,3,A,0,1,2025/2026,1,50.0,50.0,57.14,42.86,10,13,7,9,1.67,1,4,4,6,5.25,1.85,0
2025-10-05,I1,Juventus,Milan,0,0,D,0,0,2025/2026,0,25.0,33.33,42.86,42.86,12,13,8,15,2.8,6,0,3,4,2.8,1.93,2
2025-10-28,I1,Atalanta,Milan,1,1,D,1,1,2025/2026,0,20.0,25.0,28.57,42.86,17,6,8,9,2.9,9,4,3,1,2.6,1.95,3
2025-11-08,I1,Parma,Milan,2,2,D,1,2,2025/2026,1,60.0,40.0,42.86,42.86,14,10,10,14,1.53,4,3,4,5,7.5,2.1,1
2025-11-23,I1,Inter,Milan,0,1,A,0,0,2025/2026,0,60.0,40.0,75.0,42.86,20,7,9,7,4.2,9,1,6,3,2.14,1.91,2
2025-12-08,I1,Torino,Milan,2,3,A,2,1,2025/2026,1,80.0,40.0,71.43,42.86,8,17,7,16,1.68,2,4,4,6,5.7,1.8,1
2023-08-19,I1,Inter,Monza,2,0,H,1,0,2023/2024,0,0.0,0.0,52.63,36.84,22,12,13,8,8.5,8,3,3,2,1.44,2.1,1
2023-09-02,I1,Atalanta,Monza,3,0,H,2,0,2023/2024,1,100.0,50.0,68.42,36.84,18,8,9,11,5.25,7,3,8,2,1.75,1.85,3
2023-09-23,I1,Lazio,Monza,1,1,D,1,1,2023/2024,0,0.0,33.33,26.32,36.84,8,16,7,13,4.87,1,3,1,4,1.83,1.9,2
2023-10-02,I1,Sassuolo,Monza,0,1,A,0,0,2023/2024,0,50.0,25.0,47.37,36.84,19,13,10,8,3.55,7,4,7,4,2.18,1.97,0
2023-10-22,I1,Roma,Monza,1,0,H,0,0,2023/2024,0,60.0,20.0,52.63,36.84,21,11,11,11,5.63,8,5,4,4,1.8,1.97,4
2023-11-05,I1,Verona,Monza,1,3,A,0,1,2023/2024,1,60.0,40.0,57.89,36.84,16,12,12,6,2.55,2,6,5,6,3.21,2.05,2
2023-11-26,I1,Cagliari,Monza,1,1,D,1,0,2023/2024,0,80.0,20.0,63.16,36.84,17,12,15,10,2.97,10,11,6,4,2.8,1.86,2
2023-12-17,I1,Milan,Monza,3,0,H,2,0,2023/2024,1,40.0,40.0,52.63,36.84,17,21,8,8,6.1,4,5,9,4,1.65,1.83,2
2023-12-29,I1,Napoli,Monza,0,0,D,0,0,2023/2024,0,60.0,40.0,63.16,36.84,25,8,21,10,6.34,10,1,9,3,1.68,1.85,4
2024-01-06,I1,Frosinone,Monza,2,3,A,0,2,2023/2024,1,80.0,60.0,73.68,36.84,10,7,16,11,2.95,5,1,5,2,2.63,1.99,5
2024-01-21,I1,Empoli,Monza,3,0,H,2,0,2023/2024,1,60.0,60.0,31.58,36.84,9,15,10,15,2.93,1,7,5,5,2.79,1.89,3
2024-02-03,I1,Udinese,Monza,0,0,D,0,0,2023/2024,0,80.0,60.0,47.37,36.84,21,3,13,12,3.93,7,4,6,2,2.24,2.0,2
2024-02-24,I1,Salernitana,Monza,0,2,A,0,0,2023/2024,0,80.0,40.0,68.42,36.84,11,17,13,6,2.4,7,11,3,7,3.45,1.85,2
2024-03-09,I1,Genoa,Monza,2,3,A,0,2,2023/2024,1,60.0,60.0,42.11,36.84,22,9,10,11,4.0,10,1,6,5,2.2,2.08,1
2024-03-30,I1,Torino,Monza,1,0,H,0,0,2023/2024,0,0.0,40.0,26.32,36.84,15,9,11,9,5.2,7,2,6,2,1.96,2.07,3
2024-04-13,I1,Bologna,Monza,0,0,D,0,0,2023/2024,0,20.0,20.0,36.84,36.84,17,4,19,13,7.8,10,0,7,0,1.55,1.95,4
2024-04-27,I1,Lecce,Monza,1,1,D,0,0,2023/2024,0,20.0,20.0,36.84,36.84,12,9,18,13,4.3,0,5,4,1,2.15,1.85,3
2024-05-13,I1,Fiorentina,Monza,2,1,H,1,1,2023/2024,1,80.0,40.0,68.42,36.84,15,5,14,9,6.7,6,1,8,2,1.55,1.93,1
2024-05-25,I1,Juventus,Monza,2,0,H,2,0,2023/2024,0,0.0,20.0,26.32,36.84,12,12,13,15,6.0,3,4,4,4,1.58,1.95,3
2024-08-17,I1,Empoli,Monza,0,0,D,0,0,2024/2025,0,0.0,0.0,36.84,52.63,9,4,19,16,3.31,7,3,1,1,2.55,1.81,2
2024-09-01,I1,Fiorentina,Monza,2,2,D,1,2,2024/2025,1,50.0,50.0,63.16,52.63,15,4,21,11,5.4,6,0,5,3,1.92,2.0,4
2024-09-29,I1,Napoli,Monza,2,0,H,2,0,2024/2025,0,66.67,33.33,47.37,52.63,11,5,8,16,12.24,1,3,2,1,1.35,2.13,2
2024-10-21,I1,Verona,Monza,0,3,A,0,1,2024/2025,1,100.0,50.0,57.89,52.63,16,10,13,8,3.6,9,6,4,4,2.45,1.95,2
2024-10-30,I1,Atalanta,Monza,2,0,H,0,0,2024/2025,0,80.0,40.0,52.63,52.63,16,4,11,14,12.19,5,1,6,3,1.33,2.0,3
2024-11-24,I1,Torino,Monza,1,1,D,0,0,2024/2025,0,20.0,40.0,15.79,52.63,12,9,13,17,4.33,7,3,5,6,2.19,1.84,2
2024-11-30,I1,Como,Monza,1,1,D,1,0,2024/2025,0,40.0,20.0,47.37,52.63,17,9,11,16,4.62,11,4,3,3,2.16,1.83,0
2024-12-15,I1,Lecce,Monza,2,1,H,2,1,2024/2025,1,40.0,40.0,42.11,52.63,11,10,16,15,3.14,2,7,4,1,2.88,1.79,5
2024-12-28,I1,Parma,Monza,2,1,H,0,0,2024/2025,1,80.0,40.0,52.63,52.63,9,10,21,16,2.96,4,6,3,4,2.66,1.88,7
2025-01-18,I1,Bologna,Monza,3,1,H,2,1,2024/2025,1,80.0,60.0,47.37,52.63,18,3,18,16,6.94,4,0,7,1,1.66,1.83,3
2025-01-27,I1,Genoa,Monza,2,0,H,0,0,2024/2025,0,40.0,60.0,42.11,52.63,18,5,19,13,3.75,9,6,6,1,2.35,2.02,4
2025-02-09,I1,Lazio,Monza,5,1,H,1,0,2024/2025,1,60.0,80.0,63.16,52.63,26,3,12,10,12.0,8,1,9,1,1.38,2.09,1
2025-02-24,I1,Roma,Monza,4,0,H,2,0,2024/2025,1,60.0,80.0,52.63,52.63,23,5,7,6,13.0,6,3,6,2,1.33,1.94,1
2025-03-08,I1,Inter,Monza,3,2,H,1,2,2024/2025,1,80.0,80.0,63.16,52.63,30,8,7,8,24.0,13,1,9,4,1.16,1.85,1
2025-03-30,I1,Cagliari,Monza,3,0,H,0,0,2024/2025,1,60.0,80.0,57.89,52.63,11,12,11,17,5.4,4,6,4,3,1.85,2.02,2
2025-04-12,I1,Venezia,Monza,1,0,H,0,0,2024/2025,0,0.0,80.0,31.58,52.63,9,10,20,20,5.09,3,4,4,3,1.84,1.91,3
2025-04-27,I1,Juventus,Monza,2,0,H,2,0,2024/2025,0,40.0,60.0,42.11,52.63,10,12,5,17,15.0,0,5,5,3,1.25,1.87,3
2025-05-11,I1,Udinese,Monza,1,2,A,0,0,2024/2025,1,40.0,60.0,52.63,52.63,21,5,8,21,5.87,7,0,5,2,1.64,2.09,3
2025-05-24,I1,Milan,Monza,2,0,H,0,0,2024/2025,0,60.0,40.0,47.37,52.63,21,6,9,8,11.75,4,6,6,2,1.25,1.88,1
2023-08-19,I1,Frosinone,Napoli,1,3,A,1,2,2023/2024,1,100.0,100.0,73.68,47.37,4,19,17,14,1.57,4,6,1,8,6.91,2.11,3
2023-09-16,I1,Genoa,Napoli,2,2,D,1,0,2023/2024,1,100.0,100.0,42.11,47.37,8,12,8,14,1.69,3,1,3,4,6.11,1.88,2
2023-09-24,I1,Bologna,Napoli,0,0,D,0,0,2023/2024,0,33.33,66.67,36.84,47.37,5,12,12,16,2.2,5,5,2,4,3.79,2.06,5
2023-09-30,I1,Lecce,Napoli,0,4,A,0,1,2023/2024,1,50.0,75.0,36.84,47.37,9,15,11,11,1.87,3,7,4,6,5.18,2.0,2
2023-10-21,I1,Verona,Napoli,1,3,A,0,2,2023/2024,1,50.0,80.0,57.89,47.37,15,22,9,12,1.65,5,8,9,10,6.5,1.85,2
2023-11-04,I1,Salernitana,Napoli,0,2,A,0,1,2023/2024,0,60.0,60.0,68.42,47.37,10,21,10,15,1.42,8,9,3,8,9.5,2.0,1
2023-11-25,I1,Atalanta,Napoli,1,2,A,0,1,2023/2024,1,40.0,60.0,68.42,47.37,16,11,9,15,2.95,5,4,5,4,2.76,1.95,2
2023-12-08,I1,Juventus,Napoli,1,0,H,0,0,2023/2024,0,20.0,60.0,26.32,47.37,11,13,12,11,3.71,3,6,2,1,2.5,1.97,4
2023-12-23,I1,Roma,Napoli,2,0,H,0,0,2023/2024,0,40.0,40.0,52.63,47.37,17,7,12,19,2.86,4,0,4,2,3.29,1.84,4
2024-01-07,I1,Torino,Napoli,3,0,H,1,0,2023/2024,1,60.0,40.0,26.32,47.37,10,10,10,7,3.05,2,5,6,3,2.9,1.84,2
2024-01-28,I1,Lazio,Napoli,0,0,D,0,0,2023/2024,0,20.0,40.0,26.32,47.37,10,5,11,11,3.49,4,3,1,0,2.44,1.99,2
2024-02-11,I1,Milan,Napoli,1,0,H,1,0,2023/2024,0,60.0,20.0,52.63,47.37,10,12,12,9,4.3,1,2,6,2,2.01,1.94,1
2024-02-25,I1,Cagliari,Napoli,1,1,D,0,0,2023/2024,0,60.0,20.0,63.16,47.37,8,9,12,12,1.83,4,3,3,4,4.65,1.9,1
2024-02-28,I1,Sassuolo,Napoli,1,6,A,1,3,2023/2024,1,60.0,40.0,47.37,47.37,5,27,5,3,1.81,5,10,2,9,4.78,2.08,0
2024-03-17,I1,Inter,Napoli,1,1,D,1,0,2023/2024,0,60.0,20.0,52.63,47.37,19,11,6,19,6.4,5,7,6,3,1.58,1.92,1
2024-04-07,I1,Monza,Napoli,2,4,A,1,0,2023/2024,1,60.0,40.0,42.11,47.37,7,19,8,10,1.87,1,6,2,8,4.8,1.92,1
2024-04-20,I1,Empoli,Napoli,1,0,H,1,0,2023/2024,0,20.0,40.0,31.58,47.37,7,9,12,14,1.71,2,8,1,1,5.5,1.94,2
2024-05-06,I1,Udinese,Napoli,1,1,D,0,0,2023/2024,0,40.0,40.0,47.37,47.37,10,12,10,13,2.0,7,5,2,4,4.2,2.03,0
2024-05-17,I1,Fiorentina,Napoli,2,2,D,2,1,2023/2024,1,80.0,40.0,68.42,47.37,14,15,14,16,3.67,5,3,5,3,2.2,1.91,2
2024-08-18,I1,Verona,Napoli,3,0,H,0,0,2024/2025,1,100.0,100.0,57.89,42.11,8,15,13,15,1.78,1,5,5,5,5.57,2.08,1
2024-09-15,I1,Cagliari,Napoli,0,4,A,0,1,2024/2025,1,33.33,100.0,57.89,42.11,16,12,11,22,1.83,7,4,3,5,4.8,1.85,2
2024-09-21,I1,Juventus,Napoli,0,0,D,0,0,2024/2025,0,33.33,66.67,42.11,42.11,9,8,13,10,3.35,4,3,1,1,2.51,2.01,0
2024-10-20,I1,Empoli,Napoli,0,1,A,0,0,2024/2025,0,0.0,50.0,36.84,42.11,11,9,13,14,1.73,7,7,4,1,6.14,1.9,2
2024-10-29,I1,Milan,Napoli,0,2,A,0,2,2024/2025,0,60.0,40.0,47.37,42.11,13,9,6,14,2.8,5,1,5,4,2.91,2.11,1
2024-11-10,I1,Inter,Napoli,1,1,D,1,1,2024/2025,0,60.0,20.0,63.16,42.11,13,5,12,15,4.8,4,2,4,2,1.85,2.02,0
2024-12-01,I1,Torino,Napoli,0,1,A,0,1,2024/2025,0,20.0,0.0,15.79,42.11,5,16,9,15,1.75,4,7,1,6,6.4,2.11,1
2024-12-14,I1,Udinese,Napoli,1,3,A,1,0,2024/2025,1,20.0,20.0,52.63,42.11,7,17,8,14,1.76,3,9,3,4,5.75,2.04,1
2024-12-21,I1,Genoa,Napoli,1,2,A,0,2,2024/2025,1,40.0,40.0,42.11,42.11,11,12,8,8,1.75,5,6,3,2,6.12,1.96,1
2025-01-04,I1,Fiorentina,Napoli,0,3,A,0,1,2024/2025,1,80.0,60.0,63.16,42.11,14,10,15,17,2.56,4,2,2,4,3.86,1.86,1
2025-01-18,I1,Atalanta,Napoli,2,3,A,1,2,2024/2025,1,80.0,80.0,52.63,42.11,15,6,9,18,3.63,3,1,6,3,2.46,1.9,2
2025-02-02,I1,Roma,Napoli,1,1,D,0,1,2024/2025,0,60.0,80.0,52.63,42.11,12,5,13,9,2.31,2,3,2,2,3.77,2.11,1
2025-02-15,I1,Lazio,Napoli,2,2,D,1,1,2024/2025,1,60.0,80.0,63.16,42.11,12,6,19,9,3.51,7,1,5,3,2.61,2.01,2
2025-02-23,I1,Como,Napoli,2,1,H,1,1,2024/2025,1,100.0,80.0,47.37,42.11,8,13,14,17,2.38,4,6,3,4,3.88,1.95,3
2025-03-16,I1,Venezia,Napoli,0,0,D,0,0,2024/2025,0,0.0,60.0,31.58,42.11,13,15,8,19,1.51,3,8,4,7,8.4,1.96,1
2025-04-07,I1,Bologna,Napoli,1,1,D,0,1,2024/2025,0,80.0,40.0,47.37,42.11,12,6,18,11,3.21,8,3,4,2,2.8,1.86,3
2025-04-19,I1,Monza,Napoli,0,1,A,0,0,2024/2025,0,20.0,40.0,47.37,42.11,8,16,11,18,1.35,6,7,0,5,12.0,1.94,2
2025-05-03,I1,Lecce,Napoli,0,1,A,0,1,2024/2025,0,40.0,20.0,42.11,42.11,9,8,4,11,1.52,5,2,1,2,8.07,1.99,0
2025-05-18,I1,Parma,Napoli,0,0,D,0,0,2024/2025,0,40.0,0.0,52.63,42.11,6,7,16,13,1.49,3,2,4,2,7.5,1.93,2
2025-08-23,I1,Sassuolo,Napoli,0,2,A,0,1,2025/2026,0,0.0,0.0,57.14,28.57,7,13,17,17,1.67,1,2,2,4,6.0,2.0,1
2025-09-13,I1,Fiorentina,Napoli,1,3,A,0,2,2025/2026,1,100.0,50.0,66.67,28.57,19,14,14,14,2.05,8,5,3,9,4.33,1.93,0
2025-09-28,I1,Milan,Napoli,2,1,H,2,0,2025/2026,1,66.67,66.67,57.14,28.57,6,19,7,7,4.33,1,7,3,7,2.05,1.85,0
2025-10-18,I1,Torino,Napoli,1,0,H,1,0,2025/2026,0,33.33,50.0,71.43,28.57,12,22,9,9,1.85,3,11,2,5,5.4,2.05,2
2025-10-28,I1,Lecce,Napoli,0,1,A,0,0,2025/2026,0,40.0,40.0,42.86,28.57,7,14,14,10,1.63,3,5,2,3,6.5,2.0,1
2025-11-09,I1,Bologna,Napoli,2,0,H,0,0,2025/2026,0,40.0,40.0,50.0,28.57,11,4,15,14,2.75,5,4,4,1,3.0,1.83,3
2025-11-30,I1,Roma,Napoli,0,1,A,0,1,2025/2026,0,20.0,20.0,14.29,28.57,8,8,13,14,3.1,4,2,2,5,2.8,22.0,3
2024-08-31,I1,Napoli,Parma,2,1,H,0,1,2024/2025,1,100.0,100.0,47.37,57.89,29,13,6,12,8.0,6,4,7,2,1.48,1.85,4
2024-09-21,I1,Lecce,Parma,2,2,D,1,0,2024/2025,1,66.67,100.0,42.11,57.89,14,24,11,12,3.75,2,12,3,10,2.16,2.0,0
2024-10-06,I1,Bologna,Parma,0,0,D,0,0,2024/2025,0,0.0,66.67,47.37,57.89,19,13,16,15,3.96,13,6,3,2,2.06,2.07,0
2024-10-19,I1,Como,Parma,1,1,D,1,1,2024/2025,0,66.67,50.0,47.37,57.89,11,9,10,14,4.8,7,4,3,3,1.91,1.91,2
2024-10-30,I1,Juventus,Parma,2,2,D,1,2,2024/2025,1,20.0,60.0,42.11,57.89,24,13,5,7,7.7,10,6,6,5,1.47,2.0,0
2024-11-09,I1,Venezia,Parma,1,2,A,1,1,2024/2025,1,40.0,60.0,31.58,57.89,12,10,10,9,3.36,6,6,6,3,2.26,2.05,2
2024-12-06,I1,Inter,Parma,3,1,H,1,0,2024/2025,1,60.0,60.0,63.16,57.89,18,5,3,8,15.0,10,1,5,2,1.22,2.14,1
2024-12-22,I1,Roma,Parma,5,0,H,2,0,2024/2025,1,60.0,80.0,52.63,57.89,19,9,9,10,8.89,5,2,9,3,1.51,2.06,2
2025-01-05,I1,Torino,Parma,0,0,D,0,0,2024/2025,0,0.0,80.0,15.79,57.89,12,10,9,9,5.25,8,7,4,3,1.82,2.01,1
2025-01-12,I1,Genoa,Parma,1,0,H,0,0,2024/2025,0,40.0,60.0,42.11,57.89,14,9,10,10,4.24,6,9,4,3,2.03,1.91,3
2025-01-26,I1,Milan,Parma,3,2,H,1,1,2024/2025,1,40.0,60.0,47.37,57.89,14,12,7,14,10.79,7,4,5,5,1.3,2.1,5
2025-02-09,I1,Cagliari,Parma,2,1,H,0,0,2024/2025,1,80.0,60.0,57.89,57.89,14,9,12,14,4.5,7,6,3,1,2.0,2.03,0
2025-03-01,I1,Udinese,Parma,1,0,H,1,0,2024/2025,0,60.0,40.0,52.63,57.89,20,9,7,15,4.68,7,7,6,4,1.94,2.13,1
2025-03-15,I1,Monza,Parma,1,1,D,0,0,2024/2025,0,20.0,40.0,47.37,57.89,12,14,16,14,2.5,6,3,4,6,3.22,1.81,3
2025-03-31,I1,Verona,Parma,0,0,D,0,0,2024/2025,0,60.0,40.0,57.89,57.89,6,10,9,11,2.97,5,5,0,1,3.01,1.83,1
2025-04-13,I1,Fiorentina,Parma,0,0,D,0,0,2024/2025,0,20.0,20.0,63.16,57.89,9,7,19,10,5.3,2,2,3,3,1.8,1.97,5
2025-04-28,I1,Lazio,Parma,2,2,D,0,1,2024/2025,1,40.0,20.0,63.16,57.89,14,7,11,12,9.12,5,1,7,5,1.4,2.05,3
2025-05-10,I1,Empoli,Parma,2,1,H,1,0,2024/2025,1,40.0,40.0,36.84,57.89,15,3,16,21,3.48,4,0,4,1,2.49,2.06,2
2025-05-25,I1,Atalanta,Parma,2,3,A,2,0,2024/2025,1,40.0,60.0,52.63,57.89,11,18,7,7,4.68,5,6,5,10,1.93,1.91,1
2025-08-24,I1,Juventus,Parma,2,0,H,0,0,2025/2026,0,0.0,0.0,42.86,28.57,25,8,13,9,9.0,6,6,8,2,1.44,1.9,2
2025-09-13,I1,Cagliari,Parma,2,0,H,1,0,2025/2026,0,0.0,0.0,28.57,28.57,12,17,18,15,3.6,4,5,5,5,2.3,2.0,1
2025-09-21,I1,Cremonese,Parma,0,0,D,0,0,2025/2026,0,50.0,0.0,42.86,28.57,3,15,8,16,2.6,3,3,1,3,3.15,2.03,0
2025-10-19,I1,Genoa,Parma,0,0,D,0,0,2025/2026,0,25.0,0.0,42.86,28.57,23,1,13,15,3.85,3,0,7,0,2.3,2.05,5
2025-10-29,I1,Roma,Parma,2,1,H,0,0,2025/2026,1,20.0,20.0,14.29,28.57,18,8,9,8,9.0,9,2,6,5,1.48,1.96,3
2025-11-23,I1,Verona,Parma,1,2,A,0,1,2025/2026,1,60.0,40.0,57.14,28.57,10,15,6,24,3.9,4,4,2,7,2.25,1.93,3
2025-12-08,I1,Pisa,Parma,0,1,A,0,1,2025/2026,0,0.0,40.0,0.0,28.57,14,9,7,15,3.14,6,0,2,2,2.55,1.8,2
2025-08-24,I1,Atalanta,Pisa,1,1,D,0,1,2025/2026,0,0.0,0.0,28.57,83.33,21,11,10,9,7.5,10,4,6,2,1.48,1.82,0
2025-09-22,I1,Napoli,Pisa,3,2,H,1,0,2025/2026,1,50.0,50.0,71.43,83.33,18,15,18,10,12.0,5,3,6,6,1.33,1.89,2
2025-10-05,I1,Bologna,Pisa,4,0,H,3,0,2025/2026,1,66.67,66.67,50.0,83.33,24,2,12,16,5.75,2,2,7,0,1.7,2.1,1
2025-10-24,I1,Milan,Pisa,2,2,D,1,0,2025/2026,1,80.0,75.0,57.14,83.33,20,8,21,8,11.0,6,2,7,2,1.34,1.93,3
2025-11-02,I1,Torino,Pisa,2,2,D,2,2,2025/2026,1,60.0,80.0,71.43,83.33,15,11,8,14,5.33,4,2,3,3,1.88,1.91,1
2025-11-24,I1,Sassuolo,Pisa,2,2,D,1,1,2025/2026,1,60.0,100.0,57.14,83.33,22,10,10,10,4.25,5,2,7,3,2.05,1.83,1
2023-08-26,I1,Verona,Roma,2,1,H,2,0,2023/2024,1,100.0,100.0,57.89,68.42,5,23,12,17,1.95,1,12,3,7,5.13,1.89,3
2023-09-24,I1,Torino,Roma,1,1,D,0,0,2023/2024,0,0.0,50.0,26.32,68.42,13,11,5,4,2.65,7,1,4,3,3.45,2.21,2
2023-09-28,I1,Genoa,Roma,4,1,H,2,1,2023/2024,1,100.0,66.67,42.11,68.42,8,13,12,7,2.14,1,7,4,3,4.57,1.83,3
2023-10-08,I1,Cagliari,Roma,1,4,A,0,2,2023/2024,1,50.0,75.0,63.16,68.42,16,11,13,15,1.86,4,3,2,5,6.0,1.87,3
2023-10-29,I1,Inter,Roma,1,0,H,0,0,2023/2024,0,80.0,60.0,52.63,68.42,19,3,9,14,7.5,8,0,3,1,1.62,2.12,4
2023-11-12,I1,Lazio,Roma,0,0,D,0,0,2023/2024,0,20.0,40.0,26.32,68.42,7,8,13,12,2.94,4,1,2,1,3.16,1.86,4
2023-12-03,I1,Sassuolo,Roma,1,2,A,1,0,2023/2024,1,40.0,60.0,47.37,68.42,8,15,11,10,2.15,1,11,2,7,3.75,1.99,1
2023-12-17,I1,Bologna,Roma,2,0,H,1,0,2023/2024,0,40.0,40.0,36.84,68.42,8,8,16,16,3.64,0,4,2,3,2.59,1.9,4
2023-12-30,I1,Juventus,Roma,1,0,H,0,0,2023/2024,0,20.0,20.0,26.32,68.42,13,11,14,15,4.33,2,2,4,2,2.21,2.17,1
2024-01-14,I1,Milan,Roma,3,1,H,1,0,2023/2024,1,60.0,40.0,52.63,68.42,17,12,9,12,4.26,2,5,5,5,2.24,2.08,3
2024-01-29,I1,Salernitana,Roma,1,2,A,0,0,2023/2024,1,100.0,60.0,68.42,68.42,15,5,12,12,1.74,5,1,7,2,5.79,1.9,3
2024-02-18,I1,Frosinone,Roma,0,3,A,0,1,2023/2024,1,100.0,60.0,73.68,68.42,25,13,16,10,2.06,10,2,7,5,4.05,1.98,3
2024-03-02,I1,Monza,Roma,1,4,A,0,2,2023/2024,1,60.0,80.0,42.11,68.42,16,12,18,11,2.15,6,3,5,6,4.0,2.11,4
2024-03-10,I1,Fiorentina,Roma,2,2,D,1,0,2023/2024,1,80.0,100.0,68.42,68.42,15,10,15,10,3.1,8,2,5,5,2.68,2.03,5
2024-04-01,I1,Lecce,Roma,0,0,D,0,0,2023/2024,0,60.0,80.0,36.84,68.42,27,10,12,9,2.27,8,4,6,3,4.2,1.93,2
2024-04-25,I1,Udinese,Roma,1,2,A,1,0,2023/2024,1,40.0,80.0,47.37,68.42,9,19,10,15,4.08,5,8,3,5,5.3,1.97,2
2024-04-28,I1,Napoli,Roma,2,2,D,0,0,2023/2024,1,80.0,80.0,63.16,68.42,27,10,5,11,4.1,9,2,9,4,2.02,1.93,0
2024-05-12,I1,Atalanta,Roma,2,1,H,2,0,2023/2024,1,80.0,80.0,68.42,68.42,24,9,11,11,4.35,6,1,7,6,1.94,1.89,1
2024-05-26,I1,Empoli,Roma,2,1,H,1,1,2023/2024,1,40.0,80.0,31.58,68.42,17,15,12,18,3.28,4,5,7,3,2.35,1.94,1
2024-08-18,I1,Cagliari,Roma,0,0,D,0,0,2024/2025,0,0.0,0.0,57.89,26.32,12,13,7,15,2.16,5,3,2,3,3.97,2.02,0
2024-09-01,I1,Juventus,Roma,0,0,D,0,0,2024/2025,0,50.0,0.0,42.11,26.32,8,7,12,11,5.3,6,4,1,1,1.8,1.91,2
2024-09-15,I1,Genoa,Roma,1,1,D,0,1,2024/2025,0,33.33,0.0,42.11,26.32,20,16,12,9,2.26,4,5,8,6,3.69,2.0,3
2024-10-06,I1,Monza,Roma,1,1,D,0,0,2024/2025,0,25.0,0.0,47.37,26.32,3,15,13,16,2.08,1,3,3,4,4.45,1.99,1
2024-10-27,I1,Fiorentina,Roma,5,1,H,3,1,2024/2025,1,80.0,20.0,63.16,26.32,21,14,11,13,3.07,6,2,10,5,2.6,2.08,5
2024-11-03,I1,Verona,Roma,3,2,H,2,1,2024/2025,1,100.0,40.0,57.89,26.32,7,14,11,16,1.89,2,2,3,3,5.31,1.85,2
2024-11-24,I1,Napoli,Roma,1,0,H,0,0,2024/2025,0,40.0,40.0,47.37,26.32,14,6,9,8,6.0,8,2,2,1,1.81,1.93,3
2024-12-15,I1,Como,Roma,2,0,H,0,0,2024/2025,0,20.0,40.0,47.37,26.32,18,6,17,18,2.25,6,5,7,1,4.06,1.98,1
2024-12-29,I1,Milan,Roma,1,1,D,1,1,2024/2025,0,20.0,40.0,47.37,26.32,21,12,8,17,3.46,6,5,7,5,2.43,1.97,4
2025-01-12,I1,Bologna,Roma,2,2,D,0,0,2024/2025,1,60.0,40.0,47.37,26.32,14,11,10,18,2.93,5,4,8,4,2.81,1.91,1
2025-01-26,I1,Udinese,Roma,1,2,A,1,0,2024/2025,1,60.0,40.0,52.63,26.32,10,16,12,15,2.54,1,5,3,10,3.21,1.96,2
2025-02-09,I1,Venezia,Roma,0,1,A,0,0,2024/2025,0,20.0,40.0,31.58,26.32,12,13,21,13,1.95,4,6,3,5,4.7,1.95,3
2025-02-16,I1,Parma,Roma,0,1,A,0,1,2024/2025,0,60.0,40.0,52.63,26.32,5,16,5,11,2.2,1,10,1,4,4.02,2.15,0
2025-03-09,I1,Empoli,Roma,0,1,A,0,1,2024/2025,0,40.0,40.0,36.84,26.32,3,16,10,12,2.12,1,9,1,7,4.16,2.02,0
2025-03-29,I1,Lecce,Roma,0,1,A,0,0,2024/2025,0,40.0,20.0,42.11,26.32,17,16,11,6,1.78,6,6,4,6,5.46,2.08,3
2025-04-13,I1,Lazio,Roma,1,1,D,0,0,2024/2025,0,40.0,0.0,63.16,26.32,12,9,12,12,2.47,10,5,7,4,3.33,1.89,2
2025-04-27,I1,Inter,Roma,0,1,A,0,1,2024/2025,0,60.0,0.0,63.16,26.32,17,19,9,11,5.1,4,3,2,7,1.85,1.91,2
2025-05-12,I1,Atalanta,Roma,2,1,H,1,1,2024/2025,1,20.0,20.0,52.63,26.32,16,10,14,14,3.9,8,7,3,4,2.1,1.9,0
2025-05-25,I1,Torino,Roma,0,2,A,0,1,2024/2025,0,0.0,20.0,15.79,26.32,11,15,11,15,1.61,2,1,4,5,5.75,2.01,1
2025-08-30,I1,Pisa,Roma,0,1,A,0,0,2025/2026,0,0.0,0.0,0.0,28.57,7,10,10,14,1.73,1,7,3,5,5.5,1.95,1
2025-09-21,I1,Lazio,Roma,0,1,A,0,1,2025/2026,0,50.0,0.0,28.57,28.57,10,13,22,14,2.88,3,6,2,6,3.1,1.85,1
2025-10-05,I1,Fiorentina,Roma,1,2,A,1,2,2025/2026,1,100.0,33.33,66.67,28.57,11,8,21,19,2.5,3,4,3,3,3.1,1.75,3
2025-10-26,I1,Sassuolo,Roma,0,1,A,0,1,2025/2026,0,25.0,25.0,57.14,28.57,11,15,16,18,1.95,6,6,1,8,4.6,1.86,2
2025-11-02,I1,Milan,Roma,1,0,H,1,0,2025/2026,0,60.0,20.0,57.14,28.57,17,20,13,12,3.5,7,8,8,6,2.38,2.0,5
2025-11-23,I1,Cremonese,Roma,1,3,A,0,1,2025/2026,1,40.0,40.0,42.86,28.57,9,12,16,12,1.75,3,5,4,6,5.8,1.83,2
2025-12-07,I1,Cagliari,Roma,1,0,H,0,0,2025/2026,0,40.0,40.0,28.57,28.57,15,6,16,18,1.67,4,1,8,2,6.0,1.9,1
2023-08-20,I1,Roma,Salernitana,2,2,D,1,1,2023/2024,1,100.0,100.0,52.63,63.16,13,3,9,12,8.13,9,1,3,2,1.59,2.04,4
2023-09-03,I1,Lecce,Salernitana,2,0,H,1,0,2023/2024,0,50.0,50.0,36.84,63.16,20,11,15,17,4.46,6,5,6,4,2.06,1.88,3
2023-09-27,I1,Empoli,Salernitana,1,0,H,1,0,2023/2024,0,0.0,33.33,31.58,63.16,13,14,13,18,3.21,10,2,6,2,2.91,1.95,1
2023-10-08,I1,Monza,Salernitana,3,0,H,2,0,2023/2024,1,25.0,50.0,42.11,63.16,16,8,16,8,5.3,7,7,7,5,1.75,2.05,2
2023-10-27,I1,Genoa,Salernitana,1,0,H,1,0,2023/2024,0,60.0,40.0,42.11,63.16,8,7,19,11,5.3,7,0,4,2,1.79,1.97,4
2023-11-10,I1,Sassuolo,Salernitana,2,2,D,1,2,2023/2024,1,40.0,40.0,47.37,63.16,29,9,14,12,4.75,11,0,9,2,1.76,2.06,1
2023-12-03,I1,Fiorentina,Salernitana,3,0,H,2,0,2023/2024,1,60.0,60.0,68.42,63.16,22,11,12,13,8.5,3,2,9,1,1.48,1.9,0
2023-12-18,I1,Atalanta,Salernitana,4,1,H,0,1,2023/2024,1,80.0,80.0,68.42,63.16,20,10,11,9,13.0,10,7,11,3,1.31,2.01,2
2023-12-30,I1,Verona,Salernitana,0,1,A,0,0,2023/2024,0,40.0,60.0,57.89,63.16,11,9,13,14,4.62,7,6,0,3,2.01,1.98,2
2024-01-13,I1,Napoli,Salernitana,2,1,H,1,1,2023/2024,1,60.0,80.0,63.16,63.16,20,6,10,15,12.0,8,3,7,2,1.35,1.94,2
2024-02-04,I1,Torino,Salernitana,0,0,D,0,0,2023/2024,0,40.0,60.0,26.32,63.16,13,3,8,11,7.0,10,1,1,1,1.61,2.01,1
2024-02-16,I1,Inter,Salernitana,4,0,H,3,0,2023/2024,1,60.0,60.0,52.63,63.16,26,1,9,9,26.0,18,0,10,0,1.14,1.96,1
2024-03-02,I1,Udinese,Salernitana,1,1,D,1,1,2023/2024,0,40.0,40.0,47.37,63.16,18,17,13,13,6.0,5,6,5,1,1.7,2.08,1
2024-03-09,I1,Cagliari,Salernitana,4,2,H,2,0,2023/2024,1,80.0,60.0,63.16,63.16,12,12,11,16,4.77,5,4,7,5,1.88,2.06,2
2024-04-01,I1,Bologna,Salernitana,3,0,H,2,0,2023/2024,1,40.0,60.0,36.84,63.16,14,8,12,11,15.0,5,3,3,2,1.33,1.98,3
2024-04-12,I1,Lazio,Salernitana,4,1,H,3,1,2023/2024,1,60.0,80.0,26.32,63.16,17,8,10,15,12.0,9,0,6,5,1.37,2.09,1
2024-04-26,I1,Frosinone,Salernitana,3,0,H,2,0,2023/2024,1,60.0,80.0,73.68,63.16,11,17,10,13,8.57,7,3,4,2,1.48,2.03,2
2024-05-12,I1,Juventus,Salernitana,1,1,D,0,1,2023/2024,0,20.0,80.0,26.32,63.16,25,13,12,15,21.0,9,4,6,4,1.18,1.92,5
2024-05-25,I1,Milan,Salernitana,3,3,D,2,0,2023/2024,1,100.0,80.0,52.63,63.16,23,14,9,6,26.0,13,3,11,6,1.14,1.97,1
2023-08-27,I1,Napoli,Sassuolo,2,0,H,1,0,2023/2024,0,0.0,0.0,63.16,63.16,25,6,10,9,10.0,12,4,5,1,1.36,2.0,1
2023-09-17,I1,Frosinone,Sassuolo,4,2,H,1,2,2023/2024,1,100.0,50.0,73.68,63.16,16,18,9,10,2.43,5,6,6,7,3.17,1.87,2
2023-09-27,I1,Inter,Sassuolo,1,2,A,1,0,2023/2024,1,75.0,66.67,52.63,63.16,13,13,8,10,12.0,8,6,3,6,1.29,2.02,1
2023-10-06,I1,Lecce,Sassuolo,1,1,D,0,1,2023/2024,0,40.0,50.0,36.84,63.16,13,14,15,9,2.8,5,3,4,1,2.84,2.03,3
2023-11-06,I1,Torino,Sassuolo,2,1,H,1,1,2023/2024,1,40.0,60.0,26.32,63.16,21,5,6,9,3.9,9,2,9,2,2.1,2.03,1
2023-11-26,I1,Empoli,Sassuolo,3,4,A,2,2,2023/2024,1,40.0,80.0,31.58,63.16,11,17,15,20,2.71,6,5,9,9,2.85,1.87,2
2023-12-11,I1,Cagliari,Sassuolo,2,1,H,0,1,2023/2024,1,80.0,80.0,63.16,63.16,18,8,15,15,2.93,10,4,6,4,2.67,1.92,7
2023-12-17,I1,Udinese,Sassuolo,2,2,D,1,0,2023/2024,1,60.0,80.0,47.37,63.16,9,21,6,13,3.2,1,13,7,7,2.53,1.97,1
2023-12-30,I1,Milan,Sassuolo,1,0,H,0,0,2023/2024,0,40.0,80.0,52.63,63.16,20,12,7,8,6.19,6,5,2,6,1.56,1.94,1
2024-01-16,I1,Juventus,Sassuolo,3,0,H,2,0,2023/2024,1,40.0,80.0,26.32,63.16,12,8,9,9,9.0,5,2,5,4,1.45,1.97,2
2024-01-28,I1,Monza,Sassuolo,1,0,H,1,0,2023/2024,0,40.0,60.0,42.11,63.16,12,14,13,8,3.69,4,5,1,3,2.24,1.92,3
2024-02-03,I1,Bologna,Sassuolo,4,2,H,1,2,2023/2024,1,20.0,60.0,36.84,63.16,19,12,10,12,6.55,7,4,4,4,1.67,1.94,3
2024-02-17,I1,Atalanta,Sassuolo,3,0,H,1,0,2023/2024,1,60.0,60.0,68.42,63.16,28,12,9,10,10.0,11,5,13,4,1.36,1.94,0
2024-03-03,I1,Verona,Sassuolo,1,0,H,0,0,2023/2024,0,40.0,60.0,57.89,63.16,10,13,10,23,3.17,2,10,5,2,2.46,1.95,2
2024-03-17,I1,Roma,Sassuolo,1,0,H,0,0,2023/2024,0,80.0,40.0,52.63,63.16,10,8,10,11,8.77,4,7,4,2,1.44,2.08,1
2024-04-05,I1,Salernitana,Sassuolo,2,2,D,0,2,2023/2024,1,60.0,60.0,68.42,63.16,5,16,13,10,2.31,4,9,2,5,3.47,1.96,3
2024-04-28,I1,Fiorentina,Sassuolo,5,1,H,1,0,2023/2024,1,80.0,60.0,68.42,63.16,22,7,9,9,6.42,10,2,10,2,1.62,2.02,2
2024-05-12,I1,Genoa,Sassuolo,2,1,H,0,1,2023/2024,1,60.0,60.0,42.11,63.16,8,12,10,13,3.27,3,7,2,4,2.37,1.98,2
2024-05-26,I1,Lazio,Sassuolo,1,1,D,0,0,2023/2024,0,20.0,60.0,26.32,63.16,8,8,11,15,11.0,5,3,6,3,1.36,1.92,1
2025-08-29,I1,Cremonese,Sassuolo,3,2,H,2,0,2025/2026,1,100.0,100.0,42.86,57.14,11,9,17,12,2.83,5,4,6,6,2.8,2.07,2
2025-09-21,I1,Inter,Sassuolo,2,1,H,1,0,2025/2026,1,100.0,100.0,75.0,57.14,20,9,8,15,10.0,7,3,6,5,1.33,1.83,1
2025-10-03,I1,Verona,Sassuolo,0,1,A,0,0,2025/2026,0,0.0,66.67,57.14,57.14,17,11,12,14,3.4,4,2,9,3,2.45,1.74,2
2025-10-18,I1,Lecce,Sassuolo,0,0,D,0,0,2025/2026,0,50.0,50.0,42.86,57.14,11,9,14,16,2.8,6,4,2,2,3.05,1.78,2
2025-10-30,I1,Cagliari,Sassuolo,1,2,A,0,0,2025/2026,1,20.0,60.0,28.57,57.14,8,12,21,20,2.95,6,7,1,4,2.7,2.03,4
2025-11-09,I1,Atalanta,Sassuolo,0,3,A,0,1,2025/2026,1,40.0,60.0,28.57,57.14,14,8,8,9,7.5,4,1,2,4,1.5,1.86,2
2025-11-28,I1,Como,Sassuolo,2,0,H,1,0,2025/2026,0,20.0,40.0,14.29,57.14,18,12,7,11,5.0,4,4,13,5,1.85,22.0,1
2023-08-26,I1,Milan,Torino,4,1,H,3,1,2023/2024,1,100.0,100.0,52.63,36.84,17,8,16,13,5.75,2,1,7,1,1.8,2.06,3
2023-09-18,I1,Salernitana,Torino,0,3,A,0,2,2023/2024,1,50.0,100.0,68.42,36.84,14,11,16,12,2.26,1,2,4,3,3.96,1.95,2
2023-09-27,I1,Lazio,Torino,2,0,H,0,0,2023/2024,0,0.0,66.67,26.32,36.84,6,7,13,12,3.75,4,2,3,2,2.35,2.1,4
2023-10-07,I1,Juventus,Torino,2,0,H,0,0,2023/2024,0,25.0,50.0,26.32,36.84,17,10,8,10,4.52,7,3,6,1,2.15,2.01,1
2023-10-28,I1,Lecce,Torino,0,1,A,0,1,2023/2024,0,20.0,40.0,36.84,36.84,11,10,19,17,3.1,3,0,6,2,2.92,2.02,5
2023-11-11,I1,Monza,Torino,1,1,D,0,0,2023/2024,0,20.0,20.0,42.11,36.84,12,12,11,11,3.09,3,1,5,5,2.95,1.82,2
2023-11-27,I1,Bologna,Torino,2,0,H,0,0,2023/2024,0,40.0,0.0,36.84,36.84,13,9,15,16,3.81,3,2,2,3,2.46,1.9,4
2023-12-10,I1,Frosinone,Torino,0,0,D,0,0,2023/2024,0,60.0,0.0,73.68,36.84,11,16,17,13,2.31,3,8,5,3,3.97,1.95,3
2023-12-29,I1,Fiorentina,Torino,1,0,H,0,0,2023/2024,0,40.0,0.0,68.42,36.84,12,6,15,11,4.16,4,2,3,3,2.23,2.06,2
2024-01-13,I1,Genoa,Torino,0,0,D,0,0,2023/2024,0,0.0,0.0,42.11,36.84,11,6,11,11,2.72,8,4,6,0,3.36,1.89,2
2024-01-26,I1,Cagliari,Torino,1,2,A,0,2,2023/2024,1,60.0,20.0,63.16,36.84,25,16,12,12,2.3,8,2,10,6,3.95,1.93,4
2024-02-10,I1,Sassuolo,Torino,1,1,D,1,1,2023/2024,0,60.0,20.0,47.37,36.84,11,13,11,12,2.35,5,4,4,2,3.57,1.96,3
2024-02-26,I1,Roma,Torino,3,2,H,1,1,2023/2024,1,80.0,40.0,52.63,36.84,6,14,16,12,4.75,0,4,3,6,2.04,1.97,2
2024-03-08,I1,Napoli,Torino,1,1,D,0,0,2023/2024,0,60.0,40.0,63.16,36.84,22,11,13,9,5.75,13,7,8,2,1.92,1.91,2
2024-03-16,I1,Udinese,Torino,0,2,A,0,1,2023/2024,0,20.0,40.0,47.37,36.84,12,12,17,11,2.81,3,4,1,5,3.05,1.97,2
2024-04-06,I1,Empoli,Torino,3,2,H,1,0,2023/2024,1,20.0,40.0,31.58,36.84,4,19,13,13,2.25,1,7,3,5,3.9,1.96,1
2024-04-28,I1,Inter,Torino,2,0,H,0,0,2023/2024,0,40.0,40.0,52.63,36.84,17,11,8,6,7.0,5,4,5,3,1.6,2.0,0
2024-05-12,I1,Verona,Torino,1,2,A,0,0,2023/2024,1,80.0,40.0,57.89,36.84,13,6,15,19,2.7,7,4,5,2,3.3,1.83,2
2024-05-26,I1,Atalanta,Torino,3,0,H,2,0,2023/2024,1,80.0,60.0,68.42,36.84,18,8,10,18,2.9,2,5,7,1,2.59,1.9,1
2024-08-17,I1,Milan,Torino,2,2,D,0,1,2024/2025,1,100.0,100.0,47.37,36.84,20,6,7,10,7.41,9,2,6,3,1.53,2.13,4
2024-08-30,I1,Venezia,Torino,0,1,A,0,0,2024/2025,0,0.0,50.0,31.58,36.84,13,12,15,7,2.35,3,3,4,6,3.53,1.92,4
2024-09-20,I1,Verona,Torino,2,3,A,1,2,2024/2025,1,100.0,66.67,57.89,36.84,8,16,8,10,2.95,5,6,2,3,2.98,2.01,1
2024-10-05,I1,Inter,Torino,3,2,H,2,1,2024/2025,1,75.0,75.0,63.16,36.84,29,7,9,6,10.8,14,0,8,5,1.35,1.96,2
2024-10-20,I1,Cagliari,Torino,3,2,H,1,1,2024/2025,1,40.0,80.0,57.89,36.84,18,17,8,9,3.5,9,12,5,5,2.57,1.92,3
2024-10-31,I1,Roma,Torino,1,0,H,1,0,2024/2025,0,60.0,60.0,52.63,36.84,10,4,15,11,5.01,3,5,3,2,1.88,1.99,2
2024-11-09,I1,Juventus,Torino,2,0,H,1,0,2024/2025,0,20.0,60.0,42.11,36.84,13,6,14,7,8.05,5,5,4,1,1.62,1.88,3
2024-12-07,I1,Genoa,Torino,0,0,D,0,0,2024/2025,0,40.0,40.0,42.11,36.84,5,10,15,12,3.35,4,4,1,3,2.59,1.8,1
2024-12-13,I1,Empoli,Torino,0,1,A,0,0,2024/2025,0,20.0,20.0,36.84,36.84,10,14,15,7,3.43,12,3,4,4,2.67,2.14,3
2024-12-29,I1,Udinese,Torino,2,2,D,1,0,2024/2025,1,40.0,20.0,52.63,36.84,10,12,12,17,3.9,4,3,3,6,2.35,1.98,0
2025-01-19,I1,Fiorentina,Torino,1,1,D,1,0,2024/2025,0,60.0,20.0,63.16,36.84,20,6,11,16,5.45,9,2,6,3,1.8,1.94,3
2025-02-01,I1,Atalanta,Torino,1,1,D,1,1,2024/2025,0,60.0,20.0,52.63,36.84,22,5,11,6,7.0,8,0,10,3,1.6,1.9,3
2025-02-14,I1,Bologna,Torino,3,2,H,1,1,2024/2025,1,80.0,40.0,47.37,36.84,23,8,17,7,5.91,8,2,7,5,1.8,1.85,4
2025-03-02,I1,Monza,Torino,0,2,A,0,1,2024/2025,0,40.0,40.0,47.37,36.84,9,13,20,10,2.0,1,4,2,7,4.8,2.02,2
2025-03-08,I1,Parma,Torino,2,2,D,0,1,2024/2025,1,40.0,40.0,52.63,36.84,12,6,15,16,2.34,7,4,4,2,3.69,2.1,2
2025-03-31,I1,Lazio,Torino,1,1,D,0,0,2024/2025,0,60.0,40.0,63.16,36.84,16,7,20,9,5.36,5,3,6,2,1.9,1.89,4
2025-04-13,I1,Como,Torino,1,0,H,1,0,2024/2025,0,40.0,40.0,47.37,36.84,15,10,16,9,4.63,7,4,7,4,1.91,1.97,3
2025-04-27,I1,Napoli,Torino,2,0,H,2,0,2024/2025,0,60.0,20.0,47.37,36.84,8,9,13,5,10.0,2,5,2,0,1.4,1.86,3
2025-05-18,I1,Lecce,Torino,1,0,H,0,0,2024/2025,0,20.0,20.0,42.11,36.84,10,10,8,13,4.3,3,4,4,4,2.17,2.04,1
2025-08-25,I1,Inter,Torino,5,0,H,2,0,2025/2026,1,100.0,100.0,75.0,57.14,20,12,6,14,9.0,6,5,9,4,1.38,1.93,0
2025-09-14,I1,Roma,Torino,0,1,A,0,0,2025/2026,0,0.0,50.0,14.29,57.14,22,8,17,11,7.5,7,4,5,4,1.55,1.98,3
2025-09-29,I1,Parma,Torino,2,1,H,1,0,2025/2026,1,50.0,66.67,42.86,57.14,13,15,12,10,3.25,4,3,2,4,2.6,1.9,3
2025-10-04,I1,Lazio,Torino,3,3,D,2,1,2025/2026,1,66.67,75.0,28.57,57.14,9,16,22,13,4.33,3,5,4,8,2.1,1.9,3
2025-10-29,I1,Bologna,Torino,0,0,D,0,0,2025/2026,0,50.0,60.0,50.0,57.14,11,8,20,11,5.33,3,3,2,2,1.81,1.83,3
2025-11-08,I1,Juventus,Torino,0,0,D,0,0,2025/2026,0,40.0,40.0,42.86,57.14,22,8,4,9,7.0,6,2,6,3,1.52,2.0,1
2025-11-30,I1,Lecce,Torino,2,1,H,2,0,2025/2026,1,40.0,60.0,42.86,57.14,10,15,22,16,2.7,6,6,2,6,3.15,22.0,3
2023-08-28,I1,Salernitana,Udinese,1,1,D,0,0,2023/2024,0,0.0,0.0,68.42,26.32,9,14,19,12,2.77,7,5,4,6,3.0,1.92,4
2023-09-17,I1,Cagliari,Udinese,0,0,D,0,0,2023/2024,0,0.0,0.0,63.16,26.32,10,11,11,12,2.7,4,6,1,1,3.17,1.87,1
2023-09-27,I1,Napoli,Udinese,4,1,H,2,0,2023/2024,1,66.67,33.33,63.16,26.32,23,13,10,11,9.0,8,4,10,3,1.45,2.05,1
2023-10-06,I1,Empoli,Udinese,0,0,D,0,0,2023/2024,0,0.0,25.0,31.58,26.32,18,11,15,11,2.65,5,7,3,1,3.26,2.07,2
2023-10-29,I1,Monza,Udinese,1,1,D,1,0,2023/2024,0,20.0,20.0,42.11,26.32,10,10,11,15,3.97,10,3,4,3,2.16,2.13,1
2023-11-04,I1,Milan,Udinese,0,1,A,0,0,2023/2024,0,20.0,20.0,52.63,26.32,14,12,14,13,8.3,11,5,5,2,1.47,1.86,2
2023-11-26,I1,Roma,Udinese,3,1,H,1,0,2023/2024,1,60.0,40.0,52.63,26.32,12,6,15,8,6.5,7,1,5,2,1.7,2.13,3
2023-12-09,I1,Inter,Udinese,4,0,H,3,0,2023/2024,1,60.0,40.0,52.63,26.32,17,11,6,9,15.0,6,1,8,1,1.29,1.88,1
2023-12-23,I1,Torino,Udinese,1,1,D,0,0,2023/2024,0,60.0,40.0,26.32,26.32,14,10,11,10,6.5,8,2,4,4,1.85,1.9,2
2024-01-14,I1,Fiorentina,Udinese,2,2,D,0,1,2023/2024,1,60.0,60.0,68.42,26.32,10,12,13,14,6.0,4,4,3,6,1.7,2.07,1
2024-01-27,I1,Atalanta,Udinese,2,0,H,2,0,2023/2024,0,60.0,60.0,68.42,26.32,14,13,11,8,7.5,4,4,11,5,1.55,2.06,1
2024-02-12,I1,Juventus,Udinese,0,1,A,0,1,2023/2024,0,20.0,40.0,26.32,26.32,14,8,10,15,9.13,8,4,6,1,1.5,1.92,3
2024-02-24,I1,Genoa,Udinese,2,0,H,2,0,2023/2024,0,40.0,20.0,42.11,26.32,19,5,17,9,3.49,8,3,4,1,2.56,1.96,4
2024-03-11,I1,Lazio,Udinese,1,2,A,0,0,2023/2024,1,40.0,40.0,26.32,26.32,18,14,15,9,4.76,9,5,6,5,1.94,1.99,6
2024-04-01,I1,Sassuolo,Udinese,1,1,D,1,1,2023/2024,0,40.0,20.0,47.37,26.32,14,12,10,7,2.7,10,1,5,3,2.99,1.85,2
2024-04-20,I1,Verona,Udinese,1,0,H,0,0,2023/2024,0,60.0,20.0,57.89,26.32,16,18,12,18,3.03,10,6,4,1,2.84,2.12,2
2024-04-28,I1,Bologna,Udinese,1,1,D,0,1,2023/2024,0,20.0,20.0,36.84,26.32,15,11,21,11,6.5,10,3,4,4,1.7,2.15,7
2024-05-13,I1,Lecce,Udinese,0,2,A,0,1,2023/2024,0,0.0,20.0,36.84,26.32,9,16,11,12,2.68,8,2,2,3,3.16,2.06,1
2024-05-26,I1,Frosinone,Udinese,0,1,A,0,0,2023/2024,0,60.0,0.0,73.68,26.32,21,10,13,6,3.16,11,1,5,5,2.63,1.85,2
2024-08-18,I1,Bologna,Udinese,1,1,D,0,0,2024/2025,0,0.0,0.0,47.37,47.37,22,4,13,15,4.25,7,5,7,2,2.15,1.96,4
2024-09-16,I1,Parma,Udinese,2,3,A,2,0,2024/2025,1,66.67,50.0,52.63,47.37,9,18,18,8,3.45,5,6,3,6,2.3,1.92,3
2024-09-22,I1,Roma,Udinese,3,0,H,1,0,2024/2025,1,100.0,66.67,52.63,47.37,14,9,11,15,5.3,2,1,6,3,1.73,2.1,2
2024-10-19,I1,Milan,Udinese,1,0,H,1,0,2024/2025,0,75.0,50.0,47.37,47.37,10,13,14,3,9.1,8,4,5,1,1.41,2.08,3
2024-10-30,I1,Venezia,Udinese,3,2,H,1,2,2024/2025,1,25.0,60.0,31.58,47.37,18,15,13,9,2.94,2,6,7,5,2.81,1.97,4
2024-11-10,I1,Atalanta,Udinese,2,1,H,0,1,2024/2025,1,80.0,80.0,52.63,47.37,11,11,12,10,8.25,4,5,4,6,1.5,2.07,1
2024-11-25,I1,Empoli,Udinese,1,1,D,1,0,2024/2025,0,20.0,60.0,36.84,47.37,4,16,13,8,2.9,1,8,2,3,3.23,1.96,2
2024-12-09,I1,Monza,Udinese,1,2,A,0,1,2024/2025,1,40.0,60.0,47.37,47.37,27,10,16,12,3.11,10,1,4,3,2.82,2.04,2
2024-12-23,I1,Fiorentina,Udinese,1,2,A,1,0,2024/2025,1,80.0,80.0,63.16,47.37,14,11,14,10,6.31,10,2,3,4,1.66,1.84,5
2025-01-04,I1,Verona,Udinese,0,0,D,0,0,2024/2025,0,60.0,60.0,57.89,47.37,13,15,16,14,2.64,7,3,3,6,3.33,2.15,2
2025-01-20,I1,Como,Udinese,4,1,H,2,0,2024/2025,1,40.0,60.0,47.37,47.37,11,6,16,10,3.76,3,2,8,2,2.22,2.09,4
2025-02-09,I1,Napoli,Udinese,1,1,D,1,1,2024/2025,0,20.0,60.0,47.37,47.37,18,8,10,11,8.51,6,6,4,4,1.49,1.89,1
2025-02-21,I1,Lecce,Udinese,0,1,A,0,1,2024/2025,0,40.0,40.0,42.11,47.37,10,12,11,15,2.75,11,8,1,5,3.15,1.85,3
2025-03-10,I1,Lazio,Udinese,1,1,D,1,1,2024/2025,0,60.0,20.0,63.16,47.37,10,15,11,9,5.2,4,9,5,4,1.9,1.95,4
2025-03-30,I1,Inter,Udinese,2,1,H,2,0,2024/2025,1,80.0,40.0,63.16,47.37,13,11,14,8,9.5,2,4,3,4,1.48,1.99,0
2025-04-04,I1,Genoa,Udinese,1,0,H,0,0,2024/2025,0,20.0,20.0,42.11,47.37,13,5,14,16,3.6,1,2,7,2,2.45,1.83,2
2025-04-23,I1,Torino,Udinese,2,0,H,1,0,2024/2025,0,20.0,20.0,15.79,47.37,10,10,13,11,3.41,8,7,4,6,2.56,1.86,2
2025-05-03,I1,Cagliari,Udinese,1,2,A,1,1,2024/2025,1,60.0,40.0,57.89,47.37,8,11,15,5,3.27,5,4,2,3,2.65,2.01,2
2025-05-18,I1,Juventus,Udinese,2,0,H,0,0,2024/2025,0,40.0,40.0,42.11,47.37,24,7,13,9,8.85,12,3,7,2,1.44,2.04,3
2025-08-31,I1,Inter,Udinese,1,2,A,1,2,2025/2026,1,100.0,100.0,75.0,42.86,16,10,5,17,12.0,13,2,4,5,1.3,1.93,3
2025-09-14,I1,Pisa,Udinese,0,1,A,0,1,2025/2026,0,0.0,50.0,0.0,42.86,12,13,15,13,2.75,8,6,2,3,2.95,1.93,2
2025-09-28,I1,Sassuolo,Udinese,3,1,H,2,0,2025/2026,1,33.33,66.67,57.14,42.86,11,12,22,5,3.3,1,5,5,5,2.4,1.88,3
2025-10-20,I1,Cremonese,Udinese,1,1,D,1,0,2025/2026,0,33.33,50.0,42.86,42.86,11,8,14,15,2.45,5,4,4,1,3.25,2.1,2
2025-10-29,I1,Juventus,Udinese,3,1,H,1,1,2025/2026,1,40.0,60.0,42.86,42.86,25,8,13,12,8.0,8,4,11,2,1.48,1.86,4
2025-11-09,I1,Roma,Udinese,2,0,H,1,0,2025/2026,0,20.0,40.0,14.29,42.86,13,10,14,13,7.5,3,4,4,4,1.55,1.88,1
2025-11-29,I1,Parma,Udinese,0,2,A,0,1,2025/2026,0,40.0,40.0,42.86,42.86,17,14,19,6,2.83,5,9,2,5,2.75,22.0,2
2024-08-18,I1,Lazio,Venezia,3,1,H,2,1,2024/2025,1,100.0,100.0,63.16,52.63,13,11,11,14,9.55,6,3,6,3,1.43,1.84,2
2024-08-25,I1,Fiorentina,Venezia,0,0,D,0,0,2024/2025,0,0.0,50.0,63.16,52.63,12,7,19,13,7.5,7,3,8,4,1.52,1.91,2
2024-09-14,I1,Milan,Venezia,4,0,H,4,0,2024/2025,1,100.0,66.67,47.37,52.63,12,6,12,12,12.0,6,1,8,1,1.29,2.05,3
2024-09-29,I1,Roma,Venezia,2,1,H,0,1,2024/2025,1,100.0,75.0,52.63,52.63,22,18,13,8,8.5,6,3,5,7,1.51,1.98,2
2024-10-04,I1,Verona,Venezia,2,1,H,1,1,2024/2025,1,100.0,80.0,57.89,52.63,13,11,7,10,3.06,13,6,4,2,2.67,1.81,0
2024-10-27,I1,Monza,Venezia,2,2,D,2,2,2024/2025,1,40.0,80.0,47.37,52.63,13,6,16,17,3.76,4,3,2,2,2.2,2.05,2
2024-11-03,I1,Inter,Venezia,1,0,H,0,0,2024/2025,0,80.0,80.0,63.16,52.63,20,7,15,14,16.8,9,3,8,2,1.21,2.11,1
2024-11-30,I1,Bologna,Venezia,3,0,H,1,0,2024/2025,1,20.0,80.0,47.37,52.63,16,5,15,14,4.9,1,0,9,1,1.94,2.06,2
2024-12-14,I1,Juventus,Venezia,2,2,D,1,0,2024/2025,1,60.0,80.0,42.11,52.63,12,8,8,9,10.3,7,4,4,2,1.42,1.9,3
2024-12-29,I1,Napoli,Venezia,1,0,H,0,0,2024/2025,0,20.0,60.0,47.37,52.63,25,4,12,10,13.55,14,4,8,2,1.3,1.84,3
2025-01-19,I1,Parma,Venezia,1,1,D,0,1,2024/2025,0,80.0,40.0,52.63,52.63,19,7,16,13,3.5,8,2,8,2,2.25,1.99,3
2025-02-01,I1,Udinese,Venezia,3,2,H,0,0,2024/2025,1,80.0,60.0,52.63,52.63,13,14,9,20,5.34,4,6,5,3,1.83,2.05,3
2025-02-17,I1,Genoa,Venezia,2,0,H,0,0,2024/2025,0,20.0,40.0,42.11,52.63,14,7,15,14,5.28,4,5,5,3,1.89,2.02,1
2025-03-01,I1,Atalanta,Venezia,0,0,D,0,0,2024/2025,0,20.0,20.0,52.63,52.63,18,8,14,12,17.0,3,2,3,2,1.23,2.11,2
2025-03-08,I1,Como,Venezia,1,1,D,0,0,2024/2025,0,80.0,20.0,47.37,52.63,12,11,14,11,6.5,3,5,7,6,1.7,1.88,3
2025-04-06,I1,Lecce,Venezia,1,1,D,0,0,2024/2025,0,20.0,20.0,42.11,52.63,23,13,14,10,3.67,8,3,4,3,2.5,1.91,4
2025-04-20,I1,Empoli,Venezia,2,2,D,0,0,2024/2025,1,40.0,20.0,36.84,52.63,11,13,15,18,3.73,2,5,4,7,2.38,1.95,1
2025-05-02,I1,Torino,Venezia,1,1,D,0,1,2024/2025,0,20.0,20.0,15.79,52.63,19,7,18,7,3.21,5,1,4,3,2.71,1.83,0
2025-05-18,I1,Cagliari,Venezia,3,0,H,2,0,2024/2025,1,80.0,40.0,57.89,52.63,20,10,9,7,2.89,8,8,5,1,2.92,2.14,1
2023-08-19,I1,Empoli,Verona,0,1,A,0,0,2023/2024,0,0.0,0.0,31.58,42.11,10,10,18,17,3.54,2,4,4,4,2.35,1.97,2
2023-09-01,I1,Sassuolo,Verona,3,1,H,1,0,2023/2024,1,50.0,50.0,47.37,42.11,16,11,13,8,4.1,10,1,7,3,2.05,1.91,3
2023-09-23,I1,Milan,Verona,1,0,H,1,0,2023/2024,0,50.0,33.33,52.63,42.11,9,10,9,13,9.5,2,3,4,2,1.42,2.04,2
2023-10-02,I1,Torino,Verona,0,0,D,0,0,2023/2024,0,0.0,25.0,26.32,42.11,8,5,11,6,5.99,10,1,2,2,1.88,2.04,1
2023-10-08,I1,Frosinone,Verona,2,1,H,1,0,2023/2024,1,80.0,40.0,73.68,42.11,11,16,12,9,3.52,2,4,2,4,2.3,1.88,4
2023-10-28,I1,Juventus,Verona,1,0,H,0,0,2023/2024,0,20.0,40.0,26.32,42.11,30,7,8,13,11.0,5,1,6,1,1.41,2.09,2
2023-11-10,I1,Genoa,Verona,1,0,H,1,0,2023/2024,0,40.0,20.0,42.11,42.11,16,7,16,9,5.3,6,7,6,1,1.94,1.98,4
2023-12-03,I1,Udinese,Verona,3,3,D,2,1,2023/2024,1,40.0,40.0,47.37,42.11,12,13,13,16,5.0,5,3,6,4,1.87,1.96,5
2023-12-17,I1,Fiorentina,Verona,1,0,H,0,0,2023/2024,0,40.0,40.0,68.42,42.11,5,19,12,11,7.3,1,6,3,7,1.51,1.96,1
2024-01-06,I1,Inter,Verona,2,1,H,1,0,2023/2024,1,40.0,40.0,52.63,42.11,15,8,15,16,19.0,7,0,6,3,1.2,2.0,2
2024-01-20,I1,Roma,Verona,2,1,H,2,0,2023/2024,1,40.0,60.0,52.63,42.11,9,12,12,14,8.34,1,2,2,3,1.48,2.13,2
2024-02-04,I1,Napoli,Verona,2,1,H,0,0,2023/2024,1,80.0,80.0,63.16,42.11,19,12,14,11,8.5,9,2,8,2,1.5,1.95,2
2024-02-11,I1,Monza,Verona,0,0,D,0,0,2023/2024,0,20.0,60.0,42.11,42.11,11,10,15,19,3.56,5,2,1,1,2.35,2.13,2
2024-02-23,I1,Bologna,Verona,2,0,H,1,0,2023/2024,0,40.0,60.0,36.84,42.11,12,7,15,12,7.3,11,1,3,3,1.71,1.89,2
2024-03-10,I1,Lecce,Verona,0,1,A,0,1,2023/2024,0,60.0,40.0,36.84,42.11,15,13,19,15,3.98,11,6,3,4,2.24,1.99,3
2024-04-01,I1,Cagliari,Verona,1,1,D,0,1,2023/2024,0,60.0,20.0,63.16,42.11,11,8,16,11,4.0,7,2,2,5,2.27,2.07,2
2024-04-15,I1,Atalanta,Verona,2,2,D,2,0,2023/2024,1,80.0,20.0,68.42,42.11,16,13,10,6,8.0,5,4,9,5,1.47,1.9,2
2024-04-27,I1,Lazio,Verona,1,0,H,0,0,2023/2024,0,40.0,20.0,26.32,42.11,17,7,18,13,6.01,4,2,5,1,1.65,2.11,4
2024-05-20,I1,Salernitana,Verona,1,2,A,0,2,2023/2024,1,60.0,40.0,68.42,42.11,9,17,19,14,1.72,4,6,1,5,5.5,1.96,2
2024-09-01,I1,Genoa,Verona,0,2,A,0,0,2024/2025,0,50.0,0.0,42.11,36.84,11,10,16,8,4.1,3,1,1,3,2.15,1.88,6
2024-09-16,I1,Lazio,Verona,2,1,H,2,1,2024/2025,1,100.0,50.0,63.16,36.84,14,7,10,13,6.7,9,6,7,2,1.59,2.11,2
2024-09-29,I1,Como,Verona,3,2,H,1,0,2024/2025,1,100.0,66.67,47.37,36.84,24,6,19,10,4.5,9,1,11,3,1.98,2.09,5
2024-10-26,I1,Atalanta,Verona,6,1,H,5,1,2024/2025,1,100.0,75.0,52.63,36.84,19,4,15,3,12.44,4,2,10,2,1.33,2.04,1
2024-10-29,I1,Lecce,Verona,1,0,H,0,0,2024/2025,0,60.0,60.0,42.11,36.84,14,7,21,14,3.64,3,4,6,1,2.36,1.94,3
2024-11-10,I1,Fiorentina,Verona,3,1,H,1,1,2024/2025,1,100.0,80.0,63.16,36.84,11,8,19,1,7.5,8,3,6,2,1.53,1.9,2
2024-11-29,I1,Cagliari,Verona,1,0,H,0,0,2024/2025,0,40.0,60.0,57.89,36.84,19,11,12,10,4.3,7,1,6,2,2.01,1.95,2
2024-12-15,I1,Parma,Verona,2,3,A,1,1,2024/2025,1,60.0,60.0,52.63,36.84,19,17,16,5,4.02,5,2,8,6,2.15,2.03,3
2024-12-30,I1,Bologna,Verona,2,3,A,1,2,2024/2025,1,40.0,60.0,47.37,36.84,23,8,24,9,8.36,11,5,7,4,1.55,2.04,5
2025-01-12,I1,Napoli,Verona,2,0,H,1,0,2024/2025,0,20.0,60.0,47.37,36.84,14,6,5,6,12.0,8,1,3,2,1.36,1.92,0
2025-01-27,I1,Venezia,Verona,1,1,D,1,0,2024/2025,0,40.0,40.0,31.58,36.84,9,21,14,16,3.37,7,9,1,5,2.36,2.01,1
2025-02-01,I1,Monza,Verona,0,1,A,0,1,2024/2025,0,80.0,40.0,47.37,36.84,9,12,23,12,3.38,7,3,2,4,2.56,1.95,3
2025-02-15,I1,Milan,Verona,1,0,H,0,0,2024/2025,0,20.0,20.0,47.37,36.84,18,7,18,11,10.1,10,7,3,2,1.39,1.94,0
2025-03-03,I1,Juventus,Verona,2,0,H,0,0,2024/2025,0,40.0,0.0,42.11,36.84,27,5,8,14,12.0,6,0,9,2,1.35,1.99,0
2025-03-15,I1,Udinese,Verona,0,1,A,0,0,2024/2025,0,60.0,0.0,52.63,36.84,11,7,16,21,5.34,2,1,3,2,1.82,1.92,2
2025-04-06,I1,Torino,Verona,1,1,D,0,0,2024/2025,0,20.0,0.0,15.79,36.84,7,13,19,9,5.35,1,5,3,1,1.95,1.81,1
2025-04-19,I1,Roma,Verona,1,0,H,1,0,2024/2025,0,40.0,0.0,52.63,36.84,6,8,17,5,6.75,4,6,3,2,1.6,1.93,2
2025-05-03,I1,Inter,Verona,1,0,H,1,0,2024/2025,0,60.0,0.0,63.16,36.84,9,6,11,6,7.69,4,3,2,1,1.49,1.89,3
2025-05-25,I1,Empoli,Verona,1,2,A,1,1,2024/2025,1,60.0,20.0,36.84,36.84,14,5,29,10,5.19,13,1,5,2,2.01,1.9,2
2025-08-25,I1,Udinese,Verona,1,1,D,0,0,2025/2026,0,0.0,0.0,57.14,42.86,14,9,14,14,4.5,5,1,4,3,2.0,1.88,2
2025-08-31,I1,Lazio,Verona,4,0,H,3,0,2025/2026,1,100.0,50.0,28.57,42.86,22,12,19,8,6.5,8,1,6,4,1.6,1.79,0
2025-09-28,I1,Roma,Verona,2,0,H,1,0,2025/2026,0,0.0,33.33,14.29,42.86,10,12,19,11,8.5,8,1,5,3,1.44,1.83,4
2025-10-18,I1,Pisa,Verona,0,0,D,0,0,2025/2026,0,0.0,25.0,0.0,42.86,7,15,14,8,3.0,3,8,0,3,2.83,2.05,2
2025-10-29,I1,Como,Verona,3,1,H,1,1,2025/2026,1,20.0,40.0,14.29,42.86,15,13,21,11,7.0,1,3,5,9,1.6,2.06,4
2025-11-08,I1,Lecce,Verona,0,0,D,0,0,2025/2026,0,40.0,40.0,42.86,42.86,11,5,18,10,3.14,7,2,6,2,2.8,2.0,4
2025-11-29,I1,Genoa,Verona,2,1,H,1,1,2025/2026,1,60.0,40.0,42.86,42.86,15,13,19,9,4.75,2,3,4,5,2.05,1.83,3
