country,league,alert,verif,sezonul,datameci,orameci,etapa,txtechipa1,place1t,place1a,txtechipa2,place2t,place2d,customh,customa,home_val,avghome,home_val_2,home_val_3,home_val_4,home_val_5,away_val,avgaway,away_val_2,away_val_3,away_val_4,away_val_5,cotaa,cotae,cotad,cotao0,cotau0,cotao1,cotau1,cotao,cotau,cotao3,cotau3,cotao4,cotau4,gg,ng,result,scor1,scor2,scorp1,scorp2,formah,formaa,formadif,h2h,suth,suta,sutht,sutat,corh,cora,foulsh,foulsa,yellowh,yellowa,ballph,ballpa,goalminh,goalmina,swinh,sdrawh,slosth,sscoreh,sreceiveh,soverh,sunderh,swina,sdrawa,slosta,sscorea,sreceivea,sovera,sundera,jucatori1,jucatori2,wdlh1,wdlh2,wdlh3,wdlh4,wdlh5,wdla1,wdla2,wdla3,wdla4,wdla5,custom3,custom4,codechipa1,codechipa2
England,Premier L,,,26,15/08/2025,2300,1,Liverpool,12,12,Bournemouth,3,3,0.0,0.0,0.0,0.0,0.0,0.0,0.0,0.0,0.0,0.0,0.0,0.0,0.0,0.0,1.31,6.4,8.86,1.01,26.0,1.11,6.5,1.38,3.16,2.0,1.9,3.22,1.36,1.68,2.27,4-2 (1-0),4,2,1,0,0,0,0,,19,10,10,3,6,7,7,10,1,2,61,39,37;49;88;90,64;76,,,,,,,,,,,,,,,0,0,0,0,0,0,0,0,0,0,0,0,0.0,0.0,1002,1063
England,Premier L,,,26,16/08/2025,1530,1,Aston Villa,2,2,Newcastle,15,15,0.0,0.0,0.0,0.0,0.0,0.0,0.0,0.0,0.0,0.0,0.0,0.0,0.0,0.0,2.26,3.69,3.13,1.02,15.0,1.17,4.5,1.64,2.34,2.56,1.55,4.5,1.17,1.53,2.58,0-0 (0-0),0,0,0,0,0,0,0,,3,16,3,3,3,6,13,11,1,1,40,60,,,,,,,,,,,,,,,,,0,0,0,0,0,0,0,0,0,0,0,0,0.0,0.0,1003,1016
England,Premier L,,,26,16/08/2025,1800,1,Brighton,5,5,Fulham,10,10,0.0,0.0,0.0,0.0,0.0,0.0,0.0,0.0,0.0,0.0,0.0,0.0,0.0,0.0,1.98,3.65,3.91,1.03,13.0,1.19,4.33,1.77,2.14,2.84,1.45,5.0,1.13,1.7,2.21,1-1 (0-0),1,1,0,0,0,0,0,,10,7,4,2,4,3,16,15,3,3,50,50,55,90,,,,,,,,,,,,,,,0,0,0,0,0,0,0,0,0,0,0,0,0.0,0.0,1036,1010
England,Premier L,,,26,16/08/2025,1800,1,Sunderland,17,17,West Ham,19,19,0.0,0.0,0.0,0.0,0.0,0.0,0.0,0.0,0.0,0.0,0.0,0.0,0.0,0.0,3.33,3.43,2.27,1.06,10.0,1.3,3.7,2.01,1.88,3.33,1.35,6.5,1.11,1.76,2.12,3-0 (0-0),3,0,0,0,0,0,0,,10,12,5,4,5,7,8,10,0,1,37,63,61;73;90,,,,,,,,,,,,,,,,0,0,0,0,0,0,0,0,0,0,0,0,0.0,0.0,1021,1022
England,Premier L,,,26,16/08/2025,1800,1,Tottenham,18,18,Burnley,6,6,0.0,0.0,0.0,0.0,0.0,0.0,0.0,0.0,0.0,0.0,0.0,0.0,0.0,0.0,1.43,4.5,8.4,1.04,13.0,1.22,4.33,1.78,2.12,2.9,1.44,5.0,1.17,2.01,1.85,3-0 (1-0),3,0,1,0,0,0,0,,16,14,6,4,6,5,14,8,0,0,68,32,10;60;66,,,,,,,,,,,,,,,,0,0,0,0,0,0,0,0,0,0,0,0,0.0,0.0,1001,1030
England,Premier L,,,26,16/08/2025,2030,1,Wolves,20,20,Man City,13,13,0.0,0.0,0.0,0.0,0.0,0.0,0.0,0.0,0.0,0.0,0.0,0.0,0.0,0.0,6.85,5.02,1.44,1.03,15.0,1.2,4.5,1.64,2.34,2.63,1.52,4.5,1.2,1.81,2.05,0-4 (0-2),0,4,0,2,0,0,0,,9,15,3,4,4,6,13,7,1,2,42,58,,34;37;61;81,,,,,,,,,,,,,,,0,0,0,0,0,0,0,0,0,0,0,0,0.0,0.0,1031,1009
England,Premier L,,,26,17/08/2025,1700,1,Chelsea,8,8,C Palace,7,7,0.0,0.0,0.0,0.0,0.0,0.0,0.0,0.0,0.0,0.0,0.0,0.0,0.0,0.0,1.75,4.1,4.67,1.04,13.0,1.22,4.33,1.74,2.18,2.8,1.46,5.0,1.17,1.68,2.27,0-0 (0-0),0,0,0,0,0,0,0,,19,12,3,4,11,2,10,12,2,3,71,29,,,,,,,,,,,,,,,,,0,0,0,0,0,0,0,0,0,0,0,0,0.0,0.0,1019,1012
England,Premier L,,,26,17/08/2025,1700,1,Nottingham,16,16,Brentford,4,4,0.0,0.0,0.0,0.0,0.0,0.0,0.0,0.0,0.0,0.0,0.0,0.0,0.0,0.0,2.18,3.37,3.66,1.06,10.0,1.34,3.46,2.09,1.81,3.44,1.33,6.5,1.11,1.85,2.02,3-1 (3-0),3,1,3,0,0,0,0,,11,10,5,3,5,5,7,15,1,2,55,45, 5;42;45,78,,,,,,,,,,,,,,,0,0,0,0,0,0,0,0,0,0,0,0,0.0,0.0,1037,1059
England,Premier L,,,26,17/08/2025,1930,1,Man Utd,14,14,Arsenal,1,1,0.0,0.0,0.0,0.0,0.0,0.0,0.0,0.0,0.0,0.0,0.0,0.0,0.0,0.0,3.84,3.71,2.0,1.04,13.0,1.29,3.82,1.74,2.18,2.77,1.47,5.0,1.17,1.65,2.33,0-1 (0-1),0,1,0,1,0,0,0,,22,9,7,3,3,4,10,19,1,4,61,39,,13,,,,,,,,,,,,,,,0,0,0,0,0,0,0,0,0,0,0,0,0.0,0.0,1020,1018
England,Premier L,,,26,18/08/2025,2300,1,Leeds,11,12,Everton,9,8,0.0,0.0,0.0,0.0,0.0,0.0,0.0,0.0,0.0,0.0,0.0,0.0,0.0,0.0,2.29,3.45,3.27,1.06,9.5,1.32,3.51,2.06,1.84,3.65,1.3,7.0,1.1,1.8,2.07,1-0 (0-0),1,0,0,0,0,0,0,,21,7,3,1,7,2,6,8,0,2,54,46,84,,,,,,,,,,,,,,,,0,0,0,0,0,0,0,0,0,0,0,0,0.0,0.0,1035,1017
England,Premier L,,,26,22/08/2025,2300,2,West Ham,19,18,Chelsea,11,8,0.0,0.0,0.0,0.0,0.0,0.0,0.0,0.0,0.0,0.0,0.0,0.0,0.0,0.0,5.19,4.12,1.68,1.04,13.0,1.22,4.33,1.73,2.19,2.81,1.47,5.0,1.17,1.75,2.12,1-5 (1-3),1,5,1,3,0,0,0,,12,12,4,7,7,5,7,10,0,1,40,60, 6,15;23;34;54;58,,,,,,,,,,,,,,,0,0,0,0,0,0,0,0,0,0,0,0,0.0,0.0,1022,1019
England,Premier L,,,26,23/08/2025,1530,2,Man City,1,16,Tottenham,3,14,0.0,0.0,0.0,0.0,0.0,0.0,0.0,0.0,0.0,0.0,0.0,0.0,0.0,0.0,1.5,4.91,5.95,1.02,21.0,1.14,5.5,1.5,2.69,2.26,1.68,3.75,1.29,1.57,2.42,0-2 (0-2),0,2,0,2,0,0,0,,10,12,4,5,7,2,7,12,1,4,61,39,,35;45,,,,,,,,,,,,,,,0,0,0,0,0,0,0,0,0,0,0,0,0.0,0.0,1009,1001
England,Premier L,,,26,23/08/2025,1800,2,Bournemouth,16,10,Wolves,20,15,0.0,0.0,0.0,0.0,0.0,0.0,0.0,0.0,0.0,0.0,0.0,0.0,0.0,0.0,1.78,3.99,4.49,1.04,13.0,1.22,4.33,1.79,2.1,2.93,1.43,5.0,1.17,1.71,2.16,1-0 (1-0),1,0,1,0,0,0,0,,14,6,4,1,8,3,13,16,2,4,59,41, 4,,,,,,,,,,,,,,,,0,0,0,0,0,0,0,0,0,0,0,0,0.0,0.0,1063,1031
England,Premier L,,,26,23/08/2025,1800,2,Brentford,17,11,Aston Villa,8,6,0.0,0.0,0.0,0.0,0.0,0.0,0.0,0.0,0.0,0.0,0.0,0.0,0.0,0.0,3.26,3.57,2.24,1.05,11.0,1.25,4.16,1.82,2.06,3.0,1.41,5.5,1.14,1.64,2.29,1-0 (1-0),1,0,1,0,0,0,0,,9,17,2,2,2,9,11,9,1,2,24,76,12,,,,,,,,,,,,,,,,0,0,0,0,0,0,0,0,0,0,0,0,0.0,0.0,1059,1003
England,Premier L,,,26,23/08/2025,1800,2,Burnley,18,12,Sunderland,2,13,0.0,0.0,0.0,0.0,0.0,0.0,0.0,0.0,0.0,0.0,0.0,0.0,0.0,0.0,2.34,3.17,3.44,1.1,7.0,1.48,2.76,2.54,1.56,4.5,1.2,10.0,1.06,2.07,1.78,2-0 (0-0),2,0,0,0,0,0,0,,7,9,2,1,4,3,9,5,0,1,43,57,47;88,,,,,,,,,,,,,,,,0,0,0,0,0,0,0,0,0,0,0,0,0.0,0.0,1030,1021
England,Premier L,,,26,23/08/2025,2030,2,Arsenal,6,9,Leeds,7,9,0.0,0.0,0.0,0.0,0.0,0.0,0.0,0.0,0.0,0.0,0.0,0.0,0.0,0.0,1.28,6.26,9.83,1.03,17.0,1.17,5.0,1.6,2.42,2.47,1.57,4.33,1.22,2.05,1.79,5-0 (2-0),5,0,2,0,0,0,0,,18,3,5,1,2,2,8,11,0,2,68,32,34;45;48;56;90,,,,,,,,,,,,,,,,0,0,0,0,0,0,0,0,0,0,0,0,0.0,0.0,1018,1035
England,Premier L,,,26,24/08/2025,1700,2,C Palace,10,13,Nottingham,5,12,0.0,0.0,0.0,0.0,0.0,0.0,0.0,0.0,0.0,0.0,0.0,0.0,0.0,0.0,2.44,3.27,3.16,1.08,8.0,1.36,3.26,2.2,1.73,3.53,1.31,8.0,1.08,1.93,1.93,1-1 (1-0),1,1,1,0,0,0,0,,8,9,4,1,1,3,11,11,3,3,42,58,37,57,,,,,,,,,,,,,,,0,0,0,0,0,0,0,0,0,0,0,0,0.0,0.0,1012,1037
England,Premier L,,,26,24/08/2025,1700,2,Everton,14,14,Brighton,9,7,0.0,0.0,0.0,0.0,0.0,0.0,0.0,0.0,0.0,0.0,0.0,0.0,0.0,0.0,3.16,3.4,2.37,1.07,8.5,1.33,3.46,2.08,1.81,3.56,1.32,8.0,1.08,1.86,1.98,2-0 (1-0),2,0,1,0,0,0,0,,11,13,3,4,2,2,7,15,4,3,42,58,23;52,,,,,,,,,,,,,,,,0,0,0,0,0,0,0,0,0,0,0,0,0.0,0.0,1017,1036
England,Premier L,,,26,24/08/2025,1930,2,Fulham,12,15,Man Utd,15,11,0.0,0.0,0.0,0.0,0.0,0.0,0.0,0.0,0.0,0.0,0.0,0.0,0.0,0.0,3.4,3.68,2.14,1.04,12.0,1.26,4.04,1.82,2.07,3.02,1.41,5.5,1.14,1.66,2.25,1-1 (0-0),1,1,0,0,0,0,0,,13,10,4,3,9,6,12,10,1,1,52,48,73,58,,,,,,,,,,,,,,,0,0,0,0,0,0,0,0,0,0,0,0,0.0,0.0,1010,1020
England,Premier L,,,26,25/08/2025,2300,2,Newcastle,13,17,Liverpool,5,10,0.0,0.0,0.0,0.0,0.0,0.0,0.0,0.0,0.0,0.0,0.0,0.0,0.0,0.0,2.97,3.74,2.36,1.03,15.0,1.17,5.0,1.6,2.42,2.44,1.59,4.33,1.22,1.49,2.7,2-3 (0-1),2,3,0,1,0,0,0,,10,5,3,4,7,1,17,15,2,3,38,62,57;88,35;46;90,,,,,,,,,,,,,,,0,0,0,0,0,0,0,0,0,0,0,0,0.0,0.0,1016,1002
England,Premier L,,,26,30/08/2025,1530,3,Chelsea,4,15,Fulham,14,6,0.0,0.0,0.0,0.0,0.0,0.0,0.0,0.0,0.0,0.0,0.0,0.0,0.0,0.0,1.67,3.97,5.49,1.05,11.0,1.25,4.0,1.78,2.13,2.88,1.45,5.5,1.14,1.82,2.05,2-0 (1-0),2,0,1,0,0,0,0,,13,11,6,3,6,4,11,17,2,2,55,45,45;56,,,,,,,,,,,,,,,,0,0,0,0,0,0,0,0,0,0,0,0,0.0,0.0,1019,1010
England,Premier L,,,26,30/08/2025,1800,3,Man Utd,16,17,Burnley,11,18,0.0,0.0,0.0,0.0,0.0,0.0,0.0,0.0,0.0,0.0,0.0,0.0,0.0,0.0,1.4,5.11,7.98,1.02,15.0,1.17,4.5,1.63,2.39,2.6,1.55,4.5,1.17,1.89,1.97,3-2 (1-0),3,2,1,0,0,0,0,,26,6,6,3,7,1,9,9,1,5,62,38,27;57;90,55;66,,,,,,,,,,,,,,,0,0,0,0,0,0,0,0,0,0,0,0,0.0,0.0,1020,1030
England,Premier L,,,26,30/08/2025,1800,3,Sunderland,8,2,Brentford,10,15,0.0,0.0,0.0,0.0,0.0,0.0,0.0,0.0,0.0,0.0,0.0,0.0,0.0,0.0,3.08,3.29,2.5,1.07,9.0,1.36,3.34,2.15,1.78,3.45,1.33,7.0,1.1,1.84,2.02,2-1 (0-0),2,1,0,0,0,0,0,,12,7,3,4,3,4,11,12,3,2,54,46,82;90,77,,,,,,,,,,,,,,,0,0,0,0,0,0,0,0,0,0,0,0,0.0,0.0,1021,1059
England,Premier L,,,26,30/08/2025,1800,3,Tottenham,2,3,Bournemouth,9,14,0.0,0.0,0.0,0.0,0.0,0.0,0.0,0.0,0.0,0.0,0.0,0.0,0.0,0.0,1.97,3.71,3.97,1.03,15.0,1.2,4.5,1.68,2.31,2.6,1.53,4.5,1.2,1.57,2.46,0-1 (0-1),0,1,0,1,0,0,0,,5,19,1,6,0,8,17,13,2,4,62,38,, 5,,,,,,,,,,,,,,,0,0,0,0,0,0,0,0,0,0,0,0,0.0,0.0,1001,1063
England,Premier L,,,26,30/08/2025,1800,3,Wolves,19,20,Everton,7,12,0.0,0.0,0.0,0.0,0.0,0.0,0.0,0.0,0.0,0.0,0.0,0.0,0.0,0.0,3.21,3.2,2.48,1.1,7.0,1.47,2.86,2.49,1.59,4.5,1.2,10.0,1.06,2.03,1.83,2-3 (1-2),2,3,1,2,0,0,0,,12,10,4,4,2,2,15,10,0,1,59,41,21;79, 7;33;55,,,,,,,,,,,,,,,0,0,0,0,0,0,0,0,0,0,0,0,0.0,0.0,1031,1017
England,Premier L,,,26,30/08/2025,2030,3,Leeds,12,10,Newcastle,17,10,0.0,0.0,0.0,0.0,0.0,0.0,0.0,0.0,0.0,0.0,0.0,0.0,0.0,0.0,3.25,3.5,2.3,1.06,10.0,1.29,3.84,1.93,1.97,3.29,1.37,6.0,1.13,1.7,2.2,0-0 (0-0),0,0,0,0,0,0,0,,10,8,1,2,5,5,10,15,1,1,43,57,,,,,,,,,,,,,,,,,0,0,0,0,0,0,0,0,0,0,0,0,0.0,0.0,1035,1016
England,Premier L,,,26,31/08/2025,1700,3,Brighton,18,11,Man City,6,2,0.0,0.0,0.0,0.0,0.0,0.0,0.0,0.0,0.0,0.0,0.0,0.0,0.0,0.0,3.77,3.79,2.0,1.03,15.0,1.17,5.0,1.54,2.58,2.32,1.65,4.33,1.22,1.53,2.57,2-1 (0-1),2,1,0,1,0,0,0,,12,12,7,3,3,2,16,14,2,2,36,64,67;89,34,,,,,,,,,,,,,,,0,0,0,0,0,0,0,0,0,0,0,0,0.0,0.0,1036,1009
England,Premier L,,,26,31/08/2025,1700,3,Nottingham,5,5,West Ham,20,19,0.0,0.0,0.0,0.0,0.0,0.0,0.0,0.0,0.0,0.0,0.0,0.0,0.0,0.0,1.69,4.0,5.17,1.04,13.0,1.31,3.58,1.81,2.08,3.07,1.41,5.0,1.17,1.78,2.1,0-3 (0-0),0,3,0,0,0,0,0,,11,12,3,8,9,7,14,6,0,0,58,42,,84;88;90,,,,,,,,,,,,,,,0,0,0,0,0,0,0,0,0,0,0,0,0.0,0.0,1037,1022
England,Premier L,,,26,31/08/2025,1930,3,Liverpool,3,4,Arsenal,1,5,0.0,0.0,0.0,0.0,0.0,0.0,0.0,0.0,0.0,0.0,0.0,0.0,0.0,0.0,2.4,3.53,3.05,1.05,11.0,1.28,3.89,1.74,2.19,2.75,1.47,5.0,1.17,1.61,2.38,1-0 (0-0),1,0,0,0,0,0,0,,9,11,3,1,3,8,7,10,2,2,53,47,83,,,,,,,,,,,,,,,,0,0,0,0,0,0,0,0,0,0,0,0,0.0,0.0,1002,1018
England,Premier L,,,26,31/08/2025,2200,3,Aston Villa,15,14,C Palace,13,9,0.0,0.0,0.0,0.0,0.0,0.0,0.0,0.0,0.0,0.0,0.0,0.0,0.0,0.0,2.03,3.51,3.98,1.04,13.0,1.32,3.56,2.04,1.88,3.51,1.33,5.5,1.14,1.7,2.21,0-3 (0-1),0,3,0,1,0,0,0,,13,6,4,4,10,1,7,14,2,3,58,42,,21;68;78,,,,,,,,,,,,,,,0,0,0,0,0,0,0,0,0,0,0,0,0.0,0.0,1003,1012
England,Premier L,,,26,13/09/2025,1530,4,Arsenal,3,6,Nottingham,11,12,0.0,0.0,0.0,0.0,0.0,0.0,0.0,0.0,0.0,0.0,0.0,0.0,0.0,0.0,1.37,5.37,8.33,1.04,13.0,1.22,4.33,1.68,2.27,2.7,1.49,5.0,1.17,1.98,1.87,3-0 (1-0),3,0,1,0,0,0,0,,16,5,5,1,8,3,8,11,1,1,54,46,32;46;79,,,,,,,,,,,,,,,,0,0,0,0,0,0,0,0,0,0,0,0,0.0,0.0,1018,1037
England,Premier L,,,26,13/09/2025,1800,4,Bournemouth,7,10,Brighton,10,16,0.0,0.0,0.0,0.0,0.0,0.0,0.0,0.0,0.0,0.0,0.0,0.0,0.0,0.0,2.39,3.58,2.98,1.04,13.0,1.22,4.33,1.7,2.24,2.7,1.49,5.0,1.17,1.56,2.45,2-1 (1-0),2,1,1,0,0,0,0,,13,6,5,2,4,4,16,10,4,4,51,49,18;61,48,,,,,,,,,,,,,,,0,0,0,0,0,0,0,0,0,0,0,0,0.0,0.0,1063,1036
England,Premier L,,,26,13/09/2025,1800,4,C Palace,8,14,Sunderland,6,17,0.0,0.0,0.0,0.0,0.0,0.0,0.0,0.0,0.0,0.0,0.0,0.0,0.0,0.0,1.7,3.75,5.53,1.07,9.0,1.36,3.29,2.21,1.72,3.43,1.33,8.0,1.08,2.03,1.81,0-0 (0-0),0,0,0,0,0,0,0,,14,6,6,0,5,3,10,8,1,1,56,44,,,,,,,,,,,,,,,,,0,0,0,0,0,0,0,0,0,0,0,0,0.0,0.0,1012,1021
England,Premier L,,,26,13/09/2025,1800,4,Everton,5,9,Aston Villa,19,14,0.0,0.0,0.0,0.0,0.0,0.0,0.0,0.0,0.0,0.0,0.0,0.0,0.0,0.0,2.43,3.45,3.02,1.06,10.0,1.31,3.63,2.0,1.89,3.47,1.33,6.5,1.11,1.74,2.12,0-0 (0-0),0,0,0,0,0,0,0,,20,7,2,1,10,3,17,15,3,3,48,52,,,,,,,,,,,,,,,,,0,0,0,0,0,0,0,0,0,0,0,0,0.0,0.0,1017,1003
England,Premier L,,,26,13/09/2025,1800,4,Fulham,18,15,Leeds,12,20,0.0,0.0,0.0,0.0,0.0,0.0,0.0,0.0,0.0,0.0,0.0,0.0,0.0,0.0,1.97,3.55,4.09,1.06,10.0,1.32,3.54,2.07,1.83,3.45,1.33,7.0,1.1,1.86,1.98,1-0 (0-0),1,0,0,0,0,0,0,,5,10,3,3,3,3,20,15,1,2,54,46,90,,,,,,,,,,,,,,,,0,0,0,0,0,0,0,0,0,0,0,0,0.0,0.0,1010,1035
England,Premier L,,,26,13/09/2025,1800,4,Newcastle,17,17,Wolves,20,15,0.0,0.0,0.0,0.0,0.0,0.0,0.0,0.0,0.0,0.0,0.0,0.0,0.0,0.0,1.4,5.07,7.77,1.04,13.0,1.25,4.0,1.76,2.13,2.92,1.43,5.0,1.17,1.99,1.85,1-0 (1-0),1,0,1,0,0,0,0,,16,8,4,3,9,4,10,17,1,4,57,43,29,,,,,,,,,,,,,,,,0,0,0,0,0,0,0,0,0,0,0,0,0.0,0.0,1016,1031
England,Premier L,,,26,13/09/2025,2030,4,West Ham,16,19,Tottenham,4,4,0.0,0.0,0.0,0.0,0.0,0.0,0.0,0.0,0.0,0.0,0.0,0.0,0.0,0.0,3.58,3.63,2.09,1.05,11.0,1.25,3.9,1.81,2.08,2.97,1.42,5.5,1.14,1.67,2.23,0-3 (0-0),0,3,0,0,0,0,0,,7,14,4,5,2,13,8,7,0,1,36,64,,47;57;64,,,,,,,,,,,,,,,0,0,0,0,0,0,0,0,0,0,0,0,0.0,0.0,1022,1001
England,Premier L,,,26,13/09/2025,2300,4,Brentford,14,11,Chelsea,2,2,0.0,0.0,0.0,0.0,0.0,0.0,0.0,0.0,0.0,0.0,0.0,0.0,0.0,0.0,4.49,3.85,1.81,1.04,13.0,1.22,4.33,1.74,2.17,2.84,1.45,5.0,1.17,1.68,2.22,2-2 (1-0),2,2,1,0,0,0,0,,7,16,4,6,5,6,13,9,3,2,34,66,35;90,61;85,,,,,,,,,,,,,,,0,0,0,0,0,0,0,0,0,0,0,0,0.0,0.0,1059,1019
England,Premier L,,,26,14/09/2025,1700,4,Burnley,15,8,Liverpool,1,5,0.0,0.0,0.0,0.0,0.0,0.0,0.0,0.0,0.0,0.0,0.0,0.0,0.0,0.0,9.5,5.7,1.33,1.02,19.0,1.17,5.0,1.53,2.61,2.32,1.65,4.0,1.25,1.89,1.97,0-1 (0-0),0,1,0,0,0,0,0,,3,27,0,4,1,13,9,9,2,2,19,81,,90,,,,,,,,,,,,,,,0,0,0,0,0,0,0,0,0,0,0,0,0.0,0.0,1030,1002
England,Premier L,,,26,14/09/2025,1930,4,Man City,13,18,Man Utd,9,11,0.0,0.0,0.0,0.0,0.0,0.0,0.0,0.0,0.0,0.0,0.0,0.0,0.0,0.0,1.77,4.05,4.53,1.03,15.0,1.17,5.0,1.59,2.49,2.43,1.61,4.33,1.22,1.57,2.46,3-0 (1-0),3,0,1,0,0,0,0,,13,12,6,2,2,4,8,8,0,0,45,55,18;53;68,,,,,,,,,,,,,,,,0,0,0,0,0,0,0,0,0,0,0,0,0.0,0.0,1009,1020
England,Premier L,,,26,20/09/2025,1530,5,Liverpool,1,3,Everton,6,6,0.0,0.0,0.0,0.0,0.0,0.0,0.0,0.0,0.0,0.0,0.0,0.0,0.0,0.0,1.54,4.4,6.5,1.03,13.7,1.24,4.21,1.73,2.2,2.8,1.46,5.01,1.18,1.86,2.02,2-1 (2-0),2,1,2,0,0,0,0,,11,9,3,2,5,4,11,10,2,3,57,43,10;29,58,,,,,,,,,,,,,,,0,0,0,0,0,0,0,0,0,0,0,0,0.0,0.0,1002,1017
England,Premier L,,,26,20/09/2025,1800,5,Brighton,13,8,Tottenham,3,1,0.0,0.0,0.0,0.0,0.0,0.0,0.0,0.0,0.0,0.0,0.0,0.0,0.0,0.0,2.28,3.74,3.1,1.03,13.7,1.21,4.56,1.67,2.33,2.67,1.51,4.45,1.22,1.6,2.46,2-2 (2-1),2,2,2,1,0,0,0,,12,11,4,3,2,10,10,13,1,2,36,64, 8;31,43;82,,,,,,,,,,,,,,,0,0,0,0,0,0,0,0,0,0,0,0,0.0,0.0,1036,1001
England,Premier L,,,26,20/09/2025,1800,5,Burnley,17,13,Nottingham,15,15,0.0,0.0,0.0,0.0,0.0,0.0,0.0,0.0,0.0,0.0,0.0,0.0,0.0,0.0,3.46,3.37,2.26,1.07,9.0,1.34,3.47,2.09,1.81,3.43,1.33,8.08,1.09,1.82,2.06,1-1 (1-1),1,1,1,1,0,0,0,,12,17,5,8,4,5,12,11,1,1,37,63,20, 2,,,,,,,,,,,,,,,0,0,0,0,0,0,0,0,0,0,0,0,0.0,0.0,1030,1037
England,Premier L,,,26,20/09/2025,1800,5,West Ham,18,20,C Palace,9,4,0.0,0.0,0.0,0.0,0.0,0.0,0.0,0.0,0.0,0.0,0.0,0.0,0.0,0.0,3.26,3.4,2.34,1.03,13.0,1.32,3.61,2.01,1.9,3.51,1.33,5.81,1.14,1.71,2.23,1-2 (0-1),1,2,0,1,0,0,0,,8,18,3,3,8,8,15,5,3,3,57,43,49,37;68,,,,,,,,,,,,,,,0,0,0,0,0,0,0,0,0,0,0,0,0.0,0.0,1022,1012
England,Premier L,,,26,20/09/2025,1800,5,Wolves,20,19,Leeds,16,20,0.0,0.0,0.0,0.0,0.0,0.0,0.0,0.0,0.0,0.0,0.0,0.0,0.0,0.0,2.85,3.17,2.77,1.09,8.0,1.4,3.01,2.32,1.66,3.37,1.3,9.48,1.06,1.95,1.92,1-3 (1-3),1,3,1,3,0,0,0,,16,6,6,4,4,0,11,9,1,1,56,44, 8,31;39;45,,,,,,,,,,,,,,,0,0,0,0,0,0,0,0,0,0,0,0,0.0,0.0,1031,1035
England,Premier L,,,26,20/09/2025,2030,5,Man Utd,14,14,Chelsea,5,3,0.0,0.0,0.0,0.0,0.0,0.0,0.0,0.0,0.0,0.0,0.0,0.0,0.0,0.0,2.71,3.69,2.58,1.02,14.5,1.17,5.32,1.59,2.44,2.43,1.6,4.12,1.25,1.51,2.69,2-1 (2-0),2,1,2,0,0,0,0,,11,5,4,1,5,5,13,14,2,5,41,59,14;37,80,,,,,,,,,,,,,,,0,0,0,0,0,0,0,0,0,0,0,0,0.0,0.0,1020,1019
England,Premier L,,,26,20/09/2025,2300,5,Fulham,11,9,Brentford,12,17,0.0,0.0,0.0,0.0,0.0,0.0,0.0,0.0,0.0,0.0,0.0,0.0,0.0,0.0,2.11,3.44,3.79,1.01,9.0,1.33,3.52,2.06,1.85,3.59,1.32,6.25,1.07,1.81,2.09,3-1 (2-1),3,1,2,1,0,0,0,,14,8,3,3,2,10,11,13,4,1,53,47,38;40;50,20,,,,,,,,,,,,,,,0,0,0,0,0,0,0,0,0,0,0,0,0.0,0.0,1010,1059
England,Premier L,,,26,21/09/2025,1700,5,Bournemouth,4,4,Newcastle,10,10,0.0,0.0,0.0,0.0,0.0,0.0,0.0,0.0,0.0,0.0,0.0,0.0,0.0,0.0,2.39,3.56,3.0,1.02,12.8,1.26,4.04,1.88,2.02,3.04,1.4,5.55,1.09,1.68,2.26,0-0 (0-0),0,0,0,0,0,0,0,,11,4,2,1,5,2,7,10,2,1,56,44,,,,,,,,,,,,,,,,,0,0,0,0,0,0,0,0,0,0,0,0,0.0,0.0,1063,1016
England,Premier L,,,26,21/09/2025,1700,5,Sunderland,7,2,Aston Villa,19,11,0.0,0.0,0.0,0.0,0.0,0.0,0.0,0.0,0.0,0.0,0.0,0.0,0.0,0.0,3.57,3.27,2.24,1.03,7.9,1.4,3.04,2.29,1.68,3.44,1.31,7.5,1.04,1.94,1.91,1-1 (0-0),1,1,0,0,0,0,0,,14,12,4,2,6,5,14,8,2,1,29,71,75,67,,,,,,,,,,,,,,,0,0,0,0,0,0,0,0,0,0,0,0,0.0,0.0,1021,1003
England,Premier L,,,26,21/09/2025,1930,5,Arsenal,2,1,Man City,8,5,0.0,0.0,0.0,0.0,0.0,0.0,0.0,0.0,0.0,0.0,0.0,0.0,0.0,0.0,1.91,3.86,3.98,1.01,10.2,1.26,4.01,1.79,2.1,2.97,1.42,4.9,1.12,1.69,2.24,1-1 (0-1),1,1,0,1,0,0,0,,12,5,3,3,11,1,11,10,1,2,67,33,90, 9,,,,,,,,,,,,,,,0,0,0,0,0,0,0,0,0,0,0,0,0.0,0.0,1018,1009
England,Premier L,,,26,27/09/2025,1530,6,Brentford,17,10,Man Utd,11,16,0.0,0.0,0.0,0.0,0.0,0.0,0.0,0.0,0.0,0.0,0.0,0.0,0.0,0.0,3.39,3.82,2.12,1.02,14.0,1.16,4.75,1.65,2.34,2.62,1.54,4.3,1.16,1.56,2.55,3-1 (2-1),3,1,2,1,-10,9,-19,,10,14,8,6,4,2,14,10,2,2,44,56, 8;20;90,26,,,,,,,,,,,,,,,0,0,0,0,0,0,0,0,0,0,0,0,0.0,0.0,1059,1020
England,Premier L,,,26,27/09/2025,1800,6,Chelsea,6,8,Brighton,14,18,0.0,0.0,0.0,0.0,0.0,0.0,0.0,0.0,0.0,0.0,0.0,0.0,0.0,0.0,1.91,3.91,4.0,1.01,16.5,1.17,4.55,1.68,2.28,2.63,1.52,4.1,1.17,1.59,2.47,1-3 (1-0),1,3,1,0,1,-5,6,,13,12,3,3,5,7,9,16,4,5,59,41,24,77;90;90,,,,,,,,,,,,,,,0,0,0,0,0,0,0,0,0,0,0,0,0.0,0.0,1019,1036
England,Premier L,,,26,27/09/2025,1800,6,C Palace,5,17,Liverpool,1,3,0.0,0.0,0.0,0.0,0.0,0.0,0.0,0.0,0.0,0.0,0.0,0.0,0.0,0.0,4.3,3.71,1.89,1.01,14.2,1.2,4.15,1.75,2.18,2.8,1.47,4.95,1.12,1.68,2.29,2-1 (1-0),2,1,1,0,7,10,-3,,16,20,7,4,2,6,10,8,1,3,28,72, 9;90,87,,,,,,,,,,,,,,,0,0,0,0,0,0,0,0,0,0,0,0,0.0,0.0,1012,1002
England,Premier L,,,26,27/09/2025,1800,6,Leeds,12,12,Bournemouth,4,10,0.0,0.0,0.0,0.0,0.0,0.0,0.0,0.0,0.0,0.0,0.0,0.0,0.0,0.0,3.01,3.37,2.5,1.02,8.6,1.34,3.47,2.09,1.83,3.67,1.31,6.2,1.07,1.79,2.09,2-2 (1-1),2,2,1,1,1,11,-10,,19,12,8,5,7,4,12,13,2,2,41,59,37;54,26;90,,,,,,,,,,,,,,,0,0,0,0,0,0,0,0,0,0,0,0,0.0,0.0,1035,1063
England,Premier L,,,26,27/09/2025,1800,6,Man City,9,14,Burnley,16,19,0.0,0.0,0.0,0.0,0.0,0.0,0.0,0.0,0.0,0.0,0.0,0.0,0.0,0.0,1.2,7.49,14.84,1.01,20.0,1.12,5.0,1.49,2.66,2.27,1.68,3.64,1.25,2.26,1.68,5-1 (1-1),5,1,1,1,-14,-6,-8,,21,9,8,2,10,2,5,7,1,3,68,32,12;61;65;90;90,38,,,,,,,,,,,,,,,0,0,0,0,0,0,0,0,0,0,0,0,0.0,0.0,1009,1030
England,Premier L,,,26,27/09/2025,2030,6,Nottingham,15,16,Sunderland,7,15,0.0,0.0,0.0,0.0,0.0,0.0,0.0,0.0,0.0,0.0,0.0,0.0,0.0,0.0,1.78,3.79,4.91,1.02,8.4,1.34,3.47,2.07,1.85,3.62,1.32,6.25,1.07,1.99,1.88,0-1 (0-1),0,1,0,1,-19,15,-34,,22,11,6,3,7,4,11,6,4,2,65,35,,38,,,,,,,,,,,,,,,0,0,0,0,0,0,0,0,0,0,0,0,0.0,0.0,1037,1021
England,Premier L,,,26,27/09/2025,2300,6,Tottenham,3,13,Wolves,20,17,0.0,0.0,0.0,0.0,0.0,0.0,0.0,0.0,0.0,0.0,0.0,0.0,0.0,0.0,1.59,4.33,5.72,1.01,16.0,1.21,4.05,1.78,2.13,2.96,1.43,5.25,1.1,1.86,2.01,1-1 (0-0),1,1,0,0,18,-16,34,,10,9,3,3,10,9,9,11,3,2,51,49,90,54,,,,,,,,,,,,,,,0,0,0,0,0,0,0,0,0,0,0,0,0.0,0.0,1001,1031
England,Premier L,,,26,28/09/2025,1700,6,Aston Villa,18,18,Fulham,8,14,0.0,0.0,0.0,0.0,0.0,0.0,0.0,0.0,0.0,0.0,0.0,0.0,0.0,0.0,2.34,3.26,3.35,1.03,8.2,1.35,3.32,2.14,1.77,3.42,1.31,7.3,1.04,1.85,2.01,3-1 (1-1),3,1,1,1,-17,3,-20,,9,11,4,4,2,8,10,13,1,4,48,52,37;49;51, 3,,,,,,,,,,,,,,,0,0,0,0,0,0,0,0,0,0,0,0,0.0,0.0,1003,1010
England,Premier L,,,26,28/09/2025,1930,6,Newcastle,13,15,Arsenal,2,7,0.0,0.0,0.0,0.0,0.0,0.0,0.0,0.0,0.0,0.0,0.0,0.0,0.0,0.0,3.68,3.3,2.18,1.01,8.9,1.37,3.2,2.19,1.73,3.45,1.31,7.6,1.04,1.92,1.93,1-2 (1-0),1,2,1,0,-1,-1,0,,8,20,3,7,7,12,8,9,2,1,37,63,34,84;90,,,,,,,,,,,,,,,0,0,0,0,0,0,0,0,0,0,0,0,0.0,0.0,1016,1018
England,Premier L,,,26,29/09/2025,2300,6,Everton,10,9,West Ham,19,6,0.0,0.0,0.0,0.0,0.0,0.0,0.0,0.0,0.0,0.0,0.0,0.0,0.0,0.0,1.64,4.01,5.59,1.01,10.2,1.31,3.63,1.97,1.92,3.39,1.34,6.4,1.06,1.98,1.88,1-1 (1-0),1,1,1,0,6,-2,8,,12,14,6,3,3,5,7,16,3,4,52,48,18,65,,,,,,,,,,,,,,,0,0,0,0,0,0,0,0,0,0,0,0,0.0,0.0,1017,1022
England,Premier L,,,26,03/10/2025,2300,7,Bournemouth,6,6,Fulham,11,17,0.0,0.0,0.0,0.0,0.0,0.0,0.0,0.0,0.0,0.0,0.0,0.0,0.0,0.0,2.02,3.55,3.98,1.02,8.2,1.32,3.56,2.04,1.88,3.54,1.33,5.95,1.07,1.85,2.02,3-1 (0-0),3,1,0,0,6,4,2,,11,12,6,4,4,3,8,10,0,1,54,46,78;84;90,70,,,,,,,,,,,,,,,0,0,0,0,0,0,0,0,0,0,0,0,0.0,0.0,1063,1010
England,Premier L,,,26,04/10/2025,1530,7,Leeds,12,12,Tottenham,4,1,0.0,0.0,0.0,0.0,0.0,0.0,0.0,0.0,0.0,0.0,0.0,0.0,0.0,0.0,2.77,3.44,2.66,1.05,10.5,1.3,3.67,1.97,1.93,3.4,1.34,6.48,1.12,1.74,2.18,1-2 (1-1),1,2,1,1,6,8,-2,,16,9,4,3,4,1,10,12,2,3,56,44,34,23;57,,,,,,,,,,,,,,,0,0,0,0,0,0,0,0,0,0,0,0,0.0,0.0,1035,1001
England,Premier L,,,26,04/10/2025,1800,7,Arsenal,2,2,West Ham,19,7,0.0,0.0,0.0,0.0,0.0,0.0,0.0,0.0,0.0,0.0,0.0,0.0,0.0,0.0,1.21,6.84,15.35,1.02,18.5,1.11,4.9,1.56,2.54,2.39,1.62,3.88,1.21,2.31,1.65,2-0 (1-0),2,0,1,0,0,-1,1,,21,4,5,0,8,3,14,14,0,2,68,32,38;67,,,,,,,,,,,,,,,,0,0,0,0,0,0,0,0,0,0,0,0,0.0,0.0,1018,1022
England,Premier L,,,26,04/10/2025,1800,7,Man Utd,14,8,Sunderland,5,9,0.0,0.0,0.0,0.0,0.0,0.0,0.0,0.0,0.0,0.0,0.0,0.0,0.0,0.0,1.57,4.42,5.84,1.01,16.0,1.19,4.15,1.74,2.19,2.89,1.43,4.7,1.12,1.85,2.03,2-0 (2-0),2,0,2,0,4,22,-18,,15,8,6,3,2,3,10,12,1,4,51,49, 8;31,,,,,,,,,,,,,,,,0,0,0,0,0,0,0,0,0,0,0,0,0.0,0.0,1020,1021
England,Premier L,,,26,04/10/2025,2030,7,Chelsea,8,15,Liverpool,1,3,0.0,0.0,0.0,0.0,0.0,0.0,0.0,0.0,0.0,0.0,0.0,0.0,0.0,0.0,2.91,3.81,2.37,1.01,15.5,1.11,4.8,1.53,2.59,2.29,1.66,3.6,1.24,1.47,2.84,2-1 (1-0),2,1,1,0,-16,1,-17,,12,12,6,2,7,2,9,8,0,2,53,47,14;90,63,,,,,,,,,,,,,,,0,0,0,0,0,0,0,0,0,0,0,0,0.0,0.0,1019,1002
England,Premier L,,,26,05/10/2025,1700,7,Aston Villa,16,16,Burnley,18,20,0.0,0.0,0.0,0.0,0.0,0.0,0.0,0.0,0.0,0.0,0.0,0.0,0.0,0.0,1.65,3.91,5.77,1.02,11.8,1.3,3.72,1.95,1.95,3.34,1.36,5.75,1.07,1.96,1.9,2-1 (1-0),2,1,1,0,-6,-7,1,,15,5,7,2,6,4,9,15,3,1,55,45,25;63,78,,,,,,,,,,,,,,,0,0,0,0,0,0,0,0,0,0,0,0,0.0,0.0,1003,1030
England,Premier L,,,26,05/10/2025,1700,7,Everton,9,9,C Palace,3,2,0.0,0.0,0.0,0.0,0.0,0.0,0.0,0.0,0.0,0.0,0.0,0.0,0.0,0.0,2.58,3.26,2.96,1.02,8.1,1.38,3.2,2.23,1.72,3.88,1.21,7.8,1.02,1.88,1.99,2-1 (0-1),2,1,0,1,-3,10,-13,,14,15,7,8,2,4,13,16,2,3,50,50,76;90,37,,,,,,,,,,,,,,,0,0,0,0,0,0,0,0,0,0,0,0,0.0,0.0,1017,1012
England,Premier L,,,26,05/10/2025,1700,7,Newcastle,15,17,Nottingham,17,15,0.0,0.0,0.0,0.0,0.0,0.0,0.0,0.0,0.0,0.0,0.0,0.0,0.0,0.0,1.57,4.39,5.91,1.01,16.0,1.18,4.25,1.71,2.23,2.75,1.49,4.3,1.15,1.79,2.1,2-0 (0-0),2,0,0,0,0,-22,22,,18,5,9,4,8,1,16,15,0,4,52,48,58;84,,,,,,,,,,,,,,,,0,0,0,0,0,0,0,0,0,0,0,0,0.0,0.0,1016,1037
England,Premier L,,,26,05/10/2025,1700,7,Wolves,20,19,Brighton,10,11,0.0,0.0,0.0,0.0,0.0,0.0,0.0,0.0,0.0,0.0,0.0,0.0,0.0,0.0,3.82,3.68,2.02,1.01,9.4,1.28,3.9,1.89,2.01,3.2,1.38,5.2,1.1,1.74,2.18,1-1 (1-0),1,1,1,0,-14,5,-19,,6,17,3,6,2,8,13,9,2,4,42,58,21,86,,,,,,,,,,,,,,,0,0,0,0,0,0,0,0,0,0,0,0,0.0,0.0,1031,1036
England,Premier L,,,26,05/10/2025,1930,7,Brentford,13,4,Man City,7,6,0.0,0.0,0.0,0.0,0.0,0.0,0.0,0.0,0.0,0.0,0.0,0.0,0.0,0.0,5.1,4.43,1.63,1.02,18.5,1.11,4.9,1.59,2.48,2.46,1.6,4.1,1.19,1.67,2.3,0-1 (0-1),0,1,0,1,-9,1,-10,,6,10,1,4,3,2,10,6,3,2,30,70,, 9,,,,,,,,,,,,,,,0,0,0,0,0,0,0,0,0,0,0,0,0.0,0.0,1059,1009
England,Premier L,,,26,18/10/2025,1530,8,Nottingham,17,18,Chelsea,7,6,0.0,0.0,0.0,0.0,0.0,0.0,0.0,0.0,0.0,0.0,0.0,0.0,0.0,0.0,3.39,3.72,2.16,1.02,14.5,1.19,4.1,1.72,2.2,2.77,1.47,4.95,1.11,1.66,2.32,0-3 (0-0),0,3,0,0,-15,-17,2,,12,17,2,6,5,2,13,16,2,4,50,50,,49;52;84,,,,,,,,,,,,,,,0,0,0,0,0,0,0,0,0,0,0,0,0.0,0.0,1037,1019
England,Premier L,,,26,18/10/2025,1800,8,Brighton,12,13,Newcastle,11,11,0.0,0.0,0.0,0.0,0.0,0.0,0.0,0.0,0.0,0.0,0.0,0.0,0.0,0.0,2.71,3.51,2.64,1.01,13.7,1.26,4.11,1.86,2.05,3.07,1.41,5.15,1.1,1.62,2.4,2-1 (1-0),2,1,1,0,5,0,5,,13,16,5,3,8,4,9,9,0,1,46,54,41;84,76,,,,,,,,,,,,,,,0,0,0,0,0,0,0,0,0,0,0,0,0.0,0.0,1036,1016
England,Premier L,,,26,18/10/2025,1800,8,Burnley,18,17,Leeds,15,13,0.0,0.0,0.0,0.0,0.0,0.0,0.0,0.0,0.0,0.0,0.0,0.0,0.0,0.0,3.56,3.23,2.29,1.03,7.3,1.43,2.97,2.37,1.65,4.1,1.19,8.1,1.02,2.03,1.85,2-0 (1-0),2,0,1,0,-6,1,-7,,4,19,3,4,1,5,10,7,2,1,31,69,18;68,,,,,,,,,,,,,,,,0,0,0,0,0,0,0,0,0,0,0,0,0.0,0.0,1030,1035
England,Premier L,,,26,18/10/2025,1800,8,C Palace,6,14,Bournemouth,4,7,0.0,0.0,0.0,0.0,0.0,0.0,0.0,0.0,0.0,0.0,0.0,0.0,0.0,0.0,2.3,3.37,3.37,1.01,8.6,1.28,3.96,1.87,2.04,3.18,1.38,5.25,1.09,1.68,2.27,3-3 (0-2),3,3,0,2,1,4,-3,,20,9,7,5,6,5,8,16,1,4,52,48,64;69;90, 7;38;89,,,,,,,,,,,,,,,0,0,0,0,0,0,0,0,0,0,0,0,0.0,0.0,1012,1063
England,Premier L,,,26,18/10/2025,1800,8,Man City,5,11,Everton,8,12,0.0,0.0,0.0,0.0,0.0,0.0,0.0,0.0,0.0,0.0,0.0,0.0,0.0,0.0,1.43,4.6,8.46,1.01,16.0,1.19,4.1,1.71,2.22,2.76,1.47,4.65,1.12,1.93,1.93,2-0 (0-0),2,0,0,0,9,-3,12,,19,5,7,1,11,3,8,14,0,2,71,29,58;63,,,,,,,,,,,,,,,,0,0,0,0,0,0,0,0,0,0,0,0,0.0,0.0,1009,1017
England,Premier L,,,26,18/10/2025,1800,8,Sunderland,9,6,Wolves,20,16,0.0,0.0,0.0,0.0,0.0,0.0,0.0,0.0,0.0,0.0,0.0,0.0,0.0,0.0,2.62,3.06,3.14,1.04,7.0,1.45,2.85,2.47,1.58,4.5,1.16,9.4,1.01,2.03,1.85,2-0 (1-0),2,0,1,0,15,-7,22,,8,16,2,3,2,2,5,12,0,0,41,59,16;90,,,,,,,,,,,,,,,,0,0,0,0,0,0,0,0,0,0,0,0,0.0,0.0,1021,1031
England,Premier L,,,26,18/10/2025,2030,8,Fulham,14,7,Arsenal,1,4,0.0,0.0,0.0,0.0,0.0,0.0,0.0,0.0,0.0,0.0,0.0,0.0,0.0,0.0,7.4,4.19,1.51,1.01,8.8,1.35,3.37,2.08,1.81,3.72,1.3,6.7,1.05,2.27,1.68,0-1 (0-0),0,1,0,0,0,5,-5,,9,16,0,5,6,10,11,4,0,0,37,63,,58,,,,,,,,,,,,,,,0,0,0,0,0,0,0,0,0,0,0,0,0.0,0.0,1010,1018
England,Premier L,,,26,19/10/2025,1700,8,Tottenham,3,16,Aston Villa,13,14,0.0,0.0,0.0,0.0,0.0,0.0,0.0,0.0,0.0,0.0,0.0,0.0,0.0,0.0,2.1,3.58,3.6,1.02,12.8,1.26,4.01,1.93,1.95,3.11,1.39,5.45,1.08,1.67,2.27,1-2 (1-1),1,2,1,1,12,4,8,,9,8,3,2,6,6,11,7,2,0,53,47, 5,37;77,,,,,,,,,,,,,,,0,0,0,0,0,0,0,0,0,0,0,0,0.0,0.0,1001,1003
England,Premier L,,,26,19/10/2025,1930,8,Liverpool,2,3,Man Utd,10,17,0.0,0.0,0.0,0.0,0.0,0.0,0.0,0.0,0.0,0.0,0.0,0.0,0.0,0.0,1.62,4.26,5.39,1.01,19.5,1.08,5.7,1.45,2.77,2.16,1.74,3.44,1.26,1.59,2.45,1-2 (0-1),1,2,0,1,-9,2,-11,,19,12,6,4,9,4,8,14,0,2,63,37,78, 2;84,,,,,,,,,,,,,,,0,0,0,0,0,0,0,0,0,0,0,0,0.0,0.0,1002,1020
England,Premier L,,,26,20/10/2025,2300,8,West Ham,19,20,Brentford,16,19,0.0,0.0,0.0,0.0,0.0,0.0,0.0,0.0,0.0,0.0,0.0,0.0,0.0,0.0,2.62,3.39,2.8,1.02,11.8,1.27,3.99,1.94,1.94,3.23,1.37,6.0,1.07,1.67,2.28,0-2 (0-1),0,2,0,1,-8,-4,-4,,7,22,1,7,6,10,10,10,1,1,43,57,,43;90,,,,,,,,,,,,,,,0,0,0,0,0,0,0,0,0,0,0,0,0.0,0.0,1022,1059
England,Premier L,,,26,24/10/2025,2300,9,Leeds,16,16,West Ham,19,10,0.0,0.0,0.0,0.0,0.0,0.0,0.0,0.0,0.0,0.0,0.0,0.0,0.0,0.0,1.82,3.72,4.72,1.01,8.5,1.34,3.39,2.1,1.79,3.37,1.34,6.75,1.04,1.83,2.03,2-1 (2-0),2,1,2,0,-6,-5,-1,,13,9,5,3,3,4,12,11,3,3,41,59, 3;15,90,,,,,,,,,,,,,,,0,0,0,0,0,0,0,0,0,0,0,0,0.0,0.0,1035,1022
England,Premier L,,,26,25/10/2025,1800,9,Chelsea,5,12,Sunderland,7,11,0.0,0.0,0.0,0.0,0.0,0.0,0.0,0.0,0.0,0.0,0.0,0.0,0.0,0.0,1.45,4.7,7.85,1.03,13.7,1.21,4.56,1.71,2.22,2.76,1.47,5.01,1.18,2.0,1.85,1-2 (1-1),1,2,1,1,-6,15,-21,,16,10,7,4,9,1,15,13,1,1,68,32, 4,22;90,,,,,,,,,,,,,,,0,0,0,0,0,0,0,0,0,0,0,0,0.0,0.0,1019,1021
England,Premier L,,,26,25/10/2025,1800,9,Newcastle,14,14,Fulham,15,19,0.0,0.0,0.0,0.0,0.0,0.0,0.0,0.0,0.0,0.0,0.0,0.0,0.0,0.0,1.61,4.15,6.0,1.04,11.6,1.27,3.9,1.85,2.07,3.09,1.39,5.53,1.15,1.91,1.94,2-1 (1-0),2,1,1,0,-3,-8,5,,18,12,7,5,4,3,11,18,0,2,51,49,18;90,56,,,,,,,,,,,,,,,0,0,0,0,0,0,0,0,0,0,0,0,0.0,0.0,1016,1010
England,Premier L,,,26,25/10/2025,2030,9,Man Utd,9,6,Brighton,10,9,0.0,0.0,0.0,0.0,0.0,0.0,0.0,0.0,0.0,0.0,0.0,0.0,0.0,0.0,2.01,3.92,3.63,1.02,18.5,1.17,5.26,1.55,2.55,2.33,1.64,3.85,1.27,1.52,2.64,4-2 (2-0),4,2,2,0,9,11,-2,,13,17,9,5,1,6,4,13,2,2,44,56,24;34;61;90,74;90,,,,,,,,,,,,,,,0,0,0,0,0,0,0,0,0,0,0,0,0.0,0.0,1020,1036
England,Premier L,,,26,25/10/2025,2300,9,Brentford,13,10,Liverpool,3,6,0.0,0.0,0.0,0.0,0.0,0.0,0.0,0.0,0.0,0.0,0.0,0.0,0.0,0.0,4.15,4.12,1.83,1.02,17.5,1.12,4.7,1.58,2.46,2.42,1.59,4.0,1.2,1.56,2.5,3-2 (2-1),3,2,2,1,1,-20,21,,17,18,8,5,5,4,7,10,3,2,34,66, 5;45;60,45;89,,,,,,,,,,,,,,,0,0,0,0,0,0,0,0,0,0,0,0,0.0,0.0,1059,1002
England,Premier L,,,26,26/10/2025,1700,9,Arsenal,1,1,C Palace,8,5,0.0,0.0,0.0,0.0,0.0,0.0,0.0,0.0,0.0,0.0,0.0,0.0,0.0,0.0,1.42,4.86,7.77,1.01,14.2,1.26,3.8,1.81,2.07,3.0,1.41,5.2,1.1,2.04,1.82,1-0 (1-0),1,0,1,0,6,0,6,,10,7,3,1,4,3,6,11,0,0,60,40,39,,,,,,,,,,,,,,,,0,0,0,0,0,0,0,0,0,0,0,0,0.0,0.0,1018,1012
England,Premier L,,,26,26/10/2025,1700,9,Aston Villa,11,13,Man City,2,4,0.0,0.0,0.0,0.0,0.0,0.0,0.0,0.0,0.0,0.0,0.0,0.0,0.0,0.0,4.45,4.0,1.78,1.01,14.9,1.21,3.88,1.74,2.18,2.78,1.47,4.7,1.12,1.65,2.32,1-0 (1-0),1,0,1,0,9,10,-1,,9,18,3,4,5,6,8,16,1,4,47,53,19,,,,,,,,,,,,,,,,0,0,0,0,0,0,0,0,0,0,0,0,0.0,0.0,1003,1009
England,Premier L,,,26,26/10/2025,1700,9,Bournemouth,4,3,Nottingham,18,17,0.0,0.0,0.0,0.0,0.0,0.0,0.0,0.0,0.0,0.0,0.0,0.0,0.0,0.0,1.83,3.82,4.38,1.02,11.8,1.31,3.61,1.97,1.92,3.31,1.35,5.9,1.07,1.8,2.07,2-0 (2-0),2,0,2,0,4,-21,25,,13,8,5,4,6,4,17,7,3,2,52,48,25;40,,,,,,,,,,,,,,,,0,0,0,0,0,0,0,0,0,0,0,0,0.0,0.0,1063,1037
England,Premier L,,,26,26/10/2025,1700,9,Wolves,20,19,Burnley,17,20,0.0,0.0,0.0,0.0,0.0,0.0,0.0,0.0,0.0,0.0,0.0,0.0,0.0,0.0,1.95,3.43,4.34,1.03,7.5,1.42,2.97,2.37,1.64,4.2,1.18,8.3,1.02,2.05,1.82,2-3 (2-2),2,3,2,2,-8,0,-8,,15,11,7,7,4,3,12,7,1,0,57,43,42;45,14;30;90,,,,,,,,,,,,,,,0,0,0,0,0,0,0,0,0,0,0,0,0.0,0.0,1031,1030
England,Premier L,,,26,26/10/2025,1930,9,Everton,12,7,Tottenham,6,1,0.0,0.0,0.0,0.0,0.0,0.0,0.0,0.0,0.0,0.0,0.0,0.0,0.0,0.0,2.4,3.36,3.13,1.02,8.2,1.3,3.66,1.99,1.9,3.35,1.35,5.85,1.07,1.76,2.12,0-3 (0-2),0,3,0,2,-2,1,-3,,12,7,2,4,9,8,9,8,2,0,53,47,,19;45;89,,,,,,,,,,,,,,,0,0,0,0,0,0,0,0,0,0,0,0,0.0,0.0,1017,1001
England,Premier L,,,26,01/11/2025,1800,10,Brighton,13,10,Leeds,15,16,0.0,0.0,0.0,0.0,0.0,0.0,0.0,0.0,0.0,0.0,0.0,0.0,0.0,0.0,2.03,3.6,3.86,1.05,11.0,1.29,3.86,1.92,1.99,3.23,1.38,5.81,1.14,1.68,2.18,3-0 (1-0),3,0,1,0,4,-14,18,,14,5,7,2,4,7,10,7,0,1,50,50,11;64;70,,,,,,,,,,,,,,,,0,0,0,0,0,0,0,0,0,0,0,0,0.0,0.0,1036,1035
England,Premier L,,,26,01/11/2025,1800,10,Burnley,16,13,Arsenal,1,2,0.0,0.0,0.0,0.0,0.0,0.0,0.0,0.0,0.0,0.0,0.0,0.0,0.0,0.0,12.24,6.08,1.27,1.04,11.6,1.23,4.11,1.82,2.08,3.05,1.41,6.02,1.14,2.53,1.53,0-2 (0-2),0,2,0,2,7,9,-2,,3,12,0,8,1,6,10,13,2,1,46,54,,14;35,,,,,,,,,,,,,,,0,0,0,0,0,0,0,0,0,0,0,0,0.0,0.0,1030,1018
England,Premier L,,,26,01/11/2025,1800,10,C Palace,10,16,Brentford,11,14,0.0,0.0,0.0,0.0,0.0,0.0,0.0,0.0,0.0,0.0,0.0,0.0,0.0,0.0,2.07,3.53,3.81,1.01,13.9,1.25,3.89,1.84,2.05,3.01,1.42,6.02,1.14,1.68,2.18,2-0 (1-0),2,0,1,0,-6,11,-17,,10,6,3,2,6,5,7,11,0,3,36,64,30;51,,,,,,,,,,,,,,,,0,0,0,0,0,0,0,0,0,0,0,0,0.0,0.0,1012,1059
England,Premier L,,,26,01/11/2025,1800,10,Fulham,17,14,Wolves,20,19,0.0,0.0,0.0,0.0,0.0,0.0,0.0,0.0,0.0,0.0,0.0,0.0,0.0,0.0,1.79,3.73,4.92,1.05,11.2,1.35,3.41,2.08,1.84,3.79,1.29,5.81,1.14,1.76,2.06,3-0 (1-0),3,0,1,0,-14,-9,-5,,19,5,6,2,10,1,13,14,1,3,63,37, 9;62;75,,,,,,,,,,,,,,,,0,0,0,0,0,0,0,0,0,0,0,0,0.0,0.0,1010,1031
England,Premier L,,,26,01/11/2025,1800,10,Nottingham,18,18,Man Utd,6,12,0.0,0.0,0.0,0.0,0.0,0.0,0.0,0.0,0.0,0.0,0.0,0.0,0.0,0.0,3.48,3.77,2.1,1.02,15.8,1.21,4.56,1.79,2.13,2.93,1.44,5.01,1.18,1.6,2.34,2-2 (0-1),2,2,0,1,-22,16,-38,,17,18,3,7,8,5,10,7,1,1,41,59,48;50,34;81,,,,,,,,,,,,,,,0,0,0,0,0,0,0,0,0,0,0,0,0.0,0.0,1037,1020
England,Premier L,,,26,01/11/2025,2030,10,Tottenham,3,17,Chelsea,9,3,0.0,0.0,0.0,0.0,0.0,0.0,0.0,0.0,0.0,0.0,0.0,0.0,0.0,0.0,2.83,3.51,2.57,1.03,13.8,1.25,4.17,1.8,2.11,2.94,1.44,4.96,1.18,1.56,2.43,0-1 (0-1),0,1,0,1,8,0,8,,3,15,1,9,6,5,14,12,4,2,48,52,,34,,,,,,,,,,,,,,,0,0,0,0,0,0,0,0,0,0,0,0,0.0,0.0,1001,1019
England,Premier L,,,26,01/11/2025,2300,10,Liverpool,7,8,Aston Villa,8,8,0.0,0.0,0.0,0.0,0.0,0.0,0.0,0.0,0.0,0.0,0.0,0.0,0.0,0.0,1.68,4.34,4.92,1.02,18.5,1.17,5.32,1.57,2.52,2.41,1.62,4.12,1.25,1.57,2.41,2-0 (1-0),2,0,1,0,-28,16,-44,,16,10,4,3,1,4,13,11,2,3,53,47,45;58,,,,,,,,,,,,,,,,0,0,0,0,0,0,0,0,0,0,0,0,0.0,0.0,1002,1003
England,Premier L,,,26,02/11/2025,1700,10,West Ham,19,20,Newcastle,12,13,0.0,0.0,0.0,0.0,0.0,0.0,0.0,0.0,0.0,0.0,0.0,0.0,0.0,0.0,5.17,4.22,1.66,1.04,13.0,1.25,4.18,1.75,2.18,2.87,1.45,5.0,1.17,1.7,2.05,3-1 (2-1),3,1,2,1,-9,-2,-7,,15,12,9,4,7,6,5,10,1,2,37,63,35;45;90, 4,,,,,,,,,,,,,,,0,0,0,0,0,0,0,0,0,0,0,0,0.0,0.0,1022,1016
England,Premier L,,,26,02/11/2025,1930,10,Man City,5,7,Bournemouth,2,9,0.0,0.0,0.0,0.0,0.0,0.0,0.0,0.0,0.0,0.0,0.0,0.0,0.0,0.0,1.43,5.35,6.8,1.03,17.0,1.14,5.5,1.49,2.71,2.23,1.71,3.75,1.29,1.67,2.1,3-1 (2-1),3,1,2,1,5,8,-3,,15,8,8,5,9,4,8,11,2,2,48,52,17;33;60,25,,,,,,,,,,,,,,,0,0,0,0,0,0,0,0,0,0,0,0,0.0,0.0,1009,1063
England,Premier L,,,26,03/11/2025,2300,10,Sunderland,4,4,Everton,14,15,0.0,0.0,0.0,0.0,0.0,0.0,0.0,0.0,0.0,0.0,0.0,0.0,0.0,0.0,3.32,3.2,2.42,1.1,7.0,1.48,2.76,2.5,1.57,4.5,1.2,10.0,1.06,2.0,1.75,1-1 (0-1),1,1,0,1,20,-11,31,,17,8,3,2,4,1,10,11,3,2,61,39,46,15,,,,,,,,,,,,,,,0,0,0,0,0,0,0,0,0,0,0,0,0.0,0.0,1021,1017
England,Premier L,,,26,08/11/2025,1530,11,Tottenham,6,17,Man Utd,8,10,0.0,0.0,0.0,0.0,0.0,0.0,0.0,0.0,0.0,0.0,0.0,0.0,0.0,0.0,3.01,3.59,2.43,1.03,13.8,1.21,4.61,1.72,2.21,2.71,1.49,4.96,1.18,1.57,2.41,2-2 (0-1),2,2,0,1,9,21,-12,,10,5,4,2,5,3,10,8,5,1,55,45,84;90,32;90,,,,,,,,,,,,,,,0,0,0,0,0,0,0,0,0,0,0,0,0.0,0.0,1001,1020
England,Premier L,,,26,08/11/2025,1800,11,Everton,14,14,Fulham,15,19,0.0,0.0,0.0,0.0,0.0,0.0,0.0,0.0,0.0,0.0,0.0,0.0,0.0,0.0,2.38,3.24,3.35,1.06,9.47,1.37,3.26,2.18,1.75,3.85,1.27,7.69,1.09,1.76,2.06,2-0 (1-0),2,0,1,0,-16,-7,-9,,14,8,5,4,7,5,11,14,2,2,50,50,45;81,,,,,,,,,,,,,,,,0,0,0,0,0,0,0,0,0,0,0,0,0.0,0.0,1017,1010
England,Premier L,,,26,08/11/2025,1800,11,West Ham,18,19,Burnley,17,16,0.0,0.0,0.0,0.0,0.0,0.0,0.0,0.0,0.0,0.0,0.0,0.0,0.0,0.0,1.88,3.66,4.44,1.06,10.0,1.31,3.54,2.0,1.91,3.49,1.32,6.8,1.11,1.76,2.06,3-2 (1-1),3,2,1,1,-4,9,-13,,15,16,6,7,7,4,15,13,2,2,43,57,44;77;87,35;90,,,,,,,,,,,,,,,0,0,0,0,0,0,0,0,0,0,0,0,0.0,0.0,1022,1030
England,Premier L,,,26,08/11/2025,2030,11,Sunderland,4,6,Arsenal,1,2,0.0,0.0,0.0,0.0,0.0,0.0,0.0,0.0,0.0,0.0,0.0,0.0,0.0,0.0,8.0,4.5,1.47,1.06,9.57,1.4,3.04,2.2,1.72,3.44,1.32,7.62,1.09,2.2,1.67,2-2 (1-0),2,2,1,0,19,8,11,,6,17,2,7,2,2,13,13,2,1,35,65,36;90,54;74,,,,,,,,,,,,,,,0,0,0,0,0,0,0,0,0,0,0,0,0.0,0.0,1021,1018
England,Premier L,,,26,08/11/2025,2300,11,Chelsea,7,16,Wolves,20,20,0.0,0.0,0.0,0.0,0.0,0.0,0.0,0.0,0.0,0.0,0.0,0.0,0.0,0.0,1.36,5.4,9.2,1.02,17.5,1.17,5.32,1.62,2.42,2.58,1.56,4.12,1.25,1.76,2.06,3-0 (0-0),3,0,0,0,6,-17,23,,20,3,8,0,10,1,12,14,1,2,64,36,51;65;73,,,,,,,,,,,,,,,,0,0,0,0,0,0,0,0,0,0,0,0,0.0,0.0,1019,1031
England,Premier L,,,26,09/11/2025,1700,11,Aston Villa,11,10,Bournemouth,5,9,0.0,0.0,0.0,0.0,0.0,0.0,0.0,0.0,0.0,0.0,0.0,0.0,0.0,0.0,2.37,3.4,3.2,1.04,11.6,1.28,3.89,1.93,1.98,3.26,1.37,6.02,1.14,1.65,2.24,4-0 (2-0),4,0,2,0,10,5,5,,16,12,8,3,6,9,8,20,2,2,52,48,28;40;77;82,,,,,,,,,,,,,,,,0,0,0,0,0,0,0,0,0,0,0,0,0.0,0.0,1003,1063
England,Premier L,,,26,09/11/2025,1700,11,Brentford,12,9,Newcastle,13,14,0.0,0.0,0.0,0.0,0.0,0.0,0.0,0.0,0.0,0.0,0.0,0.0,0.0,0.0,2.93,3.51,2.49,1.04,11.6,1.26,4.08,1.79,2.13,2.97,1.43,5.53,1.15,1.65,2.24,3-1 (0-1),3,1,0,1,8,-7,15,,15,5,7,1,6,2,10,13,2,3,49,51,56;78;90,27,,,,,,,,,,,,,,,0,0,0,0,0,0,0,0,0,0,0,0,0.0,0.0,1059,1016
England,Premier L,,,26,09/11/2025,1700,11,C Palace,9,11,Brighton,10,11,0.0,0.0,0.0,0.0,0.0,0.0,0.0,0.0,0.0,0.0,0.0,0.0,0.0,0.0,2.43,3.45,3.07,1.04,11.6,1.26,4.01,1.88,2.02,3.09,1.39,5.53,1.15,1.65,2.24,0-0 (0-0),0,0,0,0,-6,-4,-2,,10,7,2,3,4,8,10,12,1,4,42,58,,,,,,,,,,,,,,,,,0,0,0,0,0,0,0,0,0,0,0,0,0.0,0.0,1012,1036
England,Premier L,,,26,09/11/2025,1700,11,Nottingham,19,18,Leeds,16,17,0.0,0.0,0.0,0.0,0.0,0.0,0.0,0.0,0.0,0.0,0.0,0.0,0.0,0.0,2.23,3.3,3.62,1.1,7.37,1.45,2.86,2.44,1.59,3.66,1.3,9.03,1.07,1.96,1.85,3-1 (1-1),3,1,1,1,-15,-13,-2,,14,10,6,3,6,4,10,11,2,1,45,55,15;68;90,13,,,,,,,,,,,,,,,0,0,0,0,0,0,0,0,0,0,0,0,0.0,0.0,1037,1035
England,Premier L,,,26,09/11/2025,1930,11,Man City,2,3,Liverpool,3,7,0.0,0.0,0.0,0.0,0.0,0.0,0.0,0.0,0.0,0.0,0.0,0.0,0.0,0.0,1.94,4.0,3.86,1.01,20.0,1.16,5.5,1.49,2.69,2.21,1.72,3.71,1.29,1.44,2.79,3-0 (2-0),3,0,2,0,2,-20,22,,14,7,6,1,7,7,14,15,2,4,49,51,29;45;63,,,,,,,,,,,,,,,,0,0,0,0,0,0,0,0,0,0,0,0,0.0,0.0,1009,1002
England,Premier L,,,26,22/11/2025,1530,12,Burnley,17,16,Chelsea,3,3,0.0,0.0,0.0,0.0,0.0,0.0,0.0,0.0,0.0,0.0,0.0,0.0,0.0,0.0,5.8,4.25,1.61,1.02,15.8,1.26,4.04,1.71,2.23,2.78,1.48,5.01,1.18,1.68,2.18,0-2 (0-1),0,2,0,1,3,1,2,,8,15,2,5,1,9,13,8,2,3,44,56,,37;88,,,,,,,,,,,,,,,0,0,0,0,0,0,0,0,0,0,0,0,0.0,0.0,1030,1019
England,Premier L,,,26,22/11/2025,1800,12,Bournemouth,9,3,West Ham,18,13,0.0,0.0,0.0,0.0,0.0,0.0,0.0,0.0,0.0,0.0,0.0,0.0,0.0,0.0,1.68,4.09,5.12,1.03,14.3,1.23,4.29,1.69,2.27,2.68,1.49,4.92,1.18,1.74,2.1,2-2 (0-2),2,2,0,2,-5,7,-12,,28,5,10,2,9,2,9,10,3,2,76,24,69;81,11;35,,,,,,,,,,,,,,,0,0,0,0,0,0,0,0,0,0,0,0,0.0,0.0,1063,1022
England,Premier L,,,26,22/11/2025,1800,12,Brighton,11,9,Brentford,12,14,0.0,0.0,0.0,0.0,0.0,0.0,0.0,0.0,0.0,0.0,0.0,0.0,0.0,0.0,2.17,3.47,3.59,1.03,13.0,1.25,4.24,1.78,2.14,2.84,1.46,5.26,1.17,1.6,2.34,2-1 (0-1),2,1,0,1,-1,12,-13,,14,10,5,4,7,4,10,9,4,2,64,36,71;84,29,,,,,,,,,,,,,,,0,0,0,0,0,0,0,0,0,0,0,0,0.0,0.0,1036,1059
England,Premier L,,,26,22/11/2025,1800,12,Fulham,15,11,Sunderland,4,6,0.0,0.0,0.0,0.0,0.0,0.0,0.0,0.0,0.0,0.0,0.0,0.0,0.0,0.0,2.07,3.38,4.0,1.07,9.0,1.35,3.31,2.13,1.78,3.71,1.29,7.24,1.1,1.83,1.98,1-0 (0-0),1,0,0,0,-5,21,-26,,24,4,6,2,7,4,5,13,3,3,57,43,84,,,,,,,,,,,,,,,,0,0,0,0,0,0,0,0,0,0,0,0,0.0,0.0,1010,1021
England,Premier L,,,26,22/11/2025,1800,12,Liverpool,7,8,Nottingham,19,18,0.0,0.0,0.0,0.0,0.0,0.0,0.0,0.0,0.0,0.0,0.0,0.0,0.0,0.0,1.47,4.69,6.97,1.01,17.0,1.17,5.26,1.64,2.34,2.59,1.53,4.16,1.24,1.7,2.15,0-3 (0-1),0,3,0,1,-14,-4,-10,,21,15,4,7,8,6,11,8,2,0,74,26,,33;46;78,,,,,,,,,,,,,,,0,0,0,0,0,0,0,0,0,0,0,0,0.0,0.0,1002,1037
England,Premier L,,,26,22/11/2025,1800,12,Wolves,20,20,C Palace,10,5,0.0,0.0,0.0,0.0,0.0,0.0,0.0,0.0,0.0,0.0,0.0,0.0,0.0,0.0,4.53,3.8,1.82,1.05,11.0,1.31,3.65,1.96,1.94,3.44,1.34,6.32,1.13,1.76,2.06,0-2 (0-0),0,2,0,0,-18,-1,-17,,8,10,1,4,1,4,13,9,2,3,48,52,,63;69,,,,,,,,,,,,,,,0,0,0,0,0,0,0,0,0,0,0,0,0.0,0.0,1031,1012
England,Premier L,,,26,22/11/2025,2030,12,Newcastle,14,14,Man City,2,4,0.0,0.0,0.0,0.0,0.0,0.0,0.0,0.0,0.0,0.0,0.0,0.0,0.0,0.0,4.06,3.85,1.93,1.02,16.0,1.19,4.79,1.61,2.42,2.53,1.57,4.12,1.25,1.53,2.53,2-1 (0-0),2,1,0,0,-17,4,-21,,9,17,5,4,5,9,13,8,1,3,33,67,63;70,68,,,,,,,,,,,,,,,0,0,0,0,0,0,0,0,0,0,0,0,0.0,0.0,1016,1009
England,Premier L,,,26,23/11/2025,1700,12,Leeds,16,15,Aston Villa,6,9,0.0,0.0,0.0,0.0,0.0,0.0,0.0,0.0,0.0,0.0,0.0,0.0,0.0,0.0,3.3,3.46,2.29,1.06,9.57,1.36,3.3,2.15,1.77,3.5,1.31,7.62,1.09,1.76,2.06,1-2 (1-0),1,2,1,0,-11,11,-22,,14,14,5,3,3,3,18,16,5,1,48,52, 8,48;75,,,,,,,,,,,,,,,0,0,0,0,0,0,0,0,0,0,0,0,0.0,0.0,1035,1003
England,Premier L,,,26,23/11/2025,1930,12,Arsenal,1,2,Tottenham,5,1,0.0,0.0,0.0,0.0,0.0,0.0,0.0,0.0,0.0,0.0,0.0,0.0,0.0,0.0,1.47,4.47,7.69,1.05,10.5,1.33,3.52,2.0,1.9,3.48,1.34,6.48,1.12,1.98,1.83,4-1 (2-0),4,1,2,0,5,2,3,,17,3,8,2,4,1,11,15,1,3,57,43,36;41;46;76,55,,,,,,,,,,,,,,,0,0,0,0,0,0,0,0,0,0,0,0,0.0,0.0,1018,1001
England,Premier L,,,26,24/11/2025,2300,12,Man Utd,8,7,Everton,13,12,0.0,0.0,0.0,0.0,0.0,0.0,0.0,0.0,0.0,0.0,0.0,0.0,0.0,0.0,1.9,3.87,4.08,1.04,11.6,1.27,4.05,1.85,2.06,3.07,1.41,5.53,1.15,1.72,2.12,0-1 (0-1),0,1,0,1,17,-15,32,,25,3,6,1,9,1,12,9,2,0,70,30,,29,,,,,,,,,,,,,,,0,0,0,0,0,0,0,0,0,0,0,0,0.0,0.0,1020,1017
England,Premier L,,,26,29/11/2025,1800,13,Brentford,13,6,Burnley,19,17,0.0,0.0,0.0,0.0,0.0,0.0,0.0,0.0,0.0,0.0,0.0,0.0,0.0,0.0,1.52,4.46,6.61,1.03,13.0,1.27,3.98,1.85,2.07,3.09,1.4,5.81,1.14,1.83,1.98,3-1 (0-0),3,1,0,0,4,-9,13,,14,6,4,2,5,6,7,7,0,2,52,48,81;86;90,85,,,,,,,,,,,,,,,0,0,0,0,0,0,0,0,0,0,0,0,0.0,0.0,1059,1030
England,Premier L,,,26,29/11/2025,1800,13,Man City,3,2,Leeds,18,18,0.0,0.0,0.0,0.0,0.0,0.0,0.0,0.0,0.0,0.0,0.0,0.0,0.0,0.0,1.22,7.5,13.5,1.02,25.0,1.14,6.0,1.42,2.91,2.09,1.79,3.37,1.34,1.9,1.9,3-2 (2-0),3,2,2,0,1,-12,13,,18,9,9,4,8,1,17,11,4,1,62,38, 1;25;90,49;68,,,,,,,,,,,,,,,0,0,0,0,0,0,0,0,0,0,0,0,0.0,0.0,1009,1035
England,Premier L,,,26,29/11/2025,1800,13,Sunderland,7,8,Bournemouth,8,14,0.0,0.0,0.0,0.0,0.0,0.0,0.0,0.0,0.0,0.0,0.0,0.0,0.0,0.0,3.29,3.43,2.31,1.07,9.0,1.32,3.6,2.02,1.89,3.52,1.33,6.8,1.11,1.72,2.12,3-2 (1-2),3,2,1,2,11,-14,25,,12,18,6,6,6,3,14,13,5,4,42,58,30;46;69, 7;15,,,,,,,,,,,,,,,0,0,0,0,0,0,0,0,0,0,0,0,0.0,0.0,1021,1063
England,Premier L,,,26,29/11/2025,2030,13,Everton,10,12,Newcastle,14,15,0.0,0.0,0.0,0.0,0.0,0.0,0.0,0.0,0.0,0.0,0.0,0.0,0.0,0.0,2.75,3.36,2.73,1.05,11.0,1.29,3.87,1.92,1.99,3.26,1.37,5.81,1.14,1.65,2.24,1-4 (0-3),1,4,0,3,-1,-12,11,,10,13,2,8,8,7,4,6,0,0,49,51,69, 1;25;45;58,,,,,,,,,,,,,,,0,0,0,0,0,0,0,0,0,0,0,0,0.0,0.0,1017,1016
England,Premier L,,,26,29/11/2025,2300,13,Tottenham,9,19,Fulham,15,19,0.0,0.0,0.0,0.0,0.0,0.0,0.0,0.0,0.0,0.0,0.0,0.0,0.0,0.0,2.4,3.44,3.12,1.05,11.0,1.26,3.97,1.86,2.05,3.14,1.38,5.81,1.14,1.6,2.34,1-2 (0-2),1,2,0,2,0,-2,2,,14,7,2,3,8,2,11,7,3,2,63,37,59, 4; 6,,,,,,,,,,,,,,,0,0,0,0,0,0,0,0,0,0,0,0,0.0,0.0,1001,1010
England,Premier L,,,26,30/11/2025,1500,13,C Palace,5,14,Man Utd,11,10,0.0,0.0,0.0,0.0,0.0,0.0,0.0,0.0,0.0,0.0,0.0,0.0,0.0,0.0,2.1,3.75,3.56,1.03,13.8,1.21,4.61,1.75,2.19,2.84,1.46,4.96,1.18,1.59,2.36,1-2 (1-0),1,2,1,0,2,2,0,,14,14,3,6,4,4,14,14,3,2,44,56,36,54;63,,,,,,,,,,,,,,,0,0,0,0,0,0,0,0,0,0,0,0,0.0,0.0,1012,1020
England,Premier L,,,26,30/11/2025,1705,13,Aston Villa,4,7,Wolves,20,20,0.0,0.0,0.0,0.0,0.0,0.0,0.0,0.0,0.0,0.0,0.0,0.0,0.0,0.0,1.47,4.65,7.25,1.03,13.7,1.27,3.84,1.82,2.07,3.04,1.4,5.53,1.15,1.83,1.98,1-0 (0-0),1,0,0,0,9,-13,22,,16,9,6,4,7,3,13,21,0,4,52,48,67,,,,,,,,,,,,,,,,0,0,0,0,0,0,0,0,0,0,0,0,0.0,0.0,1003,1031
England,Premier L,,,26,30/11/2025,1705,13,Nottingham,16,17,Brighton,6,11,0.0,0.0,0.0,0.0,0.0,0.0,0.0,0.0,0.0,0.0,0.0,0.0,0.0,0.0,2.95,3.35,2.57,1.05,10.5,1.29,3.83,1.98,1.92,3.3,1.36,6.02,1.14,1.68,2.18,0-2 (0-1),0,2,0,1,16,2,14,,19,17,3,6,9,2,11,10,0,1,52,48,,45;88,,,,,,,,,,,,,,,0,0,0,0,0,0,0,0,0,0,0,0,0.0,0.0,1037,1036
England,Premier L,,,26,30/11/2025,1705,13,West Ham,17,18,Liverpool,12,9,0.0,0.0,0.0,0.0,0.0,0.0,0.0,0.0,0.0,0.0,0.0,0.0,0.0,0.0,5.15,4.75,1.6,1.02,19.5,1.14,5.85,1.55,2.55,2.35,1.63,3.5,1.31,1.57,2.41,0-2 (0-0),0,2,0,0,18,-19,37,,7,9,0,5,7,2,12,14,3,0,44,56,,60;90,,,,,,,,,,,,,,,0,0,0,0,0,0,0,0,0,0,0,0,0.0,0.0,1022,1002
England,Premier L,,,26,30/11/2025,1930,13,Chelsea,2,13,Arsenal,1,3,0.0,0.0,0.0,0.0,0.0,0.0,0.0,0.0,0.0,0.0,0.0,0.0,0.0,0.0,3.19,3.17,2.51,1.06,9.57,1.34,3.37,2.11,1.78,3.58,1.31,6.83,1.11,1.69,2.17,1-1 (0-0),1,1,0,0,4,2,2,,11,8,4,4,3,3,12,13,1,6,38,62,48,59,,,,,,,,,,,,,,,0,0,0,0,0,0,0,0,0,0,0,0,0.0,0.0,1019,1018
England,Premier L,,,26,02/12/2025,2230,14,Bournemouth,9,6,Everton,14,7,0.0,0.0,0.0,0.0,0.0,0.0,0.0,0.0,0.0,0.0,0.0,0.0,0.0,0.0,2.26,3.4,3.43,1.02,8.3,1.3,3.77,1.95,1.95,3.34,1.36,5.5,1.08,1.7,2.05,0-1 (0-0),0,1,0,0,-21,3,-24,,5,13,2,3,1,6,14,14,3,3,55,45,,78,,,,,,,,,,,,,,,0,0,0,0,0,0,0,0,0,0,0,0,0.0,0.0,1063,1017
England,Premier L,,,26,02/12/2025,2230,14,Fulham,15,7,Man City,2,6,0.0,0.0,0.0,0.0,0.0,0.0,0.0,0.0,0.0,0.0,0.0,0.0,0.0,0.0,5.21,4.22,1.65,1.01,15.0,1.19,4.2,1.69,2.28,2.7,1.5,4.45,1.14,1.68,2.08,4-5 (1-3),4,5,1,3,4,2,2,,12,11,6,4,7,2,9,7,0,1,57,43,45;57;72;78,17;37;44;48;54,,,,,,,,,,,,,,,0,0,0,0,0,0,0,0,0,0,0,0,0.0,0.0,1010,1009
England,Premier L,,,26,02/12/2025,2315,14,Newcastle,11,10,Tottenham,10,2,0.0,0.0,0.0,0.0,0.0,0.0,0.0,0.0,0.0,0.0,0.0,0.0,0.0,0.0,1.85,3.89,4.3,1.03,13.0,1.23,4.33,1.72,2.22,2.77,1.48,5.26,1.17,1.6,2.34,2-2 (0-0),2,2,0,0,1,-14,15,,19,8,7,2,11,8,5,12,0,3,53,47,71;86,78;90,,,,,,,,,,,,,,,0,0,0,0,0,0,0,0,0,0,0,0,0.0,0.0,1016,1001
England,Premier L,,,26,03/12/2025,2230,14,Arsenal,1,2,Brentford,10,17,0.0,0.0,0.0,0.0,0.0,0.0,0.0,0.0,0.0,0.0,0.0,0.0,0.0,0.0,1.44,4.65,8.07,1.04,11.7,1.3,3.64,1.94,1.96,3.3,1.35,5.96,1.14,2.0,1.82,2-0 (1-0),2,0,1,0,0,1,-1,,15,6,7,1,4,8,7,9,0,1,62,38,11;90,,,,,,,,,,,,,,,,0,0,0,0,0,0,0,0,0,0,0,0,0.0,0.0,1018,1059
England,Premier L,,,26,03/12/2025,2230,14,Brighton,5,6,Aston Villa,4,8,0.0,0.0,0.0,0.0,0.0,0.0,0.0,0.0,0.0,0.0,0.0,0.0,0.0,0.0,2.31,3.45,3.27,1.05,11.0,1.28,3.9,1.91,2.0,3.2,1.38,5.81,1.14,1.6,2.34,3-4 (2-2),3,4,2,2,14,9,5,,16,14,7,10,5,6,10,9,2,2,56,44, 9;29;83,37;45;60;78,,,,,,,,,,,,,,,0,0,0,0,0,0,0,0,0,0,0,0,0.0,0.0,1036,1003
England,Premier L,,,26,03/12/2025,2230,14,Burnley,19,16,C Palace,9,4,0.0,0.0,0.0,0.0,0.0,0.0,0.0,0.0,0.0,0.0,0.0,0.0,0.0,0.0,5.05,3.77,1.76,1.07,9.0,1.4,3.12,2.22,1.72,3.44,1.33,8.08,1.09,2.02,1.8,0-1 (0-1),0,1,0,1,-16,-2,-14,,11,4,4,3,3,3,9,8,0,0,58,42,,44,,,,,,,,,,,,,,,0,0,0,0,0,0,0,0,0,0,0,0,0.0,0.0,1030,1012
England,Premier L,,,26,03/12/2025,2230,14,Wolves,20,20,Nottingham,16,14,0.0,0.0,0.0,0.0,0.0,0.0,0.0,0.0,0.0,0.0,0.0,0.0,0.0,0.0,3.17,3.32,2.44,1.09,8.0,1.37,3.25,2.18,1.75,3.54,1.29,8.08,1.09,1.76,2.06,0-1 (0-0),0,1,0,0,-9,19,-28,,5,10,1,3,3,9,19,11,2,2,50,50,,72,,,,,,,,,,,,,,,0,0,0,0,0,0,0,0,0,0,0,0,0.0,0.0,1031,1037
England,Premier L,,,26,03/12/2025,2315,14,Leeds,17,15,Chelsea,3,2,0.0,0.0,0.0,0.0,0.0,0.0,0.0,0.0,0.0,0.0,0.0,0.0,0.0,0.0,4.11,3.53,1.99,1.05,10.5,1.33,3.47,2.09,1.83,3.59,1.32,6.9,1.11,1.86,1.95,3-1 (2-0),3,1,2,0,-14,11,-25,,17,14,5,2,4,2,10,13,1,1,29,71, 6;43;72,50,,,,,,,,,,,,,,,0,0,0,0,0,0,0,0,0,0,0,0,0.0,0.0,1035,1019
England,Premier L,,,26,03/12/2025,2315,14,Liverpool,8,11,Sunderland,6,11,0.0,0.0,0.0,0.0,0.0,0.0,0.0,0.0,0.0,0.0,0.0,0.0,0.0,0.0,1.36,5.47,8.52,1.01,17.0,1.21,4.5,1.65,2.32,2.64,1.52,4.37,1.22,1.83,1.98,1-1 (0-0),1,1,0,0,-18,7,-25,,23,9,4,6,7,3,10,5,1,1,68,32,81,67,,,,,,,,,,,,,,,0,0,0,0,0,0,0,0,0,0,0,0,0.0,0.0,1002,1021
England,Premier L,,,26,04/12/2025,2300,14,Man Utd,7,9,West Ham,18,13,0.0,0.0,0.0,0.0,0.0,0.0,0.0,0.0,0.0,0.0,0.0,0.0,0.0,0.0,1.39,5.2,8.25,1.02,18.5,1.18,5.0,1.55,2.59,2.36,1.64,4.05,1.25,1.74,2.1,1-1 (0-0),1,1,0,0,0,13,-13,,17,11,4,3,6,6,13,9,2,2,65,35,58,83,,,,,,,,,,,,,,,0,0,0,0,0,0,0,0,0,0,0,0,0.0,0.0,1020,1022
England,Premier L,,,26,06/12/2025,1530,15,Aston Villa,3,4,Arsenal,1,2,0.0,0.0,0.0,0.0,0.0,0.0,0.0,0.0,0.0,0.0,0.0,0.0,0.0,0.0,4.5,3.54,1.93,1.06,9.57,1.35,3.39,2.1,1.81,3.71,1.3,7.62,1.09,1.87,1.94,2-1 (1-0),2,1,1,0,14,0,14,,15,15,6,9,3,3,10,8,0,2,47,53,36;90,52,,,,,,,,,,,,,,,0,0,0,0,0,0,0,0,0,0,0,0,0.0,0.0,1003,1018
England,Premier L,,,26,06/12/2025,1800,15,Bournemouth,14,7,Chelsea,4,3,0.0,0.0,0.0,0.0,0.0,0.0,0.0,0.0,0.0,0.0,0.0,0.0,0.0,0.0,3.38,3.85,2.12,1.02,17.0,1.18,5.0,1.64,2.38,2.56,1.56,4.37,1.22,1.49,2.64,0-0 (0-0),0,0,0,0,-23,-1,-22,,13,11,5,4,5,0,15,13,0,2,39,61,,,,,,,,,,,,,,,,,0,0,0,0,0,0,0,0,0,0,0,0,0.0,0.0,1063,1019
England,Premier L,,,26,06/12/2025,1800,15,Everton,10,14,Nottingham,16,11,0.0,0.0,0.0,0.0,0.0,0.0,0.0,0.0,0.0,0.0,0.0,0.0,0.0,0.0,2.12,3.37,3.84,1.07,9.0,1.36,3.34,2.13,1.78,3.71,1.29,7.24,1.1,1.83,1.98,3-0 (2-0),3,0,2,0,3,17,-14,,11,7,5,3,6,3,17,15,4,3,41,59, 2;45;80,,,,,,,,,,,,,,,,0,0,0,0,0,0,0,0,0,0,0,0,0.0,0.0,1017,1037
England,Premier L,,,26,06/12/2025,1800,15,Man City,2,2,Sunderland,6,12,0.0,0.0,0.0,0.0,0.0,0.0,0.0,0.0,0.0,0.0,0.0,0.0,0.0,0.0,1.27,6.45,11.0,1.01,20.0,1.14,5.79,1.45,2.77,2.17,1.73,3.53,1.31,1.83,1.98,3-0 (2-0),3,0,2,0,0,10,-10,,18,8,6,1,6,5,9,10,1,0,64,36,31;35;65,,,,,,,,,,,,,,,,0,0,0,0,0,0,0,0,0,0,0,0,0.0,0.0,1009,1021
England,Premier L,,,26,06/12/2025,1800,15,Newcastle,12,9,Burnley,19,18,0.0,0.0,0.0,0.0,0.0,0.0,0.0,0.0,0.0,0.0,0.0,0.0,0.0,0.0,1.33,5.75,9.25,1.02,18.5,1.18,5.0,1.58,2.46,2.46,1.58,4.37,1.22,1.99,1.75,2-1 (2-0),2,1,2,0,14,-16,30,,17,9,7,3,9,9,9,11,2,2,69,31,31;45,90,,,,,,,,,,,,,,,0,0,0,0,0,0,0,0,0,0,0,0,0.0,0.0,1016,1030
England,Premier L,,,26,06/12/2025,1800,15,Tottenham,11,19,Brentford,13,17,0.0,0.0,0.0,0.0,0.0,0.0,0.0,0.0,0.0,0.0,0.0,0.0,0.0,0.0,2.5,3.44,2.98,1.06,10.0,1.3,3.63,2.02,1.88,3.35,1.34,6.8,1.11,1.68,2.18,2-0 (2-0),2,0,2,0,-9,2,-11,,15,4,7,1,7,6,8,9,3,4,53,47,25;43,,,,,,,,,,,,,,,,0,0,0,0,0,0,0,0,0,0,0,0,0.0,0.0,1001,1059
England,Premier L,,,26,06/12/2025,2030,15,Leeds,17,13,Liverpool,8,8,0.0,0.0,0.0,0.0,0.0,0.0,0.0,0.0,0.0,0.0,0.0,0.0,0.0,0.0,4.58,4.07,1.76,1.03,13.7,1.27,3.94,1.79,2.11,2.98,1.41,5.01,1.18,1.68,2.18,3-3 (0-0),3,3,0,0,-1,-20,19,,12,16,5,7,5,4,14,14,3,3,45,55,73;75;90,48;50;80,,,,,,,,,,,,,,,0,0,0,0,0,0,0,0,0,0,0,0,0.0,0.0,1035,1002
England,Premier L,,,26,07/12/2025,1700,15,Brighton,7,6,West Ham,18,14,0.0,0.0,0.0,0.0,0.0,0.0,0.0,0.0,0.0,0.0,0.0,0.0,0.0,0.0,1.63,4.35,5.35,1.02,15.8,1.2,4.74,1.61,2.41,2.56,1.55,4.16,1.24,1.59,2.36,1-1 (0-0),1,1,0,0,8,2,6,,22,14,4,5,10,6,12,8,2,2,68,32,90,73,,,,,,,,,,,,,,,0,0,0,0,0,0,0,0,0,0,0,0,0.0,0.0,1036,1022
England,Premier L,,,26,07/12/2025,1930,15,Fulham,15,8,C Palace,5,4,0.0,0.0,0.0,0.0,0.0,0.0,0.0,0.0,0.0,0.0,0.0,0.0,0.0,0.0,2.53,3.4,2.96,1.06,10.0,1.31,3.66,2.01,1.9,3.53,1.33,6.8,1.11,1.67,2.21,1-2 (1-1),1,2,1,1,4,-5,9,,12,11,4,5,6,4,5,8,0,0,63,37,38,20;87,,,,,,,,,,,,,,,0,0,0,0,0,0,0,0,0,0,0,0,0.0,0.0,1010,1012
England,Premier L,,,26,08/12/2025,2300,15,Wolves,20,20,Man Utd,8,9,0.0,0.0,0.0,0.0,0.0,0.0,0.0,0.0,0.0,0.0,0.0,0.0,0.0,0.0,5.35,4.2,1.65,1.03,13.7,1.21,4.56,1.75,2.17,2.81,1.46,5.01,1.18,1.8,2.02,1-4 (1-1),1,4,1,1,-9,0,-9,,8,27,2,10,1,9,17,12,3,2,37,63,45,25;51;62;82,,,,,,,,,,,,,,,0,0,0,0,0,0,0,0,0,0,0,0,0.0,0.0,1031,1020
England,Premier L,,,26,13/12/2025,1800,16,Chelsea,5,14,Everton,7,8,0.0,0.0,0.0,0.0,0.0,0.0,0.0,0.0,0.0,0.0,0.0,0.0,0.0,0.0,1.75,3.95,4.78,1.05,11.0,1.28,3.96,1.87,2.04,3.15,1.39,5.25,1.09,1.78,1.95,2-0 (2-0),2,0,2,0,-9,3,-12,,16,3,2,2,8,0,7,15,0,4,69,31,21;45,,,,,,,,,,,,,,,,0,0,0,0,0,0,0,0,0,0,0,0,0.0,0.0,1019,1017
England,Premier L,,,26,13/12/2025,1800,16,Liverpool,10,12,Brighton,8,10,0.0,0.0,0.0,0.0,0.0,0.0,0.0,0.0,0.0,0.0,0.0,0.0,0.0,0.0,1.79,4.06,4.42,1.01,16.5,1.13,4.5,1.67,2.32,2.63,1.53,4.4,1.17,1.59,2.24,2-0 (1-0),2,0,1,0,-12,0,-12,,18,14,4,1,2,2,8,15,1,2,49,51, 1;60,,,,,,,,,,,,,,,,0,0,0,0,0,0,0,0,0,0,0,0,0.0,0.0,1002,1036
England,Premier L,,,26,13/12/2025,2030,16,Burnley,19,17,Fulham,15,16,0.0,0.0,0.0,0.0,0.0,0.0,0.0,0.0,0.0,0.0,0.0,0.0,0.0,0.0,3.98,3.41,2.07,1.02,7.8,1.37,3.28,2.17,1.76,3.67,1.3,6.55,1.05,1.85,1.87,2-3 (1-2),2,3,1,2,-12,2,-14,,16,3,2,2,8,0,7,15,0,4,69,31,21;86, 9;31;58,,,,,,,,,,,,,,,0,0,0,0,0,0,0,0,0,0,0,0,0.0,0.0,1030,1010
England,Premier L,,,26,13/12/2025,2300,16,Arsenal,1,2,Wolves,20,20,0.0,0.0,0.0,0.0,0.0,0.0,0.0,0.0,0.0,0.0,0.0,0.0,0.0,0.0,1.13,8.69,21.86,1.02,17.5,1.1,5.05,1.53,2.55,2.34,1.61,3.76,1.22,2.65,1.43,2-1 (0-0),2,1,0,0,-1,-12,11,,16,3,2,2,8,0,7,15,0,4,69,31,70;90,90,,,,,,,,,,,,,,,0,0,0,0,0,0,0,0,0,0,0,0,0.0,0.0,1018,1031
England,Premier L,,,26,14/12/2025,1700,16,C Palace,4,15,Man City,2,7,0.0,0.0,0.0,0.0,0.0,0.0,0.0,0.0,0.0,0.0,0.0,0.0,0.0,0.0,4.23,3.82,1.9,1.03,13.8,1.21,4.61,1.75,2.17,2.83,1.47,4.96,1.18,1.65,2.24,0-3 (0-1),0,3,0,1,0,0,0,,16,8,4,6,2,2,9,6,2,0,39,61,,41;69;89,,,,,,,,,,,,,,,0,0,0,0,0,0,0,0,0,0,0,0,0.0,0.0,1012,1009
England,Premier L,,,26,14/12/2025,1700,16,Nottingham,17,18,Tottenham,11,3,0.0,0.0,0.0,0.0,0.0,0.0,0.0,0.0,0.0,0.0,0.0,0.0,0.0,0.0,2.75,3.35,2.74,1.05,10.5,1.31,3.66,1.99,1.92,3.56,1.32,6.02,1.14,1.65,2.24,3-0 (1-0),3,0,1,0,3,-1,4,,15,6,6,1,3,3,9,13,1,3,48,52,28;50;79,,,,,,,,,,,,,,,,0,0,0,0,0,0,0,0,0,0,0,0,0.0,0.0,1037,1001
England,Premier L,,,26,14/12/2025,1700,16,Sunderland,9,6,Newcastle,12,14,0.0,0.0,0.0,0.0,0.0,0.0,0.0,0.0,0.0,0.0,0.0,0.0,0.0,0.0,3.61,3.43,2.18,1.05,11.0,1.3,3.76,1.95,1.95,3.35,1.35,6.32,1.13,1.68,2.18,1-0 (0-0),1,0,0,0,9,15,-6,,5,6,1,2,3,6,10,10,5,4,47,53,46,,,,,,,,,,,,,,,,0,0,0,0,0,0,0,0,0,0,0,0,0.0,0.0,1021,1016
England,Premier L,,,26,14/12/2025,1700,16,West Ham,18,19,Aston Villa,3,6,0.0,0.0,0.0,0.0,0.0,0.0,0.0,0.0,0.0,0.0,0.0,0.0,0.0,0.0,3.35,3.57,2.23,1.05,11.0,1.27,4.06,1.81,2.09,3.03,1.41,5.26,1.17,1.6,2.34,2-3 (2-1),2,3,2,1,2,14,-12,,10,7,3,4,5,3,18,13,1,2,41,59, 1;24, 9;50;79,,,,,,,,,,,,,,,0,0,0,0,0,0,0,0,0,0,0,0,0.0,0.0,1022,1003
England,Premier L,,,26,14/12/2025,1930,16,Brentford,14,4,Leeds,16,19,0.0,0.0,0.0,0.0,0.0,0.0,0.0,0.0,0.0,0.0,0.0,0.0,0.0,0.0,2.23,3.33,3.59,1.08,8.51,1.38,3.22,2.2,1.74,3.4,1.34,7.62,1.09,1.81,2.0,1-1 (0-0),1,1,0,0,-7,10,-17,,7,18,2,4,0,3,8,9,0,0,57,43,70,82,,,,,,,,,,,,,,,0,0,0,0,0,0,0,0,0,0,0,0,0.0,0.0,1059,1035
England,Premier L,,,26,15/12/2025,2300,16,Man Utd,6,11,Bournemouth,13,15,0.0,0.0,0.0,0.0,0.0,0.0,0.0,0.0,0.0,0.0,0.0,0.0,0.0,0.0,1.81,4.15,4.2,1.01,15.0,1.14,5.79,1.49,2.7,2.23,1.71,3.53,1.31,1.49,2.64,4-4 (2-1),4,4,2,1,5,-19,24,,25,15,9,9,5,4,15,12,2,3,57,43,13;45;77;79,40;46;52;84,,,,,,,,,,,,,,,0,0,0,0,0,0,0,0,0,0,0,0,0.0,0.0,1020,1063
England,Premier L,,,26,20/12/2025,1530,17,Newcastle,12,6,Chelsea,4,2,0.0,0.0,0.0,0.0,0.0,0.0,0.0,0.0,0.0,0.0,0.0,0.0,0.0,0.0,2.87,3.55,2.52,1.02,16.0,1.19,4.79,1.7,2.27,2.67,1.51,4.41,1.22,1.51,2.55,2-2 (2-0),2,2,2,0,1,-9,10,,11,13,5,4,6,4,13,14,3,6,47,53, 4;20,49;66,,,,,,,,,,,,,,,0,0,0,0,0,0,0,0,0,0,0,0,0.0,0.0,1016,1019
England,Premier L,,,26,20/12/2025,1800,17,Bournemouth,13,9,Burnley,19,19,0.0,0.0,0.0,0.0,0.0,0.0,0.0,0.0,0.0,0.0,0.0,0.0,0.0,0.0,1.48,4.8,6.95,1.02,16.0,1.2,4.72,1.59,2.48,2.48,1.59,4.65,1.2,1.68,2.18,1-1 (0-0),1,1,0,0,-12,-12,0,,16,4,1,1,5,3,11,11,1,1,66,34,67,90,,,,,,,,,,,,,,,0,0,0,0,0,0,0,0,0,0,0,0,0.0,0.0,1063,1030
England,Premier L,,,26,20/12/2025,1800,17,Brighton,10,8,Sunderland,8,12,0.0,0.0,0.0,0.0,0.0,0.0,0.0,0.0,0.0,0.0,0.0,0.0,0.0,0.0,1.88,3.63,4.64,1.04,11.6,1.28,3.85,1.91,2.0,3.17,1.38,6.02,1.14,1.76,2.06,0-0 (0-0),0,0,0,0,-10,13,-23,,16,14,4,6,3,4,11,15,2,2,57,43,,,,,,,,,,,,,,,,,0,0,0,0,0,0,0,0,0,0,0,0,0.0,0.0,1036,1021
England,Premier L,,,26,20/12/2025,1800,17,Man City,2,2,West Ham,18,13,0.0,0.0,0.0,0.0,0.0,0.0,0.0,0.0,0.0,0.0,0.0,0.0,0.0,0.0,1.19,8.25,14.0,1.02,19.0,1.1,7.37,1.34,3.31,1.92,1.97,3.09,1.38,1.76,2.06,3-0 (2-0),3,0,2,0,12,0,12,,17,7,8,3,6,0,16,10,1,1,66,34, 5;38;69,,,,,,,,,,,,,,,,0,0,0,0,0,0,0,0,0,0,0,0,0.0,0.0,1009,1022
England,Premier L,,,26,20/12/2025,1800,17,Wolves,20,20,Brentford,14,18,0.0,0.0,0.0,0.0,0.0,0.0,0.0,0.0,0.0,0.0,0.0,0.0,0.0,0.0,3.47,3.48,2.21,1.06,10.0,1.33,3.5,2.05,1.86,3.61,1.32,6.8,1.11,1.72,2.12,0-2 (0-0),0,2,0,0,-12,-10,-2,,9,7,2,6,3,4,12,15,2,4,43,57,,63;83,,,,,,,,,,,,,,,0,0,0,0,0,0,0,0,0,0,0,0,0.0,0.0,1031,1059
England,Premier L,,,26,20/12/2025,2030,17,Tottenham,11,17,Liverpool,7,8,0.0,0.0,0.0,0.0,0.0,0.0,0.0,0.0,0.0,0.0,0.0,0.0,0.0,0.0,3.71,3.68,2.05,1.03,13.8,1.25,4.16,1.83,2.05,2.99,1.41,5.48,1.16,1.64,2.26,1-2 (0-0),1,2,0,0,0,1,-1,,15,8,4,4,2,6,9,7,5,3,35,65,83,56;66,,,,,,,,,,,,,,,0,0,0,0,0,0,0,0,0,0,0,0,0.0,0.0,1001,1002
England,Premier L,,,26,20/12/2025,2300,17,Everton,9,12,Arsenal,1,4,0.0,0.0,0.0,0.0,0.0,0.0,0.0,0.0,0.0,0.0,0.0,0.0,0.0,0.0,6.65,4.2,1.56,1.04,11.6,1.33,3.51,2.03,1.88,3.6,1.32,6.48,1.12,1.96,1.85,0-1 (0-1),0,1,0,1,1,-4,5,,5,13,1,2,2,3,4,5,2,2,35,65,,27,,,,,,,,,,,,,,,0,0,0,0,0,0,0,0,0,0,0,0,0.0,0.0,1017,1018
England,Premier L,,,26,20/12/2025,2300,17,Leeds,17,14,C Palace,5,1,0.0,0.0,0.0,0.0,0.0,0.0,0.0,0.0,0.0,0.0,0.0,0.0,0.0,0.0,2.93,3.11,2.74,1.1,7.37,1.47,2.85,2.53,1.57,4.45,1.22,9.03,1.07,1.94,1.86,4-1 (2-0),4,1,2,0,15,-5,20,,20,9,8,3,9,5,5,10,1,3,53,47,38;45;60;90,90,,,,,,,,,,,,,,,0,0,0,0,0,0,0,0,0,0,0,0,0.0,0.0,1035,1012
England,Premier L,,,26,21/12/2025,1930,17,Aston Villa,3,3,Man Utd,6,7,0.0,0.0,0.0,0.0,0.0,0.0,0.0,0.0,0.0,0.0,0.0,0.0,0.0,0.0,2.04,3.75,3.76,1.04,13.0,1.2,4.5,1.64,2.33,2.57,1.54,4.5,1.2,1.57,2.25,2-1 (1-1),2,1,1,1,15,7,8,,12,15,4,6,5,5,11,14,1,2,43,57,45;57,45,,,,,,,,,,,,,,,0,0,0,0,0,0,0,0,0,0,0,0,0.0,0.0,1003,1020
England,Premier L,,,26,22/12/2025,2300,17,Fulham,15,13,Nottingham,16,11,0.0,0.0,0.0,0.0,0.0,0.0,0.0,0.0,0.0,0.0,0.0,0.0,0.0,0.0,2.66,3.35,2.83,1.06,10.0,1.3,3.74,1.94,1.96,3.42,1.34,6.5,1.11,1.7,2.05,1-0 (1-0),1,0,1,0,0,-1,1,,11,12,1,2,1,5,5,9,5,4,49,51,45,,,,,,,,,,,,,,,,0,0,0,0,0,0,0,0,0,0,0,0,0.0,0.0,1010,1037
England,Premier L,,,26,26/12/2025,2300,18,Man Utd,7,13,Newcastle,11,15,0.0,0.0,0.0,0.0,0.0,0.0,0.0,0.0,0.0,0.0,0.0,0.0,0.0,0.0,2.54,3.65,2.74,1.01,16.5,1.16,4.5,1.64,2.34,2.57,1.55,4.45,1.14,1.5,2.45,,0,0,0,0,0,-9,9,,0,0,0,0,0,0,0,0,0,0,0,0,,,,,,,,,,,,,,,,,0,0,0,0,0,0,0,0,0,0,0,0,0.0,0.0,1020,1016
