league,sezonul,datamecic,etapa,txtechipa1,place1,txtechipa2,place2,cotaa,cotae,cotad,cotao0,cotau0,cotao1,cotau1,cotao,cotau,cotao3,cotau3,cotao4,cotau4,gg,ng,result,goalsh,goalsa,goalsha,elohomeo,eloawayo,elodiff,formah,formaa,scor1,scor2,scorp1,scorp2
"England-Premier L","26","15/08/25","01","Liverpool","12 (12)","Bournemouth","3 (3)",1.310,6.400,8.860,1.010,26.000,1.110,6.500,1.380,3.160,2.000,1.900,3.220,1.360,1.680,2.270,"4-2 (1-0)","37,49,88,90","64,76","H37,H49,A64,A76,H88,H90",1950,1758,192,0,0,4,2,1,0
"England-Premier L","26","16/08/25","01","Aston Villa","2 (2)","Newcastle","15 (15)",2.260,3.690,3.130,1.020,15.000,1.170,4.500,1.640,2.340,2.560,1.550,4.500,1.170,1.530,2.580,"0-0 (0-0)","","","",1831,1812,19,0,0,0,0,0,0
"England-Premier L","26","16/08/25","01","Brighton","5 (5)","Fulham","10 (10)",1.980,3.650,3.910,1.030,13.000,1.190,4.330,1.770,2.140,2.840,1.450,5.000,1.130,1.700,2.210,"1-1 (0-0)","55","90","H55,A90",1806,1703,103,0,0,1,1,0,0
"England-Premier L","26","16/08/25","01","Sunderland","17 (17)","West Ham","19 (19)",3.330,3.430,2.270,1.060,10.000,1.300,3.700,2.010,1.880,3.330,1.350,6.500,1.110,1.760,2.120,"3-0 (0-0)","61,73,90","","H61,H73,H90",1342,1648,-306,0,0,3,0,0,0
"England-Premier L","26","16/08/25","01","Tottenham","18 (18)","Burnley","6 (6)",1.430,4.500,8.400,1.040,13.000,1.220,4.330,1.780,2.120,2.900,1.440,5.000,1.170,2.010,1.850,"3-0 (1-0)","10,60,66","","H10,H60,H66",1587,1677,-90,0,0,3,0,1,0
"England-Premier L","26","16/08/25","01","Wolves","20 (20)","Man City","13 (13)",6.850,5.020,1.440,1.030,15.000,1.200,4.500,1.640,2.340,2.630,1.520,4.500,1.200,1.810,2.050,"0-4 (0-2)","","34,37,61,81","A34,A37,A61,A81",1662,1947,-285,0,0,0,4,0,2
"England-Premier L","26","17/08/25","01","Chelsea","8 (8)","C Palace","7 (7)",1.750,4.100,4.670,1.040,13.000,1.220,4.330,1.740,2.180,2.800,1.460,5.000,1.170,1.680,2.270,"0-0 (0-0)","","","",1847,1819,28,0,0,0,0,0,0
"England-Premier L","26","17/08/25","01","Nottingham","16 (16)","Brentford","4 (4)",2.180,3.370,3.660,1.060,10.000,1.340,3.460,2.090,1.810,3.440,1.330,6.500,1.110,1.850,2.020,"3-1 (3-0)","05,42,45","78","H05,H42,H45,A78",1753,1767,-14,0,0,3,1,3,0
"England-Premier L","26","17/08/25","01","Man Utd","14 (14)","Arsenal","1 (1)",3.840,3.710,2.000,1.040,13.000,1.290,3.820,1.740,2.180,2.770,1.470,5.000,1.170,1.650,2.330,"0-1 (0-1)","","13","A13",1634,1934,-300,0,0,0,1,0,1
"England-Premier L","26","18/08/25","01","Leeds","11 (12)","Everton","9 (8)",2.290,3.450,3.270,1.060,9.500,1.320,3.510,2.060,1.840,3.650,1.300,7.000,1.100,1.800,2.070,"1-0 (0-0)","84","","H84",1659,1771,-112,0,0,1,0,0,0
"England-Premier L","26","22/08/25","02","West Ham","19 (18)","Chelsea","11 (8)",5.190,4.120,1.680,1.040,13.000,1.220,4.330,1.730,2.190,2.810,1.470,5.000,1.170,1.750,2.120,"1-5 (1-3)","06","15,23,34,54,58","H06,A15,A23,A34,A54,A58",1594,1839,-245,0,0,1,5,1,3
"England-Premier L","26","23/08/25","02","Arsenal","6 (9)","Leeds","7 (9)",1.280,6.260,9.830,1.030,17.000,1.170,5.000,1.600,2.420,2.470,1.570,4.330,1.220,2.050,1.790,"5-0 (2-0)","34,45,48,56,90","","H34,H45,H48,H56,H90",1943,1679,264,0,0,5,0,2,0
"England-Premier L","26","23/08/25","02","Bournemouth","16 (10)","Wolves","20 (15)",1.780,3.990,4.490,1.040,13.000,1.220,4.330,1.790,2.100,2.930,1.430,5.000,1.170,1.710,2.160,"1-0 (1-0)","04","","H04",1748,1641,107,0,0,1,0,1,0
"England-Premier L","26","23/08/25","02","Brentford","17 (11)","Aston Villa","8 (6)",3.260,3.570,2.240,1.050,11.000,1.250,4.160,1.820,2.060,3.000,1.410,5.500,1.140,1.640,2.290,"1-0 (1-0)","12","","H12",1744,1824,-80,0,0,1,0,1,0
"England-Premier L","26","23/08/25","02","Burnley","18 (12)","Sunderland","2 (13)",2.340,3.170,3.440,1.100,7.000,1.480,2.760,2.540,1.560,4.500,1.200,10.000,1.060,2.070,1.780,"2-0 (0-0)","47,88","","H47,H88",1643,1395,248,0,0,2,0,0,0
"England-Premier L","26","23/08/25","02","Man City","1 (16)","Tottenham","3 (14)",1.500,4.910,5.950,1.020,21.000,1.140,5.500,1.500,2.690,2.260,1.680,3.750,1.290,1.570,2.420,"0-2 (0-2)","","35,45","A35,A45",1967,1620,347,0,0,0,2,0,2
"England-Premier L","26","24/08/25","02","C Palace","10 (13)","Nottingham","5 (12)",2.440,3.270,3.160,1.080,8.000,1.360,3.260,2.200,1.730,3.530,1.310,8.000,1.080,1.930,1.930,"1-1 (1-0)","37","57","H37,A57",1826,1775,51,0,0,1,1,1,0
"England-Premier L","26","24/08/25","02","Everton","14 (14)","Brighton","9 (7)",3.160,3.400,2.370,1.070,8.500,1.330,3.460,2.080,1.810,3.560,1.320,8.000,1.080,1.860,1.980,"2-0 (1-0)","23,52","","H23,H52",1750,1795,-45,0,0,2,0,1,0
"England-Premier L","26","24/08/25","02","Fulham","12 (15)","Man Utd","15 (11)",3.400,3.680,2.140,1.040,12.000,1.260,4.040,1.820,2.070,3.020,1.410,5.500,1.140,1.660,2.250,"1-1 (0-0)","73","58","A58,H73",1713,1624,89,0,0,1,1,0,0
"England-Premier L","26","25/08/25","02","Newcastle","13 (17)","Liverpool","5 (10)",2.970,3.740,2.360,1.030,15.000,1.170,5.000,1.600,2.420,2.440,1.590,4.330,1.220,1.490,2.700,"2-3 (0-1)","57,88","35,46,90","A35,A46,H57,H88,A90",1818,1959,-141,0,0,2,3,0,1
"England-Premier L","26","30/08/25","03","Chelsea","4 (15)","Fulham","14 (6)",1.670,3.970,5.490,1.050,11.000,1.250,4.000,1.780,2.130,2.880,1.450,5.500,1.140,1.820,2.050,"2-0 (1-0)","45,56","","H45,H56",1863,1703,160,0,0,2,0,1,0
"England-Premier L","26","30/08/25","03","Leeds","12 (10)","Newcastle","17 (10)",3.250,3.500,2.300,1.060,10.000,1.290,3.840,1.930,1.970,3.290,1.370,6.000,1.130,1.700,2.200,"0-0 (0-0)","","","",1670,1800,-130,0,0,0,0,0,0
"England-Premier L","26","30/08/25","03","Man Utd","16 (17)","Burnley","11 (18)",1.400,5.110,7.980,1.020,15.000,1.170,4.500,1.630,2.390,2.600,1.550,4.500,1.170,1.890,1.970,"3-2 (1-0)","27,57,90","55,66","H27,A55,H57,A66,H90",1633,1650,-17,0,0,3,2,1,0
"England-Premier L","26","30/08/25","03","Sunderland","8 (2)","Brentford","10 (15)",3.080,3.290,2.500,1.070,9.000,1.360,3.340,2.150,1.780,3.450,1.330,7.000,1.100,1.840,2.020,"2-1 (0-0)","82,90","77","A77,H82,H90",1387,1762,-375,0,0,2,1,0,0
"England-Premier L","26","30/08/25","03","Tottenham","2 (3)","Bournemouth","9 (14)",1.970,3.710,3.970,1.030,15.000,1.200,4.500,1.680,2.310,2.600,1.530,4.500,1.200,1.570,2.460,"0-1 (0-1)","","05","A05",1675,1757,-82,0,0,0,1,0,1
"England-Premier L","26","30/08/25","03","Wolves","19 (20)","Everton","7 (12)",3.210,3.200,2.480,1.100,7.000,1.470,2.860,2.490,1.590,4.500,1.200,10.000,1.060,2.030,1.830,"2-3 (1-2)","21,79","07,33,55","A07,H21,A33,A55,H79",1631,1775,-144,0,0,2,3,1,2
"England-Premier L","26","31/08/25","03","Aston Villa","15 (14)","C Palace","13 (9)",2.030,3.510,3.980,1.040,13.000,1.320,3.560,2.040,1.880,3.510,1.330,5.500,1.140,1.700,2.210,"0-3 (0-1)","","21,68,78","A21,A68,A78",1805,1817,-12,0,0,0,3,0,1
"England-Premier L","26","31/08/25","03","Brighton","18 (11)","Man City","6 (2)",3.770,3.790,2.000,1.030,15.000,1.170,5.000,1.540,2.580,2.320,1.650,4.330,1.220,1.530,2.570,"2-1 (0-1)","67,89","34","A34,H67,H89",1769,1911,-142,0,0,2,1,0,1
"England-Premier L","26","31/08/25","03","Liverpool","3 (4)","Arsenal","1 (5)",2.400,3.530,3.050,1.050,11.000,1.280,3.890,1.740,2.190,2.750,1.470,5.000,1.170,1.610,2.380,"1-0 (0-0)","83","","H83",1976,1951,25,0,0,1,0,0,0
"England-Premier L","26","31/08/25","03","Nottingham","5 (5)","West Ham","20 (19)",1.690,4.000,5.170,1.040,13.000,1.310,3.580,1.810,2.080,3.070,1.410,5.000,1.170,1.780,2.100,"0-3 (0-0)","","84,88,90","A84,A88,A90",1783,1569,214,0,0,0,3,0,0
"England-Premier L","26","13/09/25","04","Arsenal","3 (6)","Nottingham","11 (12)",1.370,5.370,8.330,1.040,13.000,1.220,4.330,1.680,2.270,2.700,1.490,5.000,1.170,1.980,1.870,"3-0 (1-0)","32,46,79","","H32,H46,H79",1937,1722,215,0,0,3,0,1,0
"England-Premier L","26","13/09/25","04","Bournemouth","7 (10)","Brighton","10 (16)",2.390,3.580,2.980,1.040,13.000,1.220,4.330,1.700,2.240,2.700,1.490,5.000,1.170,1.560,2.450,"2-1 (1-0)","18,61","48","H18,A48,H61",1778,1791,-13,0,0,2,1,1,0
"England-Premier L","26","13/09/25","04","Brentford","14 (11)","Chelsea","2 (2)",4.490,3.850,1.810,1.040,13.000,1.220,4.330,1.740,2.170,2.840,1.450,5.000,1.170,1.680,2.220,"2-2 (1-0)","35,90","61,85","H35,A61,A85,H90",1728,1873,-145,0,0,2,2,1,0
"England-Premier L","26","13/09/25","04","C Palace","8 (14)","Sunderland","6 (17)",1.700,3.750,5.530,1.070,9.000,1.360,3.290,2.210,1.720,3.430,1.330,8.000,1.080,2.030,1.810,"0-0 (0-0)","","","",1860,1420,440,0,0,0,0,0,0
"England-Premier L","26","13/09/25","04","Everton","5 (9)","Aston Villa","19 (14)",2.430,3.450,3.020,1.060,10.000,1.310,3.630,2.000,1.890,3.470,1.330,6.500,1.110,1.740,2.120,"0-0 (0-0)","","","",1792,1761,31,0,0,0,0,0,0
"England-Premier L","26","13/09/25","04","Fulham","18 (15)","Leeds","12 (20)",1.970,3.550,4.090,1.060,10.000,1.320,3.540,2.070,1.830,3.450,1.330,7.000,1.100,1.860,1.980,"1-0 (0-0)","90","","H90",1692,1671,21,0,0,1,0,0,0
"England-Premier L","26","13/09/25","04","Newcastle","17 (17)","Wolves","20 (15)",1.400,5.070,7.770,1.040,13.000,1.250,4.000,1.760,2.130,2.920,1.430,5.000,1.170,1.990,1.850,"1-0 (1-0)","29","","H29",1798,1613,185,0,0,1,0,1,0
"England-Premier L","26","13/09/25","04","West Ham","16 (19)","Tottenham","4 (4)",3.580,3.630,2.090,1.050,11.000,1.250,3.900,1.810,2.080,2.970,1.420,5.500,1.140,1.670,2.230,"0-3 (0-0)","","47,57,64","A47,A57,A64",1629,1653,-24,0,0,0,3,0,0
"England-Premier L","26","14/09/25","04","Burnley","15 (8)","Liverpool","1 (5)",9.500,5.700,1.330,1.020,19.000,1.170,5.000,1.530,2.610,2.320,1.650,4.000,1.250,1.890,1.970,"0-1 (0-0)","","90","A90",1634,1989,-355,0,0,0,1,0,0
"England-Premier L","26","14/09/25","04","Man City","13 (18)","Man Utd","9 (11)",1.770,4.050,4.530,1.030,15.000,1.170,5.000,1.590,2.490,2.430,1.610,4.330,1.220,1.570,2.460,"3-0 (1-0)","18,53,68","","H18,H53,H68",1888,1648,240,0,0,3,0,1,0
"England-Premier L","26","20/09/25","05","Brighton","13 (8)","Tottenham","3 (1)",2.280,3.740,3.100,1.030,13.700,1.210,4.560,1.670,2.330,2.670,1.510,4.450,1.220,1.600,2.460,"2-2 (2-1)","08,31","43,82","H08,H31,A43,A82",1775,1695,80,0,0,2,2,2,1
"England-Premier L","26","20/09/25","05","Burnley","17 (13)","Nottingham","15 (15)",3.460,3.370,2.260,1.070,9.000,1.340,3.470,2.090,1.810,3.430,1.330,8.080,1.090,1.820,2.060,"1-1 (1-1)","20","02","A02,H20",1626,1712,-86,0,0,1,1,1,1
"England-Premier L","26","20/09/25","05","Fulham","11 (9)","Brentford","12 (17)",2.110,3.440,3.790,1.010,9.000,1.330,3.520,2.060,1.850,3.590,1.320,6.250,1.070,1.810,2.090,"3-1 (2-1)","38,40,50","20","A20,H38,H40,H50",1705,1730,-25,0,0,3,1,2,1
"England-Premier L","26","20/09/25","05","Liverpool","1 (3)","Everton","6 (6)",1.540,4.400,6.500,1.030,13.700,1.240,4.210,1.730,2.200,2.800,1.460,5.010,1.180,1.860,2.020,"2-1 (2-0)","10,29","58","H10,H29,A58",1996,1784,212,0,0,2,1,2,0
"England-Premier L","26","20/09/25","05","Man Utd","14 (14)","Chelsea","5 (3)",2.710,3.690,2.580,1.020,14.500,1.170,5.320,1.590,2.440,2.430,1.600,4.120,1.250,1.510,2.690,"2-1 (2-0)","14,37","80","H14,H37,A80",1639,1870,-231,0,0,2,1,2,0
"England-Premier L","26","20/09/25","05","West Ham","18 (20)","C Palace","9 (4)",3.260,3.400,2.340,1.030,13.000,1.320,3.610,2.010,1.900,3.510,1.330,5.810,1.140,1.710,2.230,"1-2 (0-1)","49","37,68","A37,H49,A68",1586,1841,-255,0,0,1,2,0,1
"England-Premier L","26","20/09/25","05","Wolves","20 (19)","Leeds","16 (20)",2.850,3.170,2.770,1.090,8.000,1.400,3.010,2.320,1.660,3.370,1.300,9.480,1.060,1.950,1.920,"1-3 (1-3)","08","31,39,45","H08,A31,A39,A45",1606,1657,-51,0,0,1,3,1,3
"England-Premier L","26","21/09/25","05","Arsenal","2 (1)","Man City","8 (5)",1.910,3.860,3.980,1.010,10.200,1.260,4.010,1.790,2.100,2.970,1.420,4.900,1.120,1.690,2.240,"1-1 (0-1)","90","09","A09,H90",1946,1896,50,0,0,1,1,0,1
"England-Premier L","26","21/09/25","05","Bournemouth","4 (4)","Newcastle","10 (10)",2.390,3.560,3.000,1.020,12.800,1.260,4.040,1.880,2.020,3.040,1.400,5.550,1.090,1.680,2.260,"0-0 (0-0)","","","",1793,1804,-11,0,0,0,0,0,0
"England-Premier L","26","21/09/25","05","Sunderland","7 (2)","Aston Villa","19 (11)",3.570,3.270,2.240,1.030,7.900,1.400,3.040,2.290,1.680,3.440,1.310,7.500,1.040,1.940,1.910,"1-1 (0-0)","75","67","A67,H75",1438,1768,-330,0,0,1,1,0,0
"England-Premier L","26","27/09/25","06","Brentford","17 (10)","Man Utd","11 (16)",3.390,3.820,2.120,1.020,14.000,1.160,4.750,1.650,2.340,2.620,1.540,4.300,1.160,1.560,2.550,"3-1 (2-1)","08,20,90","26","H08,H20,A26,H90",1706,1666,40,-10,9,3,1,2,1
"England-Premier L","26","27/09/25","06","Chelsea","6 (8)","Brighton","14 (18)",1.910,3.910,4.000,1.010,16.500,1.170,4.550,1.680,2.280,2.630,1.520,4.100,1.170,1.590,2.470,"1-3 (1-0)","24","77,90,90","H24,A77,A90,A90",1842,1765,77,1,-5,1,3,1,0
"England-Premier L","26","27/09/25","06","C Palace","5 (17)","Liverpool","1 (3)",4.300,3.710,1.890,1.010,14.200,1.200,4.150,1.750,2.180,2.800,1.470,4.950,1.120,1.680,2.290,"2-1 (1-0)","09,90","87","H09,A87,H90",1852,2001,-149,7,10,2,1,1,0
"England-Premier L","26","27/09/25","06","Leeds","12 (12)","Bournemouth","4 (10)",3.010,3.370,2.500,1.020,8.600,1.340,3.470,2.090,1.830,3.670,1.310,6.200,1.070,1.790,2.090,"2-2 (1-1)","37,54","26,90","A26,H37,H54,A90",1691,1787,-96,1,11,2,2,1,1
"England-Premier L","26","27/09/25","06","Man City","9 (14)","Burnley","16 (19)",1.200,7.490,14.840,1.010,20.000,1.120,5.000,1.490,2.660,2.270,1.680,3.640,1.250,2.260,1.680,"5-1 (1-1)","12,61,65,90,90","38","H12,A38,H61,H65,H90,H90",1904,1625,279,-14,-6,5,1,1,1
"England-Premier L","26","27/09/25","06","Nottingham","15 (16)","Sunderland","7 (15)",1.780,3.790,4.910,1.020,8.400,1.340,3.470,2.070,1.850,3.620,1.320,6.250,1.070,1.990,1.880,"0-1 (0-1)","","38","A38",1712,1449,263,-19,15,0,1,0,1
"England-Premier L","26","27/09/25","06","Tottenham","3 (13)","Wolves","20 (17)",1.590,4.330,5.720,1.010,16.000,1.210,4.050,1.780,2.130,2.960,1.430,5.250,1.100,1.860,2.010,"1-1 (0-0)","90","54","A54,H90",1704,1571,133,18,-16,1,1,0,0
"England-Premier L","26","28/09/25","06","Aston Villa","18 (18)","Fulham","8 (14)",2.340,3.260,3.350,1.030,8.200,1.350,3.320,2.140,1.770,3.420,1.310,7.300,1.040,1.850,2.010,"3-1 (1-1)","37,49,51","03","A03,H37,H49,H51",1756,1728,28,-17,3,3,1,1,1
"England-Premier L","26","28/09/25","06","Newcastle","13 (15)","Arsenal","2 (7)",3.680,3.300,2.180,1.010,8.900,1.370,3.200,2.190,1.730,3.450,1.310,7.600,1.040,1.920,1.930,"1-2 (1-0)","34","84,90","H34,A84,A90",1809,1937,-128,-1,-1,1,2,1,0
"England-Premier L","26","29/09/25","06","Everton","10 (9)","West Ham","19 (6)",1.640,4.010,5.590,1.010,10.200,1.310,3.630,1.970,1.920,3.390,1.340,6.400,1.060,1.980,1.880,"1-1 (1-0)","18","65","H18,A65",1778,1574,204,6,-2,1,1,1,0
"England-Premier L","26","03/10/25","07","Bournemouth","6 (6)","Fulham","11 (17)",2.020,3.550,3.980,1.020,8.200,1.320,3.560,2.040,1.880,3.540,1.330,5.950,1.070,1.850,2.020,"3-1 (0-0)","78,84,90","70","A70,H78,H84,H90",1787,1708,79,6,4,3,1,0,0
"England-Premier L","26","04/10/25","07","Arsenal","2 (2)","West Ham","19 (7)",1.210,6.840,15.350,1.020,18.500,1.110,4.900,1.560,2.540,2.390,1.620,3.880,1.210,2.310,1.650,"2-0 (1-0)","38,67","","H38,H67",1955,1588,367,0,-1,2,0,1,0
"England-Premier L","26","04/10/25","07","Chelsea","8 (15)","Liverpool","1 (3)",2.910,3.810,2.370,1.010,15.500,1.110,4.800,1.530,2.590,2.290,1.660,3.600,1.240,1.470,2.840,"2-1 (1-0)","14,90","63","H14,A63,H90",1797,1978,-181,-16,1,2,1,1,0
"England-Premier L","26","04/10/25","07","Leeds","12 (12)","Tottenham","4 (1)",2.770,3.440,2.660,1.050,10.500,1.300,3.670,1.970,1.930,3.400,1.340,6.480,1.120,1.740,2.180,"1-2 (1-1)","34","23,57","A23,H34,A57",1690,1692,-2,6,8,1,2,1,1
"England-Premier L","26","04/10/25","07","Man Utd","14 (8)","Sunderland","5 (9)",1.570,4.420,5.840,1.010,16.000,1.190,4.150,1.740,2.190,2.890,1.430,4.700,1.120,1.850,2.030,"2-0 (2-0)","08,31","","H08,H31",1647,1484,163,4,22,2,0,2,0
"England-Premier L","26","05/10/25","07","Aston Villa","16 (16)","Burnley","18 (20)",1.650,3.910,5.770,1.020,11.800,1.300,3.720,1.950,1.950,3.340,1.360,5.750,1.070,1.960,1.900,"2-1 (1-0)","25,63","78","H25,H63,A78",1775,1616,159,-6,-7,2,1,1,0
"England-Premier L","26","05/10/25","07","Brentford","13 (4)","Man City","7 (6)",5.100,4.430,1.630,1.020,18.500,1.110,4.900,1.590,2.480,2.460,1.600,4.100,1.190,1.670,2.300,"0-1 (0-1)","","09","A09",1724,1912,-188,-9,1,0,1,0,1
"England-Premier L","26","05/10/25","07","Everton","9 (9)","C Palace","3 (2)",2.580,3.260,2.960,1.020,8.100,1.380,3.200,2.230,1.720,3.880,1.210,7.800,1.020,1.880,1.990,"2-1 (0-1)","76,90","37","A37,H76,H90",1763,1874,-111,-3,10,2,1,0,1
"England-Premier L","26","05/10/25","07","Newcastle","15 (17)","Nottingham","17 (15)",1.570,4.390,5.910,1.010,16.000,1.180,4.250,1.710,2.230,2.750,1.490,4.300,1.150,1.790,2.100,"2-0 (0-0)","58,84","","H58,H84",1790,1676,114,0,-22,2,0,0,0
"England-Premier L","26","05/10/25","07","Wolves","20 (19)","Brighton","10 (11)",3.820,3.680,2.020,1.010,9.400,1.280,3.900,1.890,2.010,3.200,1.380,5.200,1.100,1.740,2.180,"1-1 (1-0)","21","86","H21,A86",1582,1809,-227,-14,5,1,1,1,0
"England-Premier L","26","18/10/25","08","Brighton","12 (13)","Newcastle","11 (11)",2.710,3.510,2.640,1.010,13.700,1.260,4.110,1.860,2.050,3.070,1.410,5.150,1.100,1.620,2.400,"2-1 (1-0)","41,84","76","H41,A76,H84",1801,1803,-2,5,0,2,1,1,0
"England-Premier L","26","18/10/25","08","Burnley","18 (17)","Leeds","15 (13)",3.560,3.230,2.290,1.030,7.300,1.430,2.970,2.370,1.650,4.100,1.190,8.100,1.020,2.030,1.850,"2-0 (1-0)","18,68","","H18,H68",1608,1664,-56,-6,1,2,0,1,0
"England-Premier L","26","18/10/25","08","C Palace","6 (14)","Bournemouth","4 (7)",2.300,3.370,3.370,1.010,8.600,1.280,3.960,1.870,2.040,3.180,1.380,5.250,1.090,1.680,2.270,"3-3 (0-2)","64,69,90","07,38,89","A07,A38,H64,H69,A89,H90",1853,1802,51,1,4,3,3,0,2
"England-Premier L","26","18/10/25","08","Fulham","14 (7)","Arsenal","1 (4)",7.400,4.190,1.510,1.010,8.800,1.350,3.370,2.080,1.810,3.720,1.300,6.700,1.050,2.270,1.680,"0-1 (0-0)","","58","A58",1692,1958,-266,0,5,0,1,0,0
"England-Premier L","26","18/10/25","08","Man City","5 (11)","Everton","8 (12)",1.430,4.600,8.460,1.010,16.000,1.190,4.100,1.710,2.220,2.760,1.470,4.650,1.120,1.930,1.930,"2-0 (0-0)","58,63","","H58,H63",1927,1783,144,9,-3,2,0,0,0
"England-Premier L","26","18/10/25","08","Nottingham","17 (18)","Chelsea","7 (6)",3.390,3.720,2.160,1.020,14.500,1.190,4.100,1.720,2.200,2.770,1.470,4.950,1.110,1.660,2.320,"0-3 (0-0)","","49,52,84","A49,A52,A84",1662,1821,-159,-15,-17,0,3,0,0
"England-Premier L","26","18/10/25","08","Sunderland","9 (6)","Wolves","20 (16)",2.620,3.060,3.140,1.040,7.000,1.450,2.850,2.470,1.580,4.500,1.160,9.400,1.010,2.030,1.850,"2-0 (1-0)","16,90","","H16,H90",1473,1589,-116,15,-7,2,0,1,0
"England-Premier L","26","19/10/25","08","Liverpool","2 (3)","Man Utd","10 (17)",1.620,4.260,5.390,1.010,19.500,1.080,5.700,1.450,2.770,2.160,1.740,3.440,1.260,1.590,2.450,"1-2 (0-1)","78","02,84","A02,H78,A84",1953,1657,296,-9,2,1,2,0,1
"England-Premier L","26","19/10/25","08","Tottenham","3 (16)","Aston Villa","13 (14)",2.100,3.580,3.600,1.020,12.800,1.260,4.010,1.930,1.950,3.110,1.390,5.450,1.080,1.670,2.270,"1-2 (1-1)","05","37,77","H05,A37,A77",1717,1782,-65,12,4,1,2,1,1
"England-Premier L","26","20/10/25","08","West Ham","19 (20)","Brentford","16 (19)",2.620,3.390,2.800,1.020,11.800,1.270,3.990,1.940,1.940,3.230,1.370,6.000,1.070,1.670,2.280,"0-2 (0-1)","","43,90","A43,A90",1584,1708,-124,-8,-4,0,2,0,1
"England-Premier L","26","24/10/25","09","Leeds","16 (16)","West Ham","19 (10)",1.820,3.720,4.720,1.010,8.500,1.340,3.390,2.100,1.790,3.370,1.340,6.750,1.040,1.830,2.030,"2-1 (2-0)","03,15","90","H03,H15,A90",1637,1556,81,-6,-5,2,1,2,0
"England-Premier L","26","25/10/25","09","Brentford","13 (10)","Liverpool","3 (6)",4.150,4.120,1.830,1.020,17.500,1.120,4.700,1.580,2.460,2.420,1.590,4.000,1.200,1.560,2.500,"3-2 (2-1)","05,45,60","45,89","H05,H45,A45,H60,A89",1735,1916,-181,1,-20,3,2,2,1
"England-Premier L","26","25/10/25","09","Chelsea","5 (12)","Sunderland","7 (11)",1.450,4.700,7.850,1.030,13.700,1.210,4.560,1.710,2.220,2.760,1.470,5.010,1.180,2.000,1.850,"1-2 (1-1)","04","22,90","H04,A22,A90",1850,1504,346,-6,15,1,2,1,1
"England-Premier L","26","25/10/25","09","Man Utd","9 (6)","Brighton","10 (9)",2.010,3.920,3.630,1.020,18.500,1.170,5.260,1.550,2.550,2.330,1.640,3.850,1.270,1.520,2.640,"4-2 (2-0)","24,34,61,90","74,90","H24,H34,H61,A74,H90,A90",1693,1815,-122,9,11,4,2,2,0
"England-Premier L","26","25/10/25","09","Newcastle","14 (14)","Fulham","15 (19)",1.610,4.150,6.000,1.040,11.600,1.270,3.900,1.850,2.070,3.090,1.390,5.530,1.150,1.910,1.940,"2-1 (1-0)","18,90","56","H18,A56,H90",1788,1680,108,-3,-8,2,1,1,0
"England-Premier L","26","26/10/25","09","Arsenal","1 (1)","C Palace","8 (5)",1.420,4.860,7.770,1.010,14.200,1.260,3.800,1.810,2.070,3.000,1.410,5.200,1.100,2.040,1.820,"1-0 (1-0)","39","","H39",1969,1844,125,6,0,1,0,1,0
"England-Premier L","26","26/10/25","09","Aston Villa","11 (13)","Man City","2 (4)",4.450,4.000,1.780,1.010,14.900,1.210,3.880,1.740,2.180,2.780,1.470,4.700,1.120,1.650,2.320,"1-0 (1-0)","19","","H19",1804,1938,-134,9,10,1,0,1,0
"England-Premier L","26","26/10/25","09","Bournemouth","4 (3)","Nottingham","18 (17)",1.830,3.820,4.380,1.020,11.800,1.310,3.610,1.970,1.920,3.310,1.350,5.900,1.070,1.800,2.070,"2-0 (2-0)","25,40","","H25,H40",1810,1632,178,4,-21,2,0,2,0
"England-Premier L","26","26/10/25","09","Everton","12 (7)","Tottenham","6 (1)",2.400,3.360,3.130,1.020,8.200,1.300,3.660,1.990,1.900,3.350,1.350,5.850,1.070,1.760,2.120,"0-3 (0-2)","","19,45,89","A19,A45,A89",1771,1694,77,-2,1,0,3,0,2
"England-Premier L","26","26/10/25","09","Wolves","20 (19)","Burnley","17 (20)",1.950,3.430,4.340,1.030,7.500,1.420,2.970,2.370,1.640,4.200,1.180,8.300,1.020,2.050,1.820,"2-3 (2-2)","42,45","14,30,90","A14,A30,H42,H45,A90",1557,1634,-77,-8,0,2,3,2,2
"England-Premier L","26","01/11/25","10","Brighton","13 (10)","Leeds","15 (16)",2.030,3.600,3.860,1.050,11.000,1.290,3.860,1.920,1.990,3.230,1.380,5.810,1.140,1.680,2.180,"3-0 (1-0)","11,64,70","","H11,H64,H70",1783,1647,136,4,-14,3,0,1,0
"England-Premier L","26","01/11/25","10","Burnley","16 (13)","Arsenal","1 (2)",12.240,6.080,1.270,1.040,11.600,1.230,4.110,1.820,2.080,3.050,1.410,6.020,1.140,2.530,1.530,"0-2 (0-2)","","14,35","A14,A35",1655,1977,-322,7,9,0,2,0,2
"England-Premier L","26","01/11/25","10","C Palace","10 (16)","Brentford","11 (14)",2.070,3.530,3.810,1.010,13.900,1.250,3.890,1.840,2.050,3.010,1.420,6.020,1.140,1.680,2.180,"2-0 (1-0)","30,51","","H30,H51",1835,1759,76,-6,11,2,0,1,0
"England-Premier L","26","01/11/25","10","Fulham","17 (14)","Wolves","20 (19)",1.790,3.730,4.920,1.050,11.200,1.350,3.410,2.080,1.840,3.790,1.290,5.810,1.140,1.760,2.060,"3-0 (1-0)","09,62,75","","H09,H62,H75",1670,1535,135,-14,-9,3,0,1,0
"England-Premier L","26","01/11/25","10","Liverpool","7 (8)","Aston Villa","8 (8)",1.680,4.340,4.920,1.020,18.500,1.170,5.320,1.570,2.520,2.410,1.620,4.120,1.250,1.570,2.410,"2-0 (1-0)","45,58","","H45,H58",1891,1825,66,-28,16,2,0,1,0
"England-Premier L","26","01/11/25","10","Nottingham","18 (18)","Man Utd","6 (12)",3.480,3.770,2.100,1.020,15.800,1.210,4.560,1.790,2.130,2.930,1.440,5.010,1.180,1.600,2.340,"2-2 (0-1)","48,50","34,81","A34,H48,H50,A81",1621,1724,-103,-22,16,2,2,0,1
"England-Premier L","26","01/11/25","10","Tottenham","3 (17)","Chelsea","9 (3)",2.830,3.510,2.570,1.030,13.800,1.250,4.170,1.800,2.110,2.940,1.440,4.960,1.180,1.560,2.430,"0-1 (0-1)","","34","A34",1745,1812,-67,8,0,0,1,0,1
"England-Premier L","26","02/11/25","10","Man City","5 (7)","Bournemouth","2 (9)",1.430,5.350,6.800,1.030,17.000,1.140,5.500,1.490,2.710,2.230,1.710,3.750,1.290,1.670,2.100,"3-1 (2-1)","17,33,60","25","H17,A25,H33,H60",1916,1820,96,5,8,3,1,2,1
"England-Premier L","26","02/11/25","10","West Ham","19 (20)","Newcastle","12 (13)",5.170,4.220,1.660,1.040,13.000,1.250,4.180,1.750,2.180,2.870,1.450,5.000,1.170,1.700,2.050,"3-1 (2-1)","35,45,90","04","A04,H35,H45,H90",1545,1797,-252,-9,-2,3,1,2,1
"England-Premier L","26","03/11/25","10","Sunderland","4 (4)","Everton","14 (15)",3.320,3.200,2.420,1.100,7.000,1.480,2.760,2.500,1.570,4.500,1.200,10.000,1.060,2.000,1.750,"1-1 (0-1)","46","15","A15,H46",1541,1719,-178,20,-11,1,1,0,1
"England-Premier L","26","08/11/25","11","Chelsea","7 (16)","Wolves","20 (20)",1.360,5.400,9.200,1.020,17.500,1.170,5.320,1.620,2.420,2.580,1.560,4.120,1.250,1.760,2.060,"3-0 (0-0)","51,65,73","","H51,H65,H73",1833,1520,313,6,-17,3,0,0,0
"England-Premier L","26","08/11/25","11","Everton","14 (14)","Fulham","15 (19)",2.380,3.240,3.350,1.060,9.470,1.370,3.260,2.180,1.750,3.850,1.270,7.690,1.090,1.760,2.060,"2-0 (1-0)","45,81","","H45,H81",1714,1684,30,-16,-7,2,0,1,0
"England-Premier L","26","08/11/25","11","Sunderland","4 (6)","Arsenal","1 (2)",8.000,4.500,1.470,1.060,9.570,1.400,3.040,2.200,1.720,3.440,1.320,7.620,1.090,2.200,1.670,"2-2 (1-0)","36,90","54,74","H36,A54,A74,H90",1545,1990,-445,19,8,2,2,1,0
"England-Premier L","26","08/11/25","11","Tottenham","6 (17)","Man Utd","8 (10)",3.010,3.590,2.430,1.030,13.800,1.210,4.610,1.720,2.210,2.710,1.490,4.960,1.180,1.570,2.410,"2-2 (0-1)","84,90","32,90","A32,H84,H90,A90",1723,1723,0,9,21,2,2,0,1
"England-Premier L","26","08/11/25","11","West Ham","18 (19)","Burnley","17 (16)",1.880,3.660,4.440,1.060,10.000,1.310,3.540,2.000,1.910,3.490,1.320,6.800,1.110,1.760,2.060,"3-2 (1-1)","44,77,87","35,90","A35,H44,H77,H87,A90",1587,1641,-54,-4,9,3,2,1,1
"England-Premier L","26","09/11/25","11","Aston Villa","11 (10)","Bournemouth","5 (9)",2.370,3.400,3.200,1.040,11.600,1.280,3.890,1.930,1.980,3.260,1.370,6.020,1.140,1.650,2.240,"4-0 (2-0)","28,40,77,82","","H28,H40,H77,H82",1808,1805,3,10,5,4,0,2,0
"England-Premier L","26","09/11/25","11","Brentford","12 (9)","Newcastle","13 (14)",2.930,3.510,2.490,1.040,11.600,1.260,4.080,1.790,2.130,2.970,1.430,5.530,1.150,1.650,2.240,"3-1 (0-1)","56,78,90","27","A27,H56,H78,H90",1743,1754,-11,8,-7,3,1,0,1
"England-Premier L","26","09/11/25","11","C Palace","9 (11)","Brighton","10 (11)",2.430,3.450,3.070,1.040,11.600,1.260,4.010,1.880,2.020,3.090,1.390,5.530,1.150,1.650,2.240,"0-0 (0-0)","","","",1850,1797,53,-6,-4,0,0,0,0
"England-Premier L","26","09/11/25","11","Man City","2 (3)","Liverpool","3 (7)",1.940,4.000,3.860,1.010,20.000,1.160,5.500,1.490,2.690,2.210,1.720,3.710,1.290,1.440,2.790,"3-0 (2-0)","29,45,63","","H29,H45,H63",1930,1907,23,2,-20,3,0,2,0
"England-Premier L","26","09/11/25","11","Nottingham","19 (18)","Leeds","16 (17)",2.230,3.300,3.620,1.100,7.370,1.450,2.860,2.440,1.590,3.660,1.300,9.030,1.070,1.960,1.850,"3-1 (1-1)","15,68,90","13","A13,H15,H68,H90",1621,1632,-11,-15,-13,3,1,1,1
"England-Premier L","26","22/11/25","12","Bournemouth","9 (3)","West Ham","18 (13)",1.680,4.090,5.120,1.030,14.300,1.230,4.290,1.690,2.270,2.680,1.490,4.920,1.180,1.740,2.100,"2-2 (0-2)","69,81","11,35","A11,A35,H69,H81",1776,1604,172,-5,7,2,2,0,2
"England-Premier L","26","22/11/25","12","Brighton","11 (9)","Brentford","12 (14)",2.170,3.470,3.590,1.030,13.000,1.250,4.240,1.780,2.140,2.840,1.460,5.260,1.170,1.600,2.340,"2-1 (0-1)","71,84","29","A29,H71,H84",1805,1765,40,-1,12,2,1,0,1
"England-Premier L","26","22/11/25","12","Burnley","17 (16)","Chelsea","3 (3)",5.800,4.250,1.610,1.020,15.800,1.260,4.040,1.710,2.230,2.780,1.480,5.010,1.180,1.680,2.180,"0-2 (0-1)","","37,88","A37,A88",1623,1838,-215,3,1,0,2,0,1
"England-Premier L","26","22/11/25","12","Fulham","15 (11)","Sunderland","4 (6)",2.070,3.380,4.000,1.070,9.000,1.350,3.310,2.130,1.780,3.710,1.290,7.240,1.100,1.830,1.980,"1-0 (0-0)","84","","H84",1664,1560,104,-5,21,1,0,0,0
"England-Premier L","26","22/11/25","12","Liverpool","7 (8)","Nottingham","19 (18)",1.470,4.690,6.970,1.010,17.000,1.170,5.260,1.640,2.340,2.590,1.530,4.160,1.240,1.700,2.150,"0-3 (0-1)","","33,46,78","A33,A46,A78",1883,1643,240,-14,-4,0,3,0,1
"England-Premier L","26","22/11/25","12","Newcastle","14 (14)","Man City","2 (4)",4.060,3.850,1.930,1.020,16.000,1.190,4.790,1.610,2.420,2.530,1.570,4.120,1.250,1.530,2.530,"2-1 (0-0)","63,70","68","H63,A68,H70",1731,1953,-222,-17,4,2,1,0,0
"England-Premier L","26","22/11/25","12","Wolves","20 (20)","C Palace","10 (5)",4.530,3.800,1.820,1.050,11.000,1.310,3.650,1.960,1.940,3.440,1.340,6.320,1.130,1.760,2.060,"0-2 (0-0)","","63,69","A63,A69",1514,1841,-327,-18,-1,0,2,0,0
"England-Premier L","26","23/11/25","12","Arsenal","1 (2)","Tottenham","5 (1)",1.470,4.470,7.690,1.050,10.500,1.330,3.520,2.000,1.900,3.480,1.340,6.480,1.120,1.980,1.830,"4-1 (2-0)","36,41,46,76","55","H36,H41,H46,A55,H76",1974,1717,257,5,2,4,1,2,0
"England-Premier L","26","23/11/25","12","Leeds","16 (15)","Aston Villa","6 (9)",3.300,3.460,2.290,1.060,9.570,1.360,3.300,2.150,1.770,3.500,1.310,7.620,1.090,1.760,2.060,"1-2 (1-0)","08","48,75","H08,A48,A75",1609,1836,-227,-11,11,1,2,1,0
"England-Premier L","26","24/11/25","12","Man Utd","8 (7)","Everton","13 (12)",1.900,3.870,4.080,1.040,11.600,1.270,4.050,1.850,2.060,3.070,1.410,5.530,1.150,1.720,2.120,"0-1 (0-1)","","29","A29",1728,1733,-5,17,-15,0,1,0,1
"England-Premier L","26","29/11/25","13","Brentford","13 (6)","Burnley","19 (17)",1.520,4.460,6.610,1.030,13.000,1.270,3.980,1.850,2.070,3.090,1.400,5.810,1.140,1.830,1.980,"3-1 (0-0)","81,86,90","85","H81,A85,H86,H90",1752,1602,150,4,-9,3,1,0,0
"England-Premier L","26","29/11/25","13","Everton","10 (12)","Newcastle","14 (15)",2.750,3.360,2.730,1.050,11.000,1.290,3.870,1.920,1.990,3.260,1.370,5.810,1.140,1.650,2.240,"1-4 (0-3)","69","01,25,45,58","A01,A25,A45,A58,H69",1758,1757,1,-1,-12,1,4,0,3
"England-Premier L","26","29/11/25","13","Man City","3 (2)","Leeds","18 (18)",1.220,7.500,13.500,1.020,25.000,1.140,6.000,1.420,2.910,2.090,1.790,3.370,1.340,1.900,1.900,"3-2 (2-0)","01,25,90","49,68","H01,H25,A49,A68,H90",1926,1596,330,1,-12,3,2,2,0
"England-Premier L","26","29/11/25","13","Sunderland","7 (8)","Bournemouth","8 (14)",3.290,3.430,2.310,1.070,9.000,1.320,3.600,2.020,1.890,3.520,1.330,6.800,1.110,1.720,2.120,"3-2 (1-2)","30,46,69","07,15","A07,A15,H30,H46,H69",1550,1762,-212,11,-14,3,2,1,2
"England-Premier L","26","29/11/25","13","Tottenham","9 (19)","Fulham","15 (19)",2.400,3.440,3.120,1.050,11.000,1.260,3.970,1.860,2.050,3.140,1.380,5.810,1.140,1.600,2.340,"1-2 (0-2)","59","04,06","A04,A06,H59",1709,1673,36,0,-2,1,2,0,2
"England-Premier L","26","30/11/25","13","Aston Villa","4 (7)","Wolves","20 (20)",1.470,4.650,7.250,1.030,13.700,1.270,3.840,1.820,2.070,3.040,1.400,5.530,1.150,1.830,1.980,"1-0 (0-0)","67","","H67",1848,1501,347,9,-13,1,0,0,0
"England-Premier L","26","30/11/25","13","Chelsea","2 (13)","Arsenal","1 (3)",3.190,3.170,2.510,1.060,9.570,1.340,3.370,2.110,1.780,3.580,1.310,6.830,1.110,1.690,2.170,"1-1 (0-0)","48","59","H48,A59",1858,1981,-123,4,2,1,1,0,0
"England-Premier L","26","30/11/25","13","C Palace","5 (14)","Man Utd","11 (10)",2.100,3.750,3.560,1.030,13.800,1.210,4.610,1.750,2.190,2.840,1.460,4.960,1.180,1.590,2.360,"1-2 (1-0)","36","54,63","H36,A54,A63",1853,1702,151,2,2,1,2,1,0
"England-Premier L","26","30/11/25","13","Nottingham","16 (17)","Brighton","6 (11)",2.950,3.350,2.570,1.050,10.500,1.290,3.830,1.980,1.920,3.300,1.360,6.020,1.140,1.680,2.180,"0-2 (0-1)","","45,88","A45,A88",1704,1817,-113,16,2,0,2,0,1
"England-Premier L","26","30/11/25","13","West Ham","17 (18)","Liverpool","12 (9)",5.150,4.750,1.600,1.020,19.500,1.140,5.850,1.550,2.550,2.350,1.630,3.500,1.310,1.570,2.410,"0-2 (0-0)","","60,90","A60,A90",1617,1821,-204,18,-19,0,2,0,0
"England-Premier L","26","02/12/25","14","Bournemouth","9 (6)","Everton","14 (7)",2.260,3.400,3.430,1.020,8.300,1.300,3.770,1.950,1.950,3.340,1.360,5.500,1.080,1.700,2.050,"0-1 (0-0)","","78","A78",1735,1713,22,-21,3,0,1,0,0
"England-Premier L","26","02/12/25","14","Fulham","15 (7)","Man City","2 (6)",5.210,4.220,1.650,1.010,15.000,1.190,4.200,1.690,2.280,2.700,1.500,4.450,1.140,1.680,2.080,"4-5 (1-3)","45,57,72,78","17,37,44,48,54","A17,A37,A44,H45,A48,A54,H57,H72,H78",1700,1929,-229,4,2,4,5,1,3
"England-Premier L","26","02/12/25","14","Newcastle","11 (10)","Tottenham","10 (2)",1.850,3.890,4.300,1.030,13.000,1.230,4.330,1.720,2.220,2.770,1.480,5.260,1.170,1.600,2.340,"2-2 (0-0)","71,86","78,90","H71,A78,H86,A90",1801,1681,120,1,-14,2,2,0,0
"England-Premier L","26","03/12/25","14","Arsenal","1 (2)","Brentford","10 (17)",1.440,4.650,8.070,1.040,11.700,1.300,3.640,1.940,1.960,3.300,1.350,5.960,1.140,2.000,1.820,"2-0 (1-0)","11,90","","H11,H90",1979,1763,216,0,1,2,0,1,0
"England-Premier L","26","03/12/25","14","Brighton","5 (6)","Aston Villa","4 (8)",2.310,3.450,3.270,1.050,11.000,1.280,3.900,1.910,2.000,3.200,1.380,5.810,1.140,1.600,2.340,"3-4 (2-2)","09,29,83","37,45,60,78","H09,H29,A37,A45,A60,A78,H83",1845,1850,-5,14,9,3,4,2,2
"England-Premier L","26","03/12/25","14","Burnley","19 (16)","C Palace","9 (4)",5.050,3.770,1.760,1.070,9.000,1.400,3.120,2.220,1.720,3.440,1.330,8.080,1.090,2.020,1.800,"0-1 (0-1)","","44","A44",1590,1820,-230,-16,-2,0,1,0,1
"England-Premier L","26","03/12/25","14","Leeds","17 (15)","Chelsea","3 (2)",4.110,3.530,1.990,1.050,10.500,1.330,3.470,2.090,1.830,3.590,1.320,6.900,1.110,1.860,1.950,"3-1 (2-0)","06,43,72","50","H06,H43,A50,H72",1592,1859,-267,-14,11,3,1,2,0
"England-Premier L","26","03/12/25","14","Liverpool","8 (11)","Sunderland","6 (11)",1.360,5.470,8.520,1.010,17.000,1.210,4.500,1.650,2.320,2.640,1.520,4.370,1.220,1.830,1.980,"1-1 (0-0)","81","67","A67,H81",1842,1576,266,-18,7,1,1,0,0
"England-Premier L","26","03/12/25","14","Wolves","20 (20)","Nottingham","16 (14)",3.170,3.320,2.440,1.090,8.000,1.370,3.250,2.180,1.750,3.540,1.290,8.080,1.090,1.760,2.060,"0-1 (0-0)","","72","A72",1498,1675,-177,-9,19,0,1,0,0
"England-Premier L","26","04/12/25","14","Man Utd","7 (9)","West Ham","18 (13)",1.390,5.200,8.250,1.020,18.500,1.180,5.000,1.550,2.590,2.360,1.640,4.050,1.250,1.740,2.100,"1-1 (0-0)","58","83","H58,A83",1734,1595,139,0,13,1,1,0,0
"England-Premier L","26","06/12/25","15","Aston Villa","3 (4)","Arsenal","1 (2)",4.500,3.540,1.930,1.060,9.570,1.350,3.390,2.100,1.810,3.710,1.300,7.620,1.090,1.870,1.940,"2-1 (1-0)","36,90","52","H36,A52,H90",1875,1987,-112,14,0,2,1,1,0
"England-Premier L","26","06/12/25","15","Bournemouth","14 (7)","Chelsea","4 (3)",3.380,3.850,2.120,1.020,17.000,1.180,5.000,1.640,2.380,2.560,1.560,4.370,1.220,1.490,2.640,"0-0 (0-0)","","","",1708,1815,-107,-23,-1,0,0,0,0
"England-Premier L","26","06/12/25","15","Everton","10 (14)","Nottingham","16 (11)",2.120,3.370,3.840,1.070,9.000,1.360,3.340,2.130,1.780,3.710,1.290,7.240,1.100,1.830,1.980,"3-0 (2-0)","02,45,80","","H02,H45,H80",1739,1690,49,3,17,3,0,2,0
"England-Premier L","26","06/12/25","15","Leeds","17 (13)","Liverpool","8 (8)",4.580,4.070,1.760,1.030,13.700,1.270,3.940,1.790,2.110,2.980,1.410,5.010,1.180,1.680,2.180,"3-3 (0-0)","73,75,90","48,50,80","A48,A50,H73,H75,A80,H90",1635,1826,-191,-1,-20,3,3,0,0
"England-Premier L","26","06/12/25","15","Man City","2 (2)","Sunderland","6 (12)",1.270,6.450,11.000,1.010,20.000,1.140,5.790,1.450,2.770,2.170,1.730,3.530,1.310,1.830,1.980,"3-0 (2-0)","31,35,65","","H31,H35,H65",1941,1591,350,0,10,3,0,2,0
"England-Premier L","26","06/12/25","15","Newcastle","12 (9)","Burnley","19 (18)",1.330,5.750,9.250,1.020,18.500,1.180,5.000,1.580,2.460,2.460,1.580,4.370,1.220,1.990,1.750,"2-1 (2-0)","31,45","90","H31,H45,A90",1789,1577,212,14,-16,2,1,2,0
"England-Premier L","26","06/12/25","15","Tottenham","11 (19)","Brentford","13 (17)",2.500,3.440,2.980,1.060,10.000,1.300,3.630,2.020,1.880,3.350,1.340,6.800,1.110,1.680,2.180,"2-0 (2-0)","25,43","","H25,H43",1692,1754,-62,-9,2,2,0,2,0
"England-Premier L","26","07/12/25","15","Brighton","7 (6)","West Ham","18 (14)",1.630,4.350,5.350,1.020,15.800,1.200,4.740,1.610,2.410,2.560,1.550,4.160,1.240,1.590,2.360,"1-1 (0-0)","90","73","A73,H90",1819,1606,213,8,2,1,1,0,0
"England-Premier L","26","07/12/25","15","Fulham","15 (8)","C Palace","5 (4)",2.530,3.400,2.960,1.060,10.000,1.310,3.660,2.010,1.900,3.530,1.330,6.800,1.110,1.670,2.210,"1-2 (1-1)","38","20,87","A20,H38,A87",1687,1832,-145,4,-5,1,2,1,1
"England-Premier L","26","08/12/25","15","Wolves","20 (20)","Man Utd","8 (9)",5.350,4.200,1.650,1.030,13.700,1.210,4.560,1.750,2.170,2.810,1.460,5.010,1.180,1.800,2.020,"1-4 (1-1)","45","25,51,62,82","A25,H45,A51,A62,A82",1482,1722,-240,-9,0,1,4,1,1
