sezonul,datameci,etapa,txtechipa1,txtechipa2,scor1,scor2,scorp1,scorp2,ballp,sut,sutt,cor,cotaa,cotae,cotad,cotao,cotau,elohomeo,elohomedif,eloawayo,eloawaydif,formah,formaa,codechipa1,codechipa2
26,8/15/2025,01,Liverpool,Bournemouth,4,2,1,0,61-39,19-10,10- 3, 6- 7,1.31,6.4,8.86,1.38,3.16,1950,9,1758,-10,0,0,01002,01063
26,8/16/2025,01,Aston Villa,Newcastle,0,0,0,0,40-60, 3-16, 3- 3, 3- 6,2.26,3.69,3.13,1.64,2.34,1831,-7,1812,6,0,0,01003,01016
26,8/16/2025,01,Brighton,Fulham,1,1,0,0,50-50,10- 7, 4- 2, 4- 3,1.98,3.65,3.91,1.77,2.14,1806,-11,1703,10,0,0,01036,01010
26,8/16/2025,01,Sunderland,West Ham,3,0,0,0,37-63,10-12, 5- 4, 5- 7,3.33,3.43,2.27,2.01,1.88,1342,53,1648,-54,0,0,01021,01022
26,8/16/2025,01,Tottenham,Burnley,3,0,1,0,68-32,16-14, 6- 4, 6- 5,1.43,4.5,8.4,1.78,2.12,1587,33,1677,-34,0,0,01001,01030
26,8/16/2025,01,Wolves,Man City,0,4,0,2,42-58, 9-15, 3- 4, 4- 6,6.85,5.02,1.44,1.64,2.34,1662,-21,1947,20,0,0,01031,01009
26,8/17/2025,01,Chelsea,C Palace,0,0,0,0,71-29,19-12, 3- 4,11- 2,1.75,4.1,4.67,1.74,2.18,1847,-8,1819,7,0,0,01019,01012
26,8/17/2025,01,Nottingham,Brentford,3,1,3,0,55-45,11-10, 5- 3, 5- 5,2.18,3.37,3.66,2.09,1.81,1753,22,1767,-23,0,0,01037,01059
26,8/17/2025,01,Man Utd,Arsenal,0,1,0,1,61-39,22- 9, 7- 3, 3- 4,3.84,3.71,2,1.74,2.18,1634,-10,1934,9,0,0,01020,01018
26,8/18/2025,01,Leeds,Everton,1,0,0,0,54-46,21- 7, 3- 1, 7- 2,2.29,3.45,3.27,2.06,1.84,1659,20,1771,-21,0,0,01035,01017
26,8/22/2025,02,West Ham,Chelsea,1,5,1,3,40-60,12-12, 4- 7, 7- 5,5.19,4.12,1.68,1.73,2.19,1594,-25,1839,24,0,0,01022,01019
26,8/23/2025,02,Arsenal,Leeds,5,0,2,0,68-32,18- 3, 5- 1, 2- 2,1.28,6.26,9.83,1.6,2.42,1943,8,1679,-9,0,0,01018,01035
26,8/23/2025,02,Bournemouth,Wolves,1,0,1,0,59-41,14- 6, 4- 1, 8- 3,1.78,3.99,4.49,1.79,2.1,1748,9,1641,-10,0,0,01063,01031
26,8/23/2025,02,Brentford,Aston Villa,1,0,1,0,24-76, 9-17, 2- 2, 2- 9,3.26,3.57,2.24,1.82,2.06,1744,18,1824,-19,0,0,01059,01003
26,8/23/2025,02,Burnley,Sunderland,2,0,0,0,43-57, 7- 9, 2- 1, 4- 3,2.34,3.17,3.44,2.54,1.56,1643,7,1395,-8,0,0,01030,01021
26,8/23/2025,02,Man City,Tottenham,0,2,0,2,61-39,10-12, 4- 5, 7- 2,1.5,4.91,5.95,1.5,2.69,1967,-56,1620,55,0,0,01009,01001
26,8/24/2025,02,C Palace,Nottingham,1,1,1,0,42-58, 8- 9, 4- 1, 1- 3,2.44,3.27,3.16,2.2,1.73,1826,-9,1775,8,0,0,01012,01037
26,8/24/2025,02,Everton,Brighton,2,0,1,0,42-58,11-13, 3- 4, 2- 2,3.16,3.4,2.37,2.08,1.81,1750,25,1795,-26,0,0,01017,01036
26,8/24/2025,02,Fulham,Man Utd,1,1,0,0,52-48,13-10, 4- 3, 9- 6,3.4,3.68,2.14,1.82,2.07,1713,-10,1624,9,0,0,01010,01020
26,8/25/2025,02,Newcastle,Liverpool,2,3,0,1,38-62,10- 5, 3- 4, 7- 1,2.97,3.74,2.36,1.6,2.42,1818,-18,1959,17,0,0,01016,01002
26,8/30/2025,03,Chelsea,Fulham,2,0,1,0,55-45,13-11, 6- 3, 6- 4,1.67,3.97,5.49,1.78,2.13,1863,10,1703,-11,0,0,01019,01010
26,8/30/2025,03,Leeds,Newcastle,0,0,0,0,43-57,10- 8, 1- 2, 5- 5,3.25,3.5,2.3,1.93,1.97,1670,1,1800,-2,0,0,01035,01016
26,8/30/2025,03,Man Utd,Burnley,3,2,1,0,62-38,26- 6, 6- 3, 7- 1,1.4,5.11,7.98,1.63,2.39,1633,15,1650,-16,0,0,01020,01030
26,8/30/2025,03,Sunderland,Brentford,2,1,0,0,54-46,12- 7, 3- 4, 3- 4,3.08,3.29,2.5,2.15,1.78,1387,33,1762,-34,0,0,01021,01059
26,8/30/2025,03,Tottenham,Bournemouth,0,1,0,1,62-38, 5-19, 1- 6, 0- 8,1.97,3.71,3.97,1.68,2.31,1675,-22,1757,21,0,0,01001,01063
26,8/30/2025,03,Wolves,Everton,2,3,1,2,59-41,12-10, 4- 4, 2- 2,3.21,3.2,2.48,2.49,1.59,1631,-18,1775,17,0,0,01031,01017
26,8/31/2025,03,Aston Villa,C Palace,0,3,0,1,58-42,13- 6, 4- 4,10- 1,2.03,3.51,3.98,2.04,1.88,1805,-44,1817,43,0,0,01003,01012
26,8/31/2025,03,Brighton,Man City,2,1,0,1,36-64,12-12, 7- 3, 3- 2,3.77,3.79,2,1.54,2.58,1769,22,1911,-23,0,0,01036,01009
26,8/31/2025,03,Liverpool,Arsenal,1,0,0,0,53-47, 9-11, 3- 1, 3- 8,2.4,3.53,3.05,1.74,2.19,1976,13,1951,-14,0,0,01002,01018
26,8/31/2025,03,Nottingham,West Ham,0,3,0,0,58-42,11-12, 3- 8, 9- 7,1.69,4,5.17,1.81,2.08,1783,-61,1569,60,0,0,01037,01022
26,9/13/2025,04,Arsenal,Nottingham,3,0,1,0,54-46,16- 5, 5- 1, 8- 3,1.37,5.37,8.33,1.68,2.27,1937,9,1722,-10,0,0,01018,01037
26,9/13/2025,04,Bournemouth,Brighton,2,1,1,0,51-49,13- 6, 5- 2, 4- 4,2.39,3.58,2.98,1.7,2.24,1778,15,1791,-16,0,0,01063,01036
26,9/13/2025,04,Brentford,Chelsea,2,2,1,0,34-66, 7-16, 4- 6, 5- 6,4.49,3.85,1.81,1.74,2.17,1728,2,1873,-3,0,0,01059,01019
26,9/13/2025,04,C Palace,Sunderland,0,0,0,0,56-44,14- 6, 6- 0, 5- 3,1.7,3.75,5.53,2.21,1.72,1860,-19,1420,18,0,0,01012,01021
26,9/13/2025,04,Everton,Aston Villa,0,0,0,0,48-52,20- 7, 2- 1,10- 3,2.43,3.45,3.02,2,1.89,1792,-8,1761,7,0,0,01017,01003
26,9/13/2025,04,Fulham,Leeds,1,0,0,0,54-46, 5-10, 3- 3, 3- 3,1.97,3.55,4.09,2.07,1.83,1692,13,1671,-14,0,0,01010,01035
26,9/13/2025,04,Newcastle,Wolves,1,0,1,0,57-43,16- 8, 4- 3, 9- 4,1.4,5.07,7.77,1.76,2.13,1798,6,1613,-7,0,0,01016,01031
26,9/13/2025,04,West Ham,Tottenham,0,3,0,0,36-64, 7-14, 4- 5, 2-13,3.58,3.63,2.09,1.81,2.08,1629,-43,1653,42,0,0,01022,01001
26,9/14/2025,04,Burnley,Liverpool,0,1,0,0,19-81, 3-27, 0- 4, 1-13,9.5,5.7,1.33,1.53,2.61,1634,-8,1989,7,0,0,01030,01002
26,9/14/2025,04,Man City,Man Utd,3,0,1,0,45-55,13-12, 6- 2, 2- 4,1.77,4.05,4.53,1.59,2.49,1888,8,1648,-9,0,0,01009,01020
26,9/20/2025,05,Brighton,Tottenham,2,2,2,1,36-64,12-11, 4- 3, 2-10,2.28,3.74,3.1,1.67,2.33,1775,-10,1695,9,0,0,01036,01001
26,9/20/2025,05,Burnley,Nottingham,1,1,1,1,37-63,12-17, 5- 8, 4- 5,3.46,3.37,2.26,2.09,1.81,1626,-1,1712,0,0,0,01030,01037
26,9/20/2025,05,Fulham,Brentford,3,1,2,1,53-47,14- 8, 3- 3, 2-10,2.11,3.44,3.79,2.06,1.85,1705,23,1730,-24,0,0,01010,01059
26,9/20/2025,05,Liverpool,Everton,2,1,2,0,57-43,11- 9, 3- 2, 5- 4,1.54,4.4,6.5,1.73,2.2,1996,5,1784,-6,0,0,01002,01017
26,9/20/2025,05,Man Utd,Chelsea,2,1,2,0,41-59,11- 5, 4- 1, 5- 5,2.71,3.69,2.58,1.59,2.44,1639,27,1870,-28,0,0,01020,01019
26,9/20/2025,05,West Ham,C Palace,1,2,0,1,57-43, 8-18, 3- 3, 8- 8,3.26,3.4,2.34,2.01,1.9,1586,-12,1841,11,0,0,01022,01012
26,9/20/2025,05,Wolves,Leeds,1,3,1,3,56-44,16- 6, 6- 4, 4- 0,2.85,3.17,2.77,2.32,1.66,1606,-35,1657,34,0,0,01031,01035
26,9/21/2025,05,Arsenal,Man City,1,1,0,1,67-33,12- 5, 3- 3,11- 1,1.91,3.86,3.98,1.79,2.1,1946,-9,1896,8,0,0,01018,01009
26,9/21/2025,05,Bournemouth,Newcastle,0,0,0,0,56-44,11- 4, 2- 1, 5- 2,2.39,3.56,3,1.88,2.02,1793,-6,1804,5,0,0,01063,01016
26,9/21/2025,05,Sunderland,Aston Villa,1,1,0,0,29-71,14-12, 4- 2, 6- 5,3.57,3.27,2.24,2.29,1.68,1438,11,1768,-12,0,0,01021,01003
26,9/27/2025,06,Brentford,Man Utd,3,1,2,1,44-56,10-14, 8- 6, 4- 2,3.39,3.82,2.12,1.65,2.34,1706,18,1666,-19,-10,9,01059,01020
26,9/27/2025,06,Chelsea,Brighton,1,3,1,0,59-41,13-12, 3- 3, 5- 7,1.91,3.91,4,1.68,2.28,1842,-45,1765,44,1,-5,01019,01036
26,9/27/2025,06,C Palace,Liverpool,2,1,1,0,28-72,16-20, 7- 4, 2- 6,4.3,3.71,1.89,1.75,2.18,1852,22,2001,-23,7,10,01012,01002
26,9/27/2025,06,Leeds,Bournemouth,2,2,1,1,41-59,19-12, 8- 5, 7- 4,3.01,3.37,2.5,2.09,1.83,1691,-1,1787,0,1,11,01035,01063
26,9/27/2025,06,Man City,Burnley,5,1,1,1,68-32,21- 9, 8- 2,10- 2,1.2,7.49,14.84,1.49,2.66,1904,8,1625,-9,-14,-6,01009,01030
26,9/27/2025,06,Nottingham,Sunderland,0,1,0,1,65-35,22-11, 6- 3, 7- 4,1.78,3.79,4.91,2.07,1.85,1712,-36,1449,35,-19,15,01037,01021
26,9/27/2025,06,Tottenham,Wolves,1,1,0,0,51-49,10- 9, 3- 3,10- 9,1.59,4.33,5.72,1.78,2.13,1704,-12,1571,11,18,-16,01001,01031
26,9/28/2025,06,Aston Villa,Fulham,3,1,1,1,48-52, 9-11, 4- 4, 2- 8,2.34,3.26,3.35,2.14,1.77,1756,19,1728,-20,-17,3,01003,01010
26,9/28/2025,06,Newcastle,Arsenal,1,2,1,0,37-63, 8-20, 3- 7, 7-12,3.68,3.3,2.18,2.19,1.73,1809,-19,1937,18,-1,-1,01016,01018
26,9/29/2025,06,Everton,West Ham,1,1,1,0,52-48,12-14, 6- 3, 3- 5,1.64,4.01,5.59,1.97,1.92,1778,-15,1574,14,6,-2,01017,01022
26,10/3/2025,07,Bournemouth,Fulham,3,1,0,0,54-46,11-12, 6- 4, 4- 3,2.02,3.55,3.98,2.04,1.88,1787,15,1708,-16,6,4,01063,01010
26,10/4/2025,07,Arsenal,West Ham,2,0,1,0,68-32,21- 4, 5- 0, 8- 3,1.21,6.84,15.35,1.56,2.54,1955,3,1588,-4,0,-1,01018,01022
26,10/4/2025,07,Chelsea,Liverpool,2,1,1,0,53-47,12-12, 6- 2, 7- 2,2.91,3.81,2.37,1.53,2.59,1797,24,1978,-25,-16,1,01019,01002
26,10/4/2025,07,Leeds,Tottenham,1,2,1,1,56-44,16- 9, 4- 3, 4- 1,2.77,3.44,2.66,1.97,1.93,1690,-26,1692,25,6,8,01035,01001
26,10/4/2025,07,Man Utd,Sunderland,2,0,2,0,51-49,15- 8, 6- 3, 2- 3,1.57,4.42,5.84,1.74,2.19,1647,10,1484,-11,4,22,01020,01021
26,10/5/2025,07,Aston Villa,Burnley,2,1,1,0,55-45,15- 5, 7- 2, 6- 4,1.65,3.91,5.77,1.95,1.95,1775,7,1616,-8,-6,-7,01003,01030
26,10/5/2025,07,Brentford,Man City,0,1,0,1,30-70, 6-10, 1- 4, 3- 2,5.1,4.43,1.63,1.59,2.48,1724,-16,1912,15,-9,1,01059,01009
26,10/5/2025,07,Everton,C Palace,2,1,0,1,50-50,14-15, 7- 8, 2- 4,2.58,3.26,2.96,2.23,1.72,1763,20,1874,-21,-3,10,01017,01012
26,10/5/2025,07,Newcastle,Nottingham,2,0,0,0,52-48,18- 5, 9- 4, 8- 1,1.57,4.39,5.91,1.71,2.23,1790,13,1676,-14,0,-22,01016,01037
26,10/5/2025,07,Wolves,Brighton,1,1,1,0,42-58, 6-17, 3- 6, 2- 8,3.82,3.68,2.02,1.89,2.01,1582,7,1809,-8,-14,5,01031,01036
26,10/18/2025,08,Brighton,Newcastle,2,1,1,0,46-54,13-16, 5- 3, 8- 4,2.71,3.51,2.64,1.86,2.05,1801,14,1803,-15,5,0,01036,01016
26,10/18/2025,08,Burnley,Leeds,2,0,1,0,31-69, 4-19, 3- 4, 1- 5,3.56,3.23,2.29,2.37,1.65,1608,26,1664,-27,-6,1,01030,01035
26,10/18/2025,08,C Palace,Bournemouth,3,3,0,2,52-48,20- 9, 7- 5, 6- 5,2.3,3.37,3.37,1.87,2.04,1853,-9,1802,8,1,4,01012,01063
26,10/18/2025,08,Fulham,Arsenal,0,1,0,0,37-63, 9-16, 0- 5, 6-10,7.4,4.19,1.51,2.08,1.81,1692,-12,1958,11,0,5,01010,01018
26,10/18/2025,08,Man City,Everton,2,0,0,0,71-29,19- 5, 7- 1,11- 3,1.43,4.6,8.46,1.71,2.22,1927,11,1783,-12,9,-3,01009,01017
26,10/18/2025,08,Nottingham,Chelsea,0,3,0,0,50-50,12-17, 2- 6, 5- 2,3.39,3.72,2.16,1.72,2.2,1662,-30,1821,29,-15,-17,01037,01019
26,10/18/2025,08,Sunderland,Wolves,2,0,1,0,41-59, 8-16, 2- 3, 2- 2,2.62,3.06,3.14,2.47,1.58,1473,31,1589,-32,15,-7,01021,01031
26,10/19/2025,08,Liverpool,Man Utd,1,2,0,1,63-37,19-12, 6- 4, 9- 4,1.62,4.26,5.39,1.45,2.77,1953,-37,1657,36,-9,2,01002,01020
26,10/19/2025,08,Tottenham,Aston Villa,1,2,1,1,53-47, 9- 8, 3- 2, 6- 6,2.1,3.58,3.6,1.93,1.95,1717,-23,1782,22,12,4,01001,01003
26,10/20/2025,08,West Ham,Brentford,0,2,0,1,43-57, 7-22, 1- 7, 6-10,2.62,3.39,2.8,1.94,1.94,1584,-28,1708,27,-8,-4,01022,01059
26,10/24/2025,09,Leeds,West Ham,2,1,2,0,41-59,13- 9, 5- 3, 3- 4,1.82,3.72,4.72,2.1,1.79,1637,10,1556,-11,-6,-5,01035,01022
26,10/25/2025,09,Brentford,Liverpool,3,2,2,1,34-66,17-18, 8- 5, 5- 4,4.15,4.12,1.83,1.58,2.46,1735,24,1916,-25,1,-20,01059,01002
26,10/25/2025,09,Chelsea,Sunderland,1,2,1,1,68-32,16-10, 7- 4, 9- 1,1.45,4.7,7.85,1.71,2.22,1850,-38,1504,37,-6,15,01019,01021
26,10/25/2025,09,Man Utd,Brighton,4,2,2,0,44-56,13-17, 9- 5, 1- 6,2.01,3.92,3.63,1.55,2.55,1693,31,1815,-32,9,11,01020,01036
26,10/25/2025,09,Newcastle,Fulham,2,1,1,0,51-49,18-12, 7- 5, 4- 3,1.61,4.15,6,1.85,2.07,1788,9,1680,-10,-3,-8,01016,01010
26,10/26/2025,09,Arsenal,C Palace,1,0,1,0,60-40,10- 7, 3- 1, 4- 3,1.42,4.86,7.77,1.81,2.07,1969,8,1844,-9,6,0,01018,01012
26,10/26/2025,09,Aston Villa,Man City,1,0,1,0,47-53, 9-18, 3- 4, 5- 6,4.45,4,1.78,1.74,2.18,1804,21,1938,-22,9,10,01003,01009
26,10/26/2025,09,Bournemouth,Nottingham,2,0,2,0,52-48,13- 8, 5- 4, 6- 4,1.83,3.82,4.38,1.97,1.92,1810,10,1632,-11,4,-21,01063,01037
26,10/26/2025,09,Everton,Tottenham,0,3,0,2,53-47,12- 7, 2- 4, 9- 8,2.4,3.36,3.13,1.99,1.9,1771,-52,1694,51,-2,1,01017,01001
26,10/26/2025,09,Wolves,Burnley,2,3,2,2,57-43,15-11, 7- 7, 4- 3,1.95,3.43,4.34,2.37,1.64,1557,-22,1634,21,-8,0,01031,01030
26,11/1/2025,10,Brighton,Leeds,3,0,1,0,50-50,14- 5, 7- 2, 4- 7,2.03,3.6,3.86,1.92,1.99,1783,14,1647,-15,4,-14,01036,01035
26,11/1/2025,10,Burnley,Arsenal,0,2,0,2,46-54, 3-12, 0- 8, 1- 6,12.24,6.08,1.27,1.82,2.08,1655,-14,1977,13,7,9,01030,01018
26,11/1/2025,10,C Palace,Brentford,2,0,1,0,36-64,10- 6, 3- 2, 6- 5,2.07,3.53,3.81,1.84,2.05,1835,15,1759,-16,-6,11,01012,01059
26,11/1/2025,10,Fulham,Wolves,3,0,1,0,63-37,19- 5, 6- 2,10- 1,1.79,3.73,4.92,2.08,1.84,1670,14,1535,-15,-14,-9,01010,01031
26,11/1/2025,10,Liverpool,Aston Villa,2,0,1,0,53-47,16-10, 4- 3, 1- 4,1.68,4.34,4.92,1.57,2.52,1891,16,1825,-17,-28,16,01002,01003
26,11/1/2025,10,Nottingham,Man Utd,2,2,0,1,41-59,17-18, 3- 7, 8- 5,3.48,3.77,2.1,1.79,2.13,1621,0,1724,-1,-22,16,01037,01020
26,11/1/2025,10,Tottenham,Chelsea,0,1,0,1,48-52, 3-15, 1- 9, 6- 5,2.83,3.51,2.57,1.8,2.11,1745,-22,1812,21,8,0,01001,01019
26,11/2/2025,10,Man City,Bournemouth,3,1,2,1,48-52,15- 8, 8- 5, 9- 4,1.43,5.35,6.8,1.49,2.71,1916,14,1820,-15,5,8,01009,01063
26,11/2/2025,10,West Ham,Newcastle,3,1,2,1,37-63,15-12, 9- 4, 7- 6,5.17,4.22,1.66,1.75,2.18,1545,42,1797,-43,-9,-2,01022,01016
26,11/3/2025,10,Sunderland,Everton,1,1,0,1,61-39,17- 8, 3- 2, 4- 1,3.32,3.2,2.42,2.5,1.57,1541,4,1719,-5,20,-11,01021,01017
26,11/8/2025,11,Chelsea,Wolves,3,0,0,0,64-36,20- 3, 8- 0,10- 1,1.36,5.4,9.2,1.62,2.42,1833,5,1520,-6,6,-17,01019,01031
26,11/8/2025,11,Everton,Fulham,2,0,1,0,50-50,14- 8, 5- 4, 7- 5,2.38,3.24,3.35,2.18,1.75,1714,19,1684,-20,-16,-7,01017,01010
26,11/8/2025,11,Sunderland,Arsenal,2,2,1,0,35-65, 6-17, 2- 7, 2- 2,8,4.5,1.47,2.2,1.72,1545,15,1990,-16,19,8,01021,01018
26,11/8/2025,11,Tottenham,Man Utd,2,2,0,1,55-45,10- 5, 4- 2, 5- 3,3.01,3.59,2.43,1.72,2.21,1723,-6,1723,5,9,21,01001,01020
26,11/8/2025,11,West Ham,Burnley,3,2,1,1,43-57,15-16, 6- 7, 7- 4,1.88,3.66,4.44,2,1.91,1587,17,1641,-18,-4,9,01022,01030
26,11/9/2025,11,Aston Villa,Bournemouth,4,0,2,0,52-48,16-12, 8- 3, 6- 9,2.37,3.4,3.2,1.93,1.98,1808,28,1805,-29,10,5,01003,01063
26,11/9/2025,11,Brentford,Newcastle,3,1,0,1,49-51,15- 5, 7- 1, 6- 2,2.93,3.51,2.49,1.79,2.13,1743,22,1754,-23,8,-7,01059,01016
26,11/9/2025,11,C Palace,Brighton,0,0,0,0,42-58,10- 7, 2- 3, 4- 8,2.43,3.45,3.07,1.88,2.02,1850,-9,1797,8,-6,-4,01012,01036
26,11/9/2025,11,Man City,Liverpool,3,0,2,0,49-51,14- 7, 6- 1, 7- 7,1.94,4,3.86,1.49,2.69,1930,23,1907,-24,2,-20,01009,01002
26,11/9/2025,11,Nottingham,Leeds,3,1,1,1,45-55,14-10, 6- 3, 6- 4,2.23,3.3,3.62,2.44,1.59,1621,22,1632,-23,-15,-13,01037,01035
26,11/22/2025,12,Bournemouth,West Ham,2,2,0,2,76-24,28- 5,10- 2, 9- 2,1.68,4.09,5.12,1.69,2.27,1776,-14,1604,13,-5,7,01063,01022
26,11/22/2025,12,Brighton,Brentford,2,1,0,1,64-36,14-10, 5- 4, 7- 4,2.17,3.47,3.59,1.78,2.14,1805,12,1765,-13,-1,12,01036,01059
26,11/22/2025,12,Burnley,Chelsea,0,2,0,1,44-56, 8-15, 2- 5, 1- 9,5.8,4.25,1.61,1.71,2.23,1623,-21,1838,20,3,1,01030,01019
26,11/22/2025,12,Fulham,Sunderland,1,0,0,0,57-43,24- 4, 6- 2, 7- 4,2.07,3.38,4,2.13,1.78,1664,9,1560,-10,-5,21,01010,01021
26,11/22/2025,12,Liverpool,Nottingham,0,3,0,1,74-26,21-15, 4- 7, 8- 6,1.47,4.69,6.97,1.64,2.34,1883,-62,1643,61,-14,-4,01002,01037
26,11/22/2025,12,Newcastle,Man City,2,1,0,0,33-67, 9-17, 5- 4, 5- 9,4.06,3.85,1.93,1.61,2.42,1731,26,1953,-27,-17,4,01016,01009
26,11/22/2025,12,Wolves,C Palace,0,2,0,0,48-52, 8-10, 1- 4, 1- 4,4.53,3.8,1.82,1.96,1.94,1514,-13,1841,12,-18,-1,01031,01012
26,11/23/2025,12,Arsenal,Tottenham,4,1,2,0,57-43,17- 3, 8- 2, 4- 1,1.47,4.47,7.69,2,1.9,1974,7,1717,-8,5,2,01018,01001
26,11/23/2025,12,Leeds,Aston Villa,1,2,1,0,48-52,14-14, 5- 3, 3- 3,3.3,3.46,2.29,2.15,1.77,1609,-13,1836,12,-11,11,01035,01003
26,11/24/2025,12,Man Utd,Everton,0,1,0,1,70-30,25- 3, 6- 1, 9- 1,1.9,3.87,4.08,1.85,2.06,1728,-26,1733,25,17,-15,01020,01017
26,11/29/2025,13,Brentford,Burnley,3,1,0,0,52-48,14- 6, 4- 2, 5- 6,1.52,4.46,6.61,1.85,2.07,1752,11,1602,-12,4,-9,01059,01030
26,11/29/2025,13,Everton,Newcastle,1,4,0,3,49-51,10-13, 2- 8, 8- 7,2.75,3.36,2.73,1.92,1.99,1758,-45,1757,44,-1,-12,01017,01016
26,11/29/2025,13,Man City,Leeds,3,2,2,0,62-38,18- 9, 9- 4, 8- 1,1.22,7.5,13.5,1.42,2.91,1926,3,1596,-4,1,-12,01009,01035
26,11/29/2025,13,Sunderland,Bournemouth,3,2,1,2,42-58,12-18, 6- 6, 6- 3,3.29,3.43,2.31,2.02,1.89,1550,26,1762,-27,11,-14,01021,01063
26,11/29/2025,13,Tottenham,Fulham,1,2,0,2,63-37,14- 7, 2- 3, 8- 2,2.4,3.44,3.12,1.86,2.05,1709,-28,1673,27,0,-2,01001,01010
26,11/30/2025,13,Aston Villa,Wolves,1,0,0,0,52-48,16- 9, 6- 4, 7- 3,1.47,4.65,7.25,1.82,2.07,1848,2,1501,-3,9,-13,01003,01031
26,11/30/2025,13,Chelsea,Arsenal,1,1,0,0,38-62,11- 8, 4- 4, 3- 3,3.19,3.17,2.51,2.11,1.78,1858,1,1981,-2,4,2,01019,01018
26,11/30/2025,13,C Palace,Man Utd,1,2,1,0,44-56,14-14, 3- 6, 4- 4,2.1,3.75,3.56,1.75,2.19,1853,-33,1702,32,2,2,01012,01020
26,11/30/2025,13,Nottingham,Brighton,0,2,0,1,52-48,19-17, 3- 6, 9- 2,2.95,3.35,2.57,1.98,1.92,1704,-29,1817,28,16,2,01037,01036
26,11/30/2025,13,West Ham,Liverpool,0,2,0,0,44-56, 7- 9, 0- 5, 7- 2,5.15,4.75,1.6,1.55,2.55,1617,-22,1821,21,18,-19,01022,01002
26,12/2/2025,14,Bournemouth,Everton,0,1,0,0,55-45, 5-13, 2- 3, 1- 6,2.26,3.4,3.43,1.95,1.95,1735,-27,1713,26,-21,3,01063,01017
26,12/2/2025,14,Fulham,Man City,4,5,1,3,57-43,12-11, 6- 4, 7- 2,5.21,4.22,1.65,1.69,2.28,1700,-13,1929,12,4,2,01010,01009
26,12/2/2025,14,Newcastle,Tottenham,2,2,0,0,53-47,19- 8, 7- 2,11- 8,1.85,3.89,4.3,1.72,2.22,1801,-12,1681,11,1,-14,01016,01001
26,12/3/2025,14,Arsenal,Brentford,2,0,1,0,62-38,15- 6, 7- 1, 4- 8,1.44,4.65,8.07,1.94,1.96,1979,8,1763,-9,0,1,01018,01059
26,12/3/2025,14,Brighton,Aston Villa,3,4,2,2,56-44,16-14, 7-10, 5- 6,2.31,3.45,3.27,1.91,2,1845,-26,1850,25,14,9,01036,01003
26,12/3/2025,14,Burnley,C Palace,0,1,0,1,58-42,11- 4, 4- 3, 3- 3,5.05,3.77,1.76,2.22,1.72,1590,-13,1820,12,-16,-2,01030,01012
26,12/3/2025,14,Leeds,Chelsea,3,1,2,0,29-71,17-14, 5- 2, 4- 2,4.11,3.53,1.99,2.09,1.83,1592,43,1859,-44,-14,11,01035,01019
26,12/3/2025,14,Liverpool,Sunderland,1,1,0,0,68-32,23- 9, 4- 6, 7- 3,1.36,5.47,8.52,1.65,2.32,1842,-16,1576,15,-18,7,01002,01021
26,12/3/2025,14,Wolves,Nottingham,0,1,0,0,50-50, 5-10, 1- 3, 3- 9,3.17,3.32,2.44,2.18,1.75,1498,-16,1675,15,-9,19,01031,01037
26,12/4/2025,14,Man Utd,West Ham,1,1,0,0,65-35,17-11, 4- 3, 6- 6,1.39,5.2,8.25,1.55,2.59,1734,-12,1595,11,0,13,01020,01022
26,12/6/2025,15,Aston Villa,Arsenal,2,1,1,0,47-53,15-15, 6- 9, 3- 3,4.5,3.54,1.93,2.1,1.81,1875,20,1987,-21,14,0,01003,01018
26,12/6/2025,15,Bournemouth,Chelsea,0,0,0,0,39-61,13-11, 5- 4, 5- 0,3.38,3.85,2.12,1.64,2.38,1708,0,1815,-1,-23,-1,01063,01019
26,12/6/2025,15,Everton,Nottingham,3,0,2,0,41-59,11- 7, 5- 3, 6- 3,2.12,3.37,3.84,2.13,1.78,1739,20,1690,-21,3,17,01017,01037
26,12/6/2025,15,Leeds,Liverpool,3,3,0,0,45-55,12-16, 5- 7, 5- 4,4.58,4.07,1.76,1.79,2.11,1635,5,1826,-6,-1,-20,01035,01002
26,12/6/2025,15,Man City,Sunderland,3,0,2,0,64-36,18- 8, 6- 1, 6- 5,1.27,6.45,11,1.45,2.77,1941,4,1591,-5,0,10,01009,01021
26,12/6/2025,15,Newcastle,Burnley,2,1,2,0,69-31,17- 9, 7- 3, 9- 9,1.33,5.75,9.25,1.58,2.46,1789,5,1577,-6,14,-16,01016,01030
26,12/6/2025,15,Tottenham,Brentford,2,0,2,0,53-47,15- 4, 7- 1, 7- 6,2.5,3.44,2.98,2.02,1.88,1692,26,1754,-27,-9,2,01001,01059
26,12/7/2025,15,Brighton,West Ham,1,1,0,0,68-32,22-14, 4- 5,10- 6,1.63,4.35,5.35,1.61,2.41,1819,-15,1606,14,8,2,01036,01022
26,12/7/2025,15,Fulham,C Palace,1,2,1,1,63-37,12-11, 4- 5, 6- 4,2.53,3.4,2.96,2.01,1.9,1687,-18,1832,17,4,-5,01010,01012
26,12/8/2025,15,Wolves,Man Utd,1,4,1,1,37-63, 8-27, 2-10, 1- 9,5.35,4.2,1.65,1.75,2.17,1482,-22,1722,21,-9,0,01031,01020
26,12/13/2025,16,Arsenal,Wolves,0,0,0,0, 0- 0, 0- 0, 0- 0, 0- 0,1.16,7.98,19.37,1.56,2.44,1966,0,1460,0,-1,-12,01018,01031
26,12/13/2025,16,Burnley,Fulham,0,0,0,0, 0- 0, 0- 0, 0- 0, 0- 0,3.94,3.62,1.98,2.09,1.8,1571,0,1669,0,-12,2,01030,01010
26,12/13/2025,16,Chelsea,Everton,0,0,0,0, 0- 0, 0- 0, 0- 0, 0- 0,1.68,4,5.23,1.91,1.98,1814,0,1759,0,-9,3,01019,01017
26,12/13/2025,16,Liverpool,Brighton,0,0,0,0, 0- 0, 0- 0, 0- 0, 0- 0,1.72,4.22,4.59,1.53,2.61,1820,0,1804,0,-12,0,01002,01036
26,12/14/2025,16,Brentford,Leeds,0,0,0,0, 0- 0, 0- 0, 0- 0, 0- 0,2.01,3.61,3.86,1.98,1.9,1727,0,1640,0,-7,10,01059,01035
26,12/14/2025,16,C Palace,Man City,0,0,0,0, 0- 0, 0- 0, 0- 0, 0- 0,4,3.95,1.88,1.69,2.24,1849,0,1945,0,0,0,01012,01009
26,12/14/2025,16,Nottingham,Tottenham,0,0,0,0, 0- 0, 0- 0, 0- 0, 0- 0,2.59,3.38,2.84,2.03,1.86,1669,0,1718,0,3,-1,01037,01001
26,12/14/2025,16,Sunderland,Newcastle,0,0,0,0, 0- 0, 0- 0, 0- 0, 0- 0,3.46,3.35,2.24,1.99,1.9,1586,0,1794,0,9,15,01021,01016
26,12/14/2025,16,West Ham,Aston Villa,0,0,0,0, 0- 0, 0- 0, 0- 0, 0- 0,3.73,3.51,2.08,1.87,2.02,1620,0,1895,0,2,14,01022,01003
26,12/15/2025,16,Man Utd,Bournemouth,0,0,0,0, 0- 0, 0- 0, 0- 0, 0- 0,1.85,4.12,3.85,1.56,2.51,1743,0,1708,0,5,-19,01020,01063
26,12/20/2025,17,Bournemouth,Burnley,0,0,0,0, 0- 0, 0- 0, 0- 0, 0- 0,0,0,0,0,0,0,0,0,0,0,0,01063,01030
26,12/20/2025,17,Brighton,Sunderland,0,0,0,0, 0- 0, 0- 0, 0- 0, 0- 0,0,0,0,0,0,0,0,0,0,0,0,01036,01021
26,12/20/2025,17,Everton,Arsenal,0,0,0,0, 0- 0, 0- 0, 0- 0, 0- 0,0,0,0,0,0,0,0,0,0,0,0,01017,01018
26,12/20/2025,17,Leeds,C Palace,0,0,0,0, 0- 0, 0- 0, 0- 0, 0- 0,0,0,0,0,0,0,0,0,0,0,0,01035,01012
26,12/20/2025,17,Man City,West Ham,0,0,0,0, 0- 0, 0- 0, 0- 0, 0- 0,0,0,0,0,0,0,0,0,0,0,0,01009,01022
26,12/20/2025,17,Newcastle,Chelsea,0,0,0,0, 0- 0, 0- 0, 0- 0, 0- 0,0,0,0,0,0,0,0,0,0,0,0,01016,01019
26,12/20/2025,17,Tottenham,Liverpool,0,0,0,0, 0- 0, 0- 0, 0- 0, 0- 0,0,0,0,0,0,0,0,0,0,0,0,01001,01002
26,12/20/2025,17,Wolves,Brentford,0,0,0,0, 0- 0, 0- 0, 0- 0, 0- 0,0,0,0,0,0,0,0,0,0,0,0,01031,01059
26,12/21/2025,17,Aston Villa,Man Utd,0,0,0,0, 0- 0, 0- 0, 0- 0, 0- 0,0,0,0,0,0,0,0,0,0,0,0,01003,01020
26,12/22/2025,17,Fulham,Nottingham,0,0,0,0, 0- 0, 0- 0, 0- 0, 0- 0,0,0,0,0,0,0,0,0,0,0,0,01010,01037
26,12/26/2025,18,Man Utd,Newcastle,0,0,0,0, 0- 0, 0- 0, 0- 0, 0- 0,0,0,0,0,0,0,0,0,0,0,0,01020,01016
26,12/27/2025,18,Arsenal,Brighton,0,0,0,0, 0- 0, 0- 0, 0- 0, 0- 0,0,0,0,0,0,0,0,0,0,0,0,01018,01036
26,12/27/2025,18,Brentford,Bournemouth,0,0,0,0, 0- 0, 0- 0, 0- 0, 0- 0,0,0,0,0,0,0,0,0,0,0,0,01059,01063
26,12/27/2025,18,Burnley,Everton,0,0,0,0, 0- 0, 0- 0, 0- 0, 0- 0,0,0,0,0,0,0,0,0,0,0,0,01030,01017
26,12/27/2025,18,Chelsea,Aston Villa,0,0,0,0, 0- 0, 0- 0, 0- 0, 0- 0,0,0,0,0,0,0,0,0,0,0,0,01019,01003
26,12/27/2025,18,Liverpool,Wolves,0,0,0,0, 0- 0, 0- 0, 0- 0, 0- 0,0,0,0,0,0,0,0,0,0,0,0,01002,01031
26,12/27/2025,18,Nottingham,Man City,0,0,0,0, 0- 0, 0- 0, 0- 0, 0- 0,0,0,0,0,0,0,0,0,0,0,0,01037,01009
26,12/27/2025,18,West Ham,Fulham,0,0,0,0, 0- 0, 0- 0, 0- 0, 0- 0,0,0,0,0,0,0,0,0,0,0,0,01022,01010
26,12/28/2025,18,C Palace,Tottenham,0,0,0,0, 0- 0, 0- 0, 0- 0, 0- 0,0,0,0,0,0,0,0,0,0,0,0,01012,01001
26,12/28/2025,18,Sunderland,Leeds,0,0,0,0, 0- 0, 0- 0, 0- 0, 0- 0,0,0,0,0,0,0,0,0,0,0,0,01021,01035
26,12/30/2025,19,Arsenal,Aston Villa,0,0,0,0, 0- 0, 0- 0, 0- 0, 0- 0,0,0,0,0,0,0,0,0,0,0,0,01018,01003
26,12/30/2025,19,Burnley,Newcastle,0,0,0,0, 0- 0, 0- 0, 0- 0, 0- 0,0,0,0,0,0,0,0,0,0,0,0,01030,01016
26,12/30/2025,19,Chelsea,Bournemouth,0,0,0,0, 0- 0, 0- 0, 0- 0, 0- 0,0,0,0,0,0,0,0,0,0,0,0,01019,01063
26,12/30/2025,19,Man Utd,Wolves,0,0,0,0, 0- 0, 0- 0, 0- 0, 0- 0,0,0,0,0,0,0,0,0,0,0,0,01020,01031
26,12/30/2025,19,Nottingham,Everton,0,0,0,0, 0- 0, 0- 0, 0- 0, 0- 0,0,0,0,0,0,0,0,0,0,0,0,01037,01017
26,12/30/2025,19,West Ham,Brighton,0,0,0,0, 0- 0, 0- 0, 0- 0, 0- 0,0,0,0,0,0,0,0,0,0,0,0,01022,01036
26,1/1/2026,19,Brentford,Tottenham,0,0,0,0, 0- 0, 0- 0, 0- 0, 0- 0,0,0,0,0,0,0,0,0,0,0,0,01059,01001
26,1/1/2026,19,C Palace,Fulham,0,0,0,0, 0- 0, 0- 0, 0- 0, 0- 0,0,0,0,0,0,0,0,0,0,0,0,01012,01010
26,1/1/2026,19,Liverpool,Leeds,0,0,0,0, 0- 0, 0- 0, 0- 0, 0- 0,0,0,0,0,0,0,0,0,0,0,0,01002,01035
26,1/1/2026,19,Sunderland,Man City,0,0,0,0, 0- 0, 0- 0, 0- 0, 0- 0,0,0,0,0,0,0,0,0,0,0,0,01021,01009
26,1/3/2026,20,Aston Villa,Nottingham,0,0,0,0, 0- 0, 0- 0, 0- 0, 0- 0,0,0,0,0,0,0,0,0,0,0,0,01003,01037
26,1/3/2026,20,Bournemouth,Arsenal,0,0,0,0, 0- 0, 0- 0, 0- 0, 0- 0,0,0,0,0,0,0,0,0,0,0,0,01063,01018
26,1/3/2026,20,Brighton,Burnley,0,0,0,0, 0- 0, 0- 0, 0- 0, 0- 0,0,0,0,0,0,0,0,0,0,0,0,01036,01030
26,1/3/2026,20,Wolves,West Ham,0,0,0,0, 0- 0, 0- 0, 0- 0, 0- 0,0,0,0,0,0,0,0,0,0,0,0,01031,01022
26,1/4/2026,20,Everton,Brentford,0,0,0,0, 0- 0, 0- 0, 0- 0, 0- 0,0,0,0,0,0,0,0,0,0,0,0,01017,01059
26,1/4/2026,20,Fulham,Liverpool,0,0,0,0, 0- 0, 0- 0, 0- 0, 0- 0,0,0,0,0,0,0,0,0,0,0,0,01010,01002
26,1/4/2026,20,Leeds,Man Utd,0,0,0,0, 0- 0, 0- 0, 0- 0, 0- 0,0,0,0,0,0,0,0,0,0,0,0,01035,01020
26,1/4/2026,20,Man City,Chelsea,0,0,0,0, 0- 0, 0- 0, 0- 0, 0- 0,0,0,0,0,0,0,0,0,0,0,0,01009,01019
26,1/4/2026,20,Newcastle,C Palace,0,0,0,0, 0- 0, 0- 0, 0- 0, 0- 0,0,0,0,0,0,0,0,0,0,0,0,01016,01012
26,1/4/2026,20,Tottenham,Sunderland,0,0,0,0, 0- 0, 0- 0, 0- 0, 0- 0,0,0,0,0,0,0,0,0,0,0,0,01001,01021
26,1/6/2026,21,West Ham,Nottingham,0,0,0,0, 0- 0, 0- 0, 0- 0, 0- 0,0,0,0,0,0,0,0,0,0,0,0,01022,01037
26,1/7/2026,21,Bournemouth,Tottenham,0,0,0,0, 0- 0, 0- 0, 0- 0, 0- 0,0,0,0,0,0,0,0,0,0,0,0,01063,01001
26,1/7/2026,21,Brentford,Sunderland,0,0,0,0, 0- 0, 0- 0, 0- 0, 0- 0,0,0,0,0,0,0,0,0,0,0,0,01059,01021
26,1/7/2026,21,Burnley,Man Utd,0,0,0,0, 0- 0, 0- 0, 0- 0, 0- 0,0,0,0,0,0,0,0,0,0,0,0,01030,01020
26,1/7/2026,21,C Palace,Aston Villa,0,0,0,0, 0- 0, 0- 0, 0- 0, 0- 0,0,0,0,0,0,0,0,0,0,0,0,01012,01003
26,1/7/2026,21,Everton,Wolves,0,0,0,0, 0- 0, 0- 0, 0- 0, 0- 0,0,0,0,0,0,0,0,0,0,0,0,01017,01031
26,1/7/2026,21,Fulham,Chelsea,0,0,0,0, 0- 0, 0- 0, 0- 0, 0- 0,0,0,0,0,0,0,0,0,0,0,0,01010,01019
26,1/7/2026,21,Man City,Brighton,0,0,0,0, 0- 0, 0- 0, 0- 0, 0- 0,0,0,0,0,0,0,0,0,0,0,0,01009,01036
26,1/7/2026,21,Newcastle,Leeds,0,0,0,0, 0- 0, 0- 0, 0- 0, 0- 0,0,0,0,0,0,0,0,0,0,0,0,01016,01035
26,1/8/2026,21,Arsenal,Liverpool,0,0,0,0, 0- 0, 0- 0, 0- 0, 0- 0,0,0,0,0,0,0,0,0,0,0,0,01018,01002
26,1/17/2026,22,Chelsea,Brentford,0,0,0,0, 0- 0, 0- 0, 0- 0, 0- 0,0,0,0,0,0,0,0,0,0,0,0,01019,01059
26,1/17/2026,22,Leeds,Fulham,0,0,0,0, 0- 0, 0- 0, 0- 0, 0- 0,0,0,0,0,0,0,0,0,0,0,0,01035,01010
26,1/17/2026,22,Liverpool,Burnley,0,0,0,0, 0- 0, 0- 0, 0- 0, 0- 0,0,0,0,0,0,0,0,0,0,0,0,01002,01030
26,1/17/2026,22,Man Utd,Man City,0,0,0,0, 0- 0, 0- 0, 0- 0, 0- 0,0,0,0,0,0,0,0,0,0,0,0,01020,01009
26,1/17/2026,22,Nottingham,Arsenal,0,0,0,0, 0- 0, 0- 0, 0- 0, 0- 0,0,0,0,0,0,0,0,0,0,0,0,01037,01018
26,1/17/2026,22,Sunderland,C Palace,0,0,0,0, 0- 0, 0- 0, 0- 0, 0- 0,0,0,0,0,0,0,0,0,0,0,0,01021,01012
26,1/17/2026,22,Tottenham,West Ham,0,0,0,0, 0- 0, 0- 0, 0- 0, 0- 0,0,0,0,0,0,0,0,0,0,0,0,01001,01022
26,1/18/2026,22,Aston Villa,Everton,0,0,0,0, 0- 0, 0- 0, 0- 0, 0- 0,0,0,0,0,0,0,0,0,0,0,0,01003,01017
26,1/18/2026,22,Wolves,Newcastle,0,0,0,0, 0- 0, 0- 0, 0- 0, 0- 0,0,0,0,0,0,0,0,0,0,0,0,01031,01016
26,1/19/2026,22,Brighton,Bournemouth,0,0,0,0, 0- 0, 0- 0, 0- 0, 0- 0,0,0,0,0,0,0,0,0,0,0,0,01036,01063
26,1/24/2026,23,Bournemouth,Liverpool,0,0,0,0, 0- 0, 0- 0, 0- 0, 0- 0,0,0,0,0,0,0,0,0,0,0,0,01063,01002
26,1/24/2026,23,Burnley,Tottenham,0,0,0,0, 0- 0, 0- 0, 0- 0, 0- 0,0,0,0,0,0,0,0,0,0,0,0,01030,01001
26,1/24/2026,23,Fulham,Brighton,0,0,0,0, 0- 0, 0- 0, 0- 0, 0- 0,0,0,0,0,0,0,0,0,0,0,0,01010,01036
26,1/24/2026,23,Man City,Wolves,0,0,0,0, 0- 0, 0- 0, 0- 0, 0- 0,0,0,0,0,0,0,0,0,0,0,0,01009,01031
26,1/24/2026,23,West Ham,Sunderland,0,0,0,0, 0- 0, 0- 0, 0- 0, 0- 0,0,0,0,0,0,0,0,0,0,0,0,01022,01021
26,1/25/2026,23,Arsenal,Man Utd,0,0,0,0, 0- 0, 0- 0, 0- 0, 0- 0,0,0,0,0,0,0,0,0,0,0,0,01018,01020
26,1/25/2026,23,Brentford,Nottingham,0,0,0,0, 0- 0, 0- 0, 0- 0, 0- 0,0,0,0,0,0,0,0,0,0,0,0,01059,01037
26,1/25/2026,23,C Palace,Chelsea,0,0,0,0, 0- 0, 0- 0, 0- 0, 0- 0,0,0,0,0,0,0,0,0,0,0,0,01012,01019
26,1/25/2026,23,Newcastle,Aston Villa,0,0,0,0, 0- 0, 0- 0, 0- 0, 0- 0,0,0,0,0,0,0,0,0,0,0,0,01016,01003
26,1/26/2026,23,Everton,Leeds,0,0,0,0, 0- 0, 0- 0, 0- 0, 0- 0,0,0,0,0,0,0,0,0,0,0,0,01017,01035
26,1/31/2026,24,Brighton,Everton,0,0,0,0, 0- 0, 0- 0, 0- 0, 0- 0,0,0,0,0,0,0,0,0,0,0,0,01036,01017
26,1/31/2026,24,Chelsea,West Ham,0,0,0,0, 0- 0, 0- 0, 0- 0, 0- 0,0,0,0,0,0,0,0,0,0,0,0,01019,01022
26,1/31/2026,24,Leeds,Arsenal,0,0,0,0, 0- 0, 0- 0, 0- 0, 0- 0,0,0,0,0,0,0,0,0,0,0,0,01035,01018
26,1/31/2026,24,Liverpool,Newcastle,0,0,0,0, 0- 0, 0- 0, 0- 0, 0- 0,0,0,0,0,0,0,0,0,0,0,0,01002,01016
26,1/31/2026,24,Wolves,Bournemouth,0,0,0,0, 0- 0, 0- 0, 0- 0, 0- 0,0,0,0,0,0,0,0,0,0,0,0,01031,01063
26,2/1/2026,24,Aston Villa,Brentford,0,0,0,0, 0- 0, 0- 0, 0- 0, 0- 0,0,0,0,0,0,0,0,0,0,0,0,01003,01059
26,2/1/2026,24,Man Utd,Fulham,0,0,0,0, 0- 0, 0- 0, 0- 0, 0- 0,0,0,0,0,0,0,0,0,0,0,0,01020,01010
26,2/1/2026,24,Nottingham,C Palace,0,0,0,0, 0- 0, 0- 0, 0- 0, 0- 0,0,0,0,0,0,0,0,0,0,0,0,01037,01012
26,2/1/2026,24,Tottenham,Man City,0,0,0,0, 0- 0, 0- 0, 0- 0, 0- 0,0,0,0,0,0,0,0,0,0,0,0,01001,01009
26,2/2/2026,24,Sunderland,Burnley,0,0,0,0, 0- 0, 0- 0, 0- 0, 0- 0,0,0,0,0,0,0,0,0,0,0,0,01021,01030
26,2/7/2026,25,Arsenal,Sunderland,0,0,0,0, 0- 0, 0- 0, 0- 0, 0- 0,0,0,0,0,0,0,0,0,0,0,0,01018,01021
26,2/7/2026,25,Bournemouth,Aston Villa,0,0,0,0, 0- 0, 0- 0, 0- 0, 0- 0,0,0,0,0,0,0,0,0,0,0,0,01063,01003
26,2/7/2026,25,Brighton,C Palace,0,0,0,0, 0- 0, 0- 0, 0- 0, 0- 0,0,0,0,0,0,0,0,0,0,0,0,01036,01012
26,2/7/2026,25,Burnley,West Ham,0,0,0,0, 0- 0, 0- 0, 0- 0, 0- 0,0,0,0,0,0,0,0,0,0,0,0,01030,01022
26,2/7/2026,25,Fulham,Everton,0,0,0,0, 0- 0, 0- 0, 0- 0, 0- 0,0,0,0,0,0,0,0,0,0,0,0,01010,01017
26,2/7/2026,25,Leeds,Nottingham,0,0,0,0, 0- 0, 0- 0, 0- 0, 0- 0,0,0,0,0,0,0,0,0,0,0,0,01035,01037
26,2/7/2026,25,Liverpool,Man City,0,0,0,0, 0- 0, 0- 0, 0- 0, 0- 0,0,0,0,0,0,0,0,0,0,0,0,01002,01009
26,2/7/2026,25,Man Utd,Tottenham,0,0,0,0, 0- 0, 0- 0, 0- 0, 0- 0,0,0,0,0,0,0,0,0,0,0,0,01020,01001
26,2/7/2026,25,Newcastle,Brentford,0,0,0,0, 0- 0, 0- 0, 0- 0, 0- 0,0,0,0,0,0,0,0,0,0,0,0,01016,01059
26,2/7/2026,25,Wolves,Chelsea,0,0,0,0, 0- 0, 0- 0, 0- 0, 0- 0,0,0,0,0,0,0,0,0,0,0,0,01031,01019
26,2/11/2026,26,Aston Villa,Brighton,0,0,0,0, 0- 0, 0- 0, 0- 0, 0- 0,0,0,0,0,0,0,0,0,0,0,0,01003,01036
26,2/11/2026,26,Brentford,Arsenal,0,0,0,0, 0- 0, 0- 0, 0- 0, 0- 0,0,0,0,0,0,0,0,0,0,0,0,01059,01018
26,2/11/2026,26,Chelsea,Leeds,0,0,0,0, 0- 0, 0- 0, 0- 0, 0- 0,0,0,0,0,0,0,0,0,0,0,0,01019,01035
26,2/11/2026,26,C Palace,Burnley,0,0,0,0, 0- 0, 0- 0, 0- 0, 0- 0,0,0,0,0,0,0,0,0,0,0,0,01012,01030
26,2/11/2026,26,Everton,Bournemouth,0,0,0,0, 0- 0, 0- 0, 0- 0, 0- 0,0,0,0,0,0,0,0,0,0,0,0,01017,01063
26,2/11/2026,26,Man City,Fulham,0,0,0,0, 0- 0, 0- 0, 0- 0, 0- 0,0,0,0,0,0,0,0,0,0,0,0,01009,01010
26,2/11/2026,26,Nottingham,Wolves,0,0,0,0, 0- 0, 0- 0, 0- 0, 0- 0,0,0,0,0,0,0,0,0,0,0,0,01037,01031
26,2/11/2026,26,Sunderland,Liverpool,0,0,0,0, 0- 0, 0- 0, 0- 0, 0- 0,0,0,0,0,0,0,0,0,0,0,0,01021,01002
26,2/11/2026,26,Tottenham,Newcastle,0,0,0,0, 0- 0, 0- 0, 0- 0, 0- 0,0,0,0,0,0,0,0,0,0,0,0,01001,01016
26,2/11/2026,26,West Ham,Man Utd,0,0,0,0, 0- 0, 0- 0, 0- 0, 0- 0,0,0,0,0,0,0,0,0,0,0,0,01022,01020
26,2/21/2026,27,Aston Villa,Leeds,0,0,0,0, 0- 0, 0- 0, 0- 0, 0- 0,0,0,0,0,0,0,0,0,0,0,0,01003,01035
26,2/21/2026,27,Brentford,Brighton,0,0,0,0, 0- 0, 0- 0, 0- 0, 0- 0,0,0,0,0,0,0,0,0,0,0,0,01059,01036
26,2/21/2026,27,Chelsea,Burnley,0,0,0,0, 0- 0, 0- 0, 0- 0, 0- 0,0,0,0,0,0,0,0,0,0,0,0,01019,01030
26,2/21/2026,27,C Palace,Wolves,0,0,0,0, 0- 0, 0- 0, 0- 0, 0- 0,0,0,0,0,0,0,0,0,0,0,0,01012,01031
26,2/21/2026,27,Everton,Man Utd,0,0,0,0, 0- 0, 0- 0, 0- 0, 0- 0,0,0,0,0,0,0,0,0,0,0,0,01017,01020
26,2/21/2026,27,Man City,Newcastle,0,0,0,0, 0- 0, 0- 0, 0- 0, 0- 0,0,0,0,0,0,0,0,0,0,0,0,01009,01016
26,2/21/2026,27,Nottingham,Liverpool,0,0,0,0, 0- 0, 0- 0, 0- 0, 0- 0,0,0,0,0,0,0,0,0,0,0,0,01037,01002
26,2/21/2026,27,Sunderland,Fulham,0,0,0,0, 0- 0, 0- 0, 0- 0, 0- 0,0,0,0,0,0,0,0,0,0,0,0,01021,01010
26,2/21/2026,27,Tottenham,Arsenal,0,0,0,0, 0- 0, 0- 0, 0- 0, 0- 0,0,0,0,0,0,0,0,0,0,0,0,01001,01018
26,2/21/2026,27,West Ham,Bournemouth,0,0,0,0, 0- 0, 0- 0, 0- 0, 0- 0,0,0,0,0,0,0,0,0,0,0,0,01022,01063
26,2/28/2026,28,Arsenal,Chelsea,0,0,0,0, 0- 0, 0- 0, 0- 0, 0- 0,0,0,0,0,0,0,0,0,0,0,0,01018,01019
26,2/28/2026,28,Bournemouth,Sunderland,0,0,0,0, 0- 0, 0- 0, 0- 0, 0- 0,0,0,0,0,0,0,0,0,0,0,0,01063,01021
26,2/28/2026,28,Brighton,Nottingham,0,0,0,0, 0- 0, 0- 0, 0- 0, 0- 0,0,0,0,0,0,0,0,0,0,0,0,01036,01037
26,2/28/2026,28,Burnley,Brentford,0,0,0,0, 0- 0, 0- 0, 0- 0, 0- 0,0,0,0,0,0,0,0,0,0,0,0,01030,01059
26,2/28/2026,28,Fulham,Tottenham,0,0,0,0, 0- 0, 0- 0, 0- 0, 0- 0,0,0,0,0,0,0,0,0,0,0,0,01010,01001
26,2/28/2026,28,Leeds,Man City,0,0,0,0, 0- 0, 0- 0, 0- 0, 0- 0,0,0,0,0,0,0,0,0,0,0,0,01035,01009
26,2/28/2026,28,Liverpool,West Ham,0,0,0,0, 0- 0, 0- 0, 0- 0, 0- 0,0,0,0,0,0,0,0,0,0,0,0,01002,01022
26,2/28/2026,28,Man Utd,C Palace,0,0,0,0, 0- 0, 0- 0, 0- 0, 0- 0,0,0,0,0,0,0,0,0,0,0,0,01020,01012
26,2/28/2026,28,Newcastle,Everton,0,0,0,0, 0- 0, 0- 0, 0- 0, 0- 0,0,0,0,0,0,0,0,0,0,0,0,01016,01017
26,2/28/2026,28,Wolves,Aston Villa,0,0,0,0, 0- 0, 0- 0, 0- 0, 0- 0,0,0,0,0,0,0,0,0,0,0,0,01031,01003
26,3/4/2026,29,Aston Villa,Chelsea,0,0,0,0, 0- 0, 0- 0, 0- 0, 0- 0,0,0,0,0,0,0,0,0,0,0,0,01003,01019
26,3/4/2026,29,Bournemouth,Brentford,0,0,0,0, 0- 0, 0- 0, 0- 0, 0- 0,0,0,0,0,0,0,0,0,0,0,0,01063,01059
26,3/4/2026,29,Brighton,Arsenal,0,0,0,0, 0- 0, 0- 0, 0- 0, 0- 0,0,0,0,0,0,0,0,0,0,0,0,01036,01018
26,3/4/2026,29,Everton,Burnley,0,0,0,0, 0- 0, 0- 0, 0- 0, 0- 0,0,0,0,0,0,0,0,0,0,0,0,01017,01030
26,3/4/2026,29,Fulham,West Ham,0,0,0,0, 0- 0, 0- 0, 0- 0, 0- 0,0,0,0,0,0,0,0,0,0,0,0,01010,01022
26,3/4/2026,29,Leeds,Sunderland,0,0,0,0, 0- 0, 0- 0, 0- 0, 0- 0,0,0,0,0,0,0,0,0,0,0,0,01035,01021
26,3/4/2026,29,Man City,Nottingham,0,0,0,0, 0- 0, 0- 0, 0- 0, 0- 0,0,0,0,0,0,0,0,0,0,0,0,01009,01037
26,3/4/2026,29,Newcastle,Man Utd,0,0,0,0, 0- 0, 0- 0, 0- 0, 0- 0,0,0,0,0,0,0,0,0,0,0,0,01016,01020
26,3/4/2026,29,Tottenham,C Palace,0,0,0,0, 0- 0, 0- 0, 0- 0, 0- 0,0,0,0,0,0,0,0,0,0,0,0,01001,01012
26,3/4/2026,29,Wolves,Liverpool,0,0,0,0, 0- 0, 0- 0, 0- 0, 0- 0,0,0,0,0,0,0,0,0,0,0,0,01031,01002
26,3/14/2026,30,Arsenal,Everton,0,0,0,0, 0- 0, 0- 0, 0- 0, 0- 0,0,0,0,0,0,0,0,0,0,0,0,01018,01017
26,3/14/2026,30,Brentford,Wolves,0,0,0,0, 0- 0, 0- 0, 0- 0, 0- 0,0,0,0,0,0,0,0,0,0,0,0,01059,01031
26,3/14/2026,30,Burnley,Bournemouth,0,0,0,0, 0- 0, 0- 0, 0- 0, 0- 0,0,0,0,0,0,0,0,0,0,0,0,01030,01063
26,3/14/2026,30,Chelsea,Newcastle,0,0,0,0, 0- 0, 0- 0, 0- 0, 0- 0,0,0,0,0,0,0,0,0,0,0,0,01019,01016
26,3/14/2026,30,C Palace,Leeds,0,0,0,0, 0- 0, 0- 0, 0- 0, 0- 0,0,0,0,0,0,0,0,0,0,0,0,01012,01035
26,3/14/2026,30,Liverpool,Tottenham,0,0,0,0, 0- 0, 0- 0, 0- 0, 0- 0,0,0,0,0,0,0,0,0,0,0,0,01002,01001
26,3/14/2026,30,Man Utd,Aston Villa,0,0,0,0, 0- 0, 0- 0, 0- 0, 0- 0,0,0,0,0,0,0,0,0,0,0,0,01020,01003
26,3/14/2026,30,Nottingham,Fulham,0,0,0,0, 0- 0, 0- 0, 0- 0, 0- 0,0,0,0,0,0,0,0,0,0,0,0,01037,01010
26,3/14/2026,30,Sunderland,Brighton,0,0,0,0, 0- 0, 0- 0, 0- 0, 0- 0,0,0,0,0,0,0,0,0,0,0,0,01021,01036
26,3/14/2026,30,West Ham,Man City,0,0,0,0, 0- 0, 0- 0, 0- 0, 0- 0,0,0,0,0,0,0,0,0,0,0,0,01022,01009
26,3/21/2026,31,Aston Villa,West Ham,0,0,0,0, 0- 0, 0- 0, 0- 0, 0- 0,0,0,0,0,0,0,0,0,0,0,0,01003,01022
26,3/21/2026,31,Bournemouth,Man Utd,0,0,0,0, 0- 0, 0- 0, 0- 0, 0- 0,0,0,0,0,0,0,0,0,0,0,0,01063,01020
26,3/21/2026,31,Brighton,Liverpool,0,0,0,0, 0- 0, 0- 0, 0- 0, 0- 0,0,0,0,0,0,0,0,0,0,0,0,01036,01002
26,3/21/2026,31,Everton,Chelsea,0,0,0,0, 0- 0, 0- 0, 0- 0, 0- 0,0,0,0,0,0,0,0,0,0,0,0,01017,01019
26,3/21/2026,31,Fulham,Burnley,0,0,0,0, 0- 0, 0- 0, 0- 0, 0- 0,0,0,0,0,0,0,0,0,0,0,0,01010,01030
26,3/21/2026,31,Leeds,Brentford,0,0,0,0, 0- 0, 0- 0, 0- 0, 0- 0,0,0,0,0,0,0,0,0,0,0,0,01035,01059
26,3/21/2026,31,Man City,C Palace,0,0,0,0, 0- 0, 0- 0, 0- 0, 0- 0,0,0,0,0,0,0,0,0,0,0,0,01009,01012
26,3/21/2026,31,Newcastle,Sunderland,0,0,0,0, 0- 0, 0- 0, 0- 0, 0- 0,0,0,0,0,0,0,0,0,0,0,0,01016,01021
26,3/21/2026,31,Tottenham,Nottingham,0,0,0,0, 0- 0, 0- 0, 0- 0, 0- 0,0,0,0,0,0,0,0,0,0,0,0,01001,01037
26,3/21/2026,31,Wolves,Arsenal,0,0,0,0, 0- 0, 0- 0, 0- 0, 0- 0,0,0,0,0,0,0,0,0,0,0,0,01031,01018
26,4/11/2026,32,Arsenal,Bournemouth,0,0,0,0, 0- 0, 0- 0, 0- 0, 0- 0,0,0,0,0,0,0,0,0,0,0,0,01018,01063
26,4/11/2026,32,Brentford,Everton,0,0,0,0, 0- 0, 0- 0, 0- 0, 0- 0,0,0,0,0,0,0,0,0,0,0,0,01059,01017
26,4/11/2026,32,Burnley,Brighton,0,0,0,0, 0- 0, 0- 0, 0- 0, 0- 0,0,0,0,0,0,0,0,0,0,0,0,01030,01036
26,4/11/2026,32,Chelsea,Man City,0,0,0,0, 0- 0, 0- 0, 0- 0, 0- 0,0,0,0,0,0,0,0,0,0,0,0,01019,01009
26,4/11/2026,32,C Palace,Newcastle,0,0,0,0, 0- 0, 0- 0, 0- 0, 0- 0,0,0,0,0,0,0,0,0,0,0,0,01012,01016
26,4/11/2026,32,Liverpool,Fulham,0,0,0,0, 0- 0, 0- 0, 0- 0, 0- 0,0,0,0,0,0,0,0,0,0,0,0,01002,01010
26,4/11/2026,32,Man Utd,Leeds,0,0,0,0, 0- 0, 0- 0, 0- 0, 0- 0,0,0,0,0,0,0,0,0,0,0,0,01020,01035
26,4/11/2026,32,Nottingham,Aston Villa,0,0,0,0, 0- 0, 0- 0, 0- 0, 0- 0,0,0,0,0,0,0,0,0,0,0,0,01037,01003
26,4/11/2026,32,Sunderland,Tottenham,0,0,0,0, 0- 0, 0- 0, 0- 0, 0- 0,0,0,0,0,0,0,0,0,0,0,0,01021,01001
26,4/11/2026,32,West Ham,Wolves,0,0,0,0, 0- 0, 0- 0, 0- 0, 0- 0,0,0,0,0,0,0,0,0,0,0,0,01022,01031
26,4/18/2026,33,Aston Villa,Sunderland,0,0,0,0, 0- 0, 0- 0, 0- 0, 0- 0,0,0,0,0,0,0,0,0,0,0,0,01003,01021
26,4/18/2026,33,Brentford,Fulham,0,0,0,0, 0- 0, 0- 0, 0- 0, 0- 0,0,0,0,0,0,0,0,0,0,0,0,01059,01010
26,4/18/2026,33,Chelsea,Man Utd,0,0,0,0, 0- 0, 0- 0, 0- 0, 0- 0,0,0,0,0,0,0,0,0,0,0,0,01019,01020
26,4/18/2026,33,C Palace,West Ham,0,0,0,0, 0- 0, 0- 0, 0- 0, 0- 0,0,0,0,0,0,0,0,0,0,0,0,01012,01022
26,4/18/2026,33,Everton,Liverpool,0,0,0,0, 0- 0, 0- 0, 0- 0, 0- 0,0,0,0,0,0,0,0,0,0,0,0,01017,01002
26,4/18/2026,33,Leeds,Wolves,0,0,0,0, 0- 0, 0- 0, 0- 0, 0- 0,0,0,0,0,0,0,0,0,0,0,0,01035,01031
26,4/18/2026,33,Man City,Arsenal,0,0,0,0, 0- 0, 0- 0, 0- 0, 0- 0,0,0,0,0,0,0,0,0,0,0,0,01009,01018
26,4/18/2026,33,Newcastle,Bournemouth,0,0,0,0, 0- 0, 0- 0, 0- 0, 0- 0,0,0,0,0,0,0,0,0,0,0,0,01016,01063
26,4/18/2026,33,Nottingham,Burnley,0,0,0,0, 0- 0, 0- 0, 0- 0, 0- 0,0,0,0,0,0,0,0,0,0,0,0,01037,01030
26,4/18/2026,33,Tottenham,Brighton,0,0,0,0, 0- 0, 0- 0, 0- 0, 0- 0,0,0,0,0,0,0,0,0,0,0,0,01001,01036
26,4/25/2026,34,Arsenal,Newcastle,0,0,0,0, 0- 0, 0- 0, 0- 0, 0- 0,0,0,0,0,0,0,0,0,0,0,0,01018,01016
26,4/25/2026,34,Bournemouth,Leeds,0,0,0,0, 0- 0, 0- 0, 0- 0, 0- 0,0,0,0,0,0,0,0,0,0,0,0,01063,01035
26,4/25/2026,34,Brighton,Chelsea,0,0,0,0, 0- 0, 0- 0, 0- 0, 0- 0,0,0,0,0,0,0,0,0,0,0,0,01036,01019
26,4/25/2026,34,Burnley,Man City,0,0,0,0, 0- 0, 0- 0, 0- 0, 0- 0,0,0,0,0,0,0,0,0,0,0,0,01030,01009
26,4/25/2026,34,Fulham,Aston Villa,0,0,0,0, 0- 0, 0- 0, 0- 0, 0- 0,0,0,0,0,0,0,0,0,0,0,0,01010,01003
26,4/25/2026,34,Liverpool,C Palace,0,0,0,0, 0- 0, 0- 0, 0- 0, 0- 0,0,0,0,0,0,0,0,0,0,0,0,01002,01012
26,4/25/2026,34,Man Utd,Brentford,0,0,0,0, 0- 0, 0- 0, 0- 0, 0- 0,0,0,0,0,0,0,0,0,0,0,0,01020,01059
26,4/25/2026,34,Sunderland,Nottingham,0,0,0,0, 0- 0, 0- 0, 0- 0, 0- 0,0,0,0,0,0,0,0,0,0,0,0,01021,01037
26,4/25/2026,34,West Ham,Everton,0,0,0,0, 0- 0, 0- 0, 0- 0, 0- 0,0,0,0,0,0,0,0,0,0,0,0,01022,01017
26,4/25/2026,34,Wolves,Tottenham,0,0,0,0, 0- 0, 0- 0, 0- 0, 0- 0,0,0,0,0,0,0,0,0,0,0,0,01031,01001
26,5/2/2026,35,Arsenal,Fulham,0,0,0,0, 0- 0, 0- 0, 0- 0, 0- 0,0,0,0,0,0,0,0,0,0,0,0,01018,01010
26,5/2/2026,35,Aston Villa,Tottenham,0,0,0,0, 0- 0, 0- 0, 0- 0, 0- 0,0,0,0,0,0,0,0,0,0,0,0,01003,01001
26,5/2/2026,35,Bournemouth,C Palace,0,0,0,0, 0- 0, 0- 0, 0- 0, 0- 0,0,0,0,0,0,0,0,0,0,0,0,01063,01012
26,5/2/2026,35,Brentford,West Ham,0,0,0,0, 0- 0, 0- 0, 0- 0, 0- 0,0,0,0,0,0,0,0,0,0,0,0,01059,01022
26,5/2/2026,35,Chelsea,Nottingham,0,0,0,0, 0- 0, 0- 0, 0- 0, 0- 0,0,0,0,0,0,0,0,0,0,0,0,01019,01037
26,5/2/2026,35,Everton,Man City,0,0,0,0, 0- 0, 0- 0, 0- 0, 0- 0,0,0,0,0,0,0,0,0,0,0,0,01017,01009
26,5/2/2026,35,Leeds,Burnley,0,0,0,0, 0- 0, 0- 0, 0- 0, 0- 0,0,0,0,0,0,0,0,0,0,0,0,01035,01030
26,5/2/2026,35,Man Utd,Liverpool,0,0,0,0, 0- 0, 0- 0, 0- 0, 0- 0,0,0,0,0,0,0,0,0,0,0,0,01020,01002
26,5/2/2026,35,Newcastle,Brighton,0,0,0,0, 0- 0, 0- 0, 0- 0, 0- 0,0,0,0,0,0,0,0,0,0,0,0,01016,01036
26,5/2/2026,35,Wolves,Sunderland,0,0,0,0, 0- 0, 0- 0, 0- 0, 0- 0,0,0,0,0,0,0,0,0,0,0,0,01031,01021
26,5/9/2026,36,Brighton,Wolves,0,0,0,0, 0- 0, 0- 0, 0- 0, 0- 0,0,0,0,0,0,0,0,0,0,0,0,01036,01031
26,5/9/2026,36,Burnley,Aston Villa,0,0,0,0, 0- 0, 0- 0, 0- 0, 0- 0,0,0,0,0,0,0,0,0,0,0,0,01030,01003
26,5/9/2026,36,C Palace,Everton,0,0,0,0, 0- 0, 0- 0, 0- 0, 0- 0,0,0,0,0,0,0,0,0,0,0,0,01012,01017
26,5/9/2026,36,Fulham,Bournemouth,0,0,0,0, 0- 0, 0- 0, 0- 0, 0- 0,0,0,0,0,0,0,0,0,0,0,0,01010,01063
26,5/9/2026,36,Liverpool,Chelsea,0,0,0,0, 0- 0, 0- 0, 0- 0, 0- 0,0,0,0,0,0,0,0,0,0,0,0,01002,01019
26,5/9/2026,36,Man City,Brentford,0,0,0,0, 0- 0, 0- 0, 0- 0, 0- 0,0,0,0,0,0,0,0,0,0,0,0,01009,01059
26,5/9/2026,36,Nottingham,Newcastle,0,0,0,0, 0- 0, 0- 0, 0- 0, 0- 0,0,0,0,0,0,0,0,0,0,0,0,01037,01016
26,5/9/2026,36,Sunderland,Man Utd,0,0,0,0, 0- 0, 0- 0, 0- 0, 0- 0,0,0,0,0,0,0,0,0,0,0,0,01021,01020
26,5/9/2026,36,Tottenham,Leeds,0,0,0,0, 0- 0, 0- 0, 0- 0, 0- 0,0,0,0,0,0,0,0,0,0,0,0,01001,01035
26,5/9/2026,36,West Ham,Arsenal,0,0,0,0, 0- 0, 0- 0, 0- 0, 0- 0,0,0,0,0,0,0,0,0,0,0,0,01022,01018
26,5/17/2026,37,Arsenal,Burnley,0,0,0,0, 0- 0, 0- 0, 0- 0, 0- 0,0,0,0,0,0,0,0,0,0,0,0,01018,01030
26,5/17/2026,37,Aston Villa,Liverpool,0,0,0,0, 0- 0, 0- 0, 0- 0, 0- 0,0,0,0,0,0,0,0,0,0,0,0,01003,01002
26,5/17/2026,37,Bournemouth,Man City,0,0,0,0, 0- 0, 0- 0, 0- 0, 0- 0,0,0,0,0,0,0,0,0,0,0,0,01063,01009
26,5/17/2026,37,Brentford,C Palace,0,0,0,0, 0- 0, 0- 0, 0- 0, 0- 0,0,0,0,0,0,0,0,0,0,0,0,01059,01012
26,5/17/2026,37,Chelsea,Tottenham,0,0,0,0, 0- 0, 0- 0, 0- 0, 0- 0,0,0,0,0,0,0,0,0,0,0,0,01019,01001
26,5/17/2026,37,Everton,Sunderland,0,0,0,0, 0- 0, 0- 0, 0- 0, 0- 0,0,0,0,0,0,0,0,0,0,0,0,01017,01021
26,5/17/2026,37,Leeds,Brighton,0,0,0,0, 0- 0, 0- 0, 0- 0, 0- 0,0,0,0,0,0,0,0,0,0,0,0,01035,01036
26,5/17/2026,37,Man Utd,Nottingham,0,0,0,0, 0- 0, 0- 0, 0- 0, 0- 0,0,0,0,0,0,0,0,0,0,0,0,01020,01037
26,5/17/2026,37,Newcastle,West Ham,0,0,0,0, 0- 0, 0- 0, 0- 0, 0- 0,0,0,0,0,0,0,0,0,0,0,0,01016,01022
26,5/17/2026,37,Wolves,Fulham,0,0,0,0, 0- 0, 0- 0, 0- 0, 0- 0,0,0,0,0,0,0,0,0,0,0,0,01031,01010
26,5/24/2026,38,Brighton,Man Utd,0,0,0,0, 0- 0, 0- 0, 0- 0, 0- 0,0,0,0,0,0,0,0,0,0,0,0,01036,01020
26,5/24/2026,38,Burnley,Wolves,0,0,0,0, 0- 0, 0- 0, 0- 0, 0- 0,0,0,0,0,0,0,0,0,0,0,0,01030,01031
26,5/24/2026,38,C Palace,Arsenal,0,0,0,0, 0- 0, 0- 0, 0- 0, 0- 0,0,0,0,0,0,0,0,0,0,0,0,01012,01018
26,5/24/2026,38,Fulham,Newcastle,0,0,0,0, 0- 0, 0- 0, 0- 0, 0- 0,0,0,0,0,0,0,0,0,0,0,0,01010,01016
26,5/24/2026,38,Liverpool,Brentford,0,0,0,0, 0- 0, 0- 0, 0- 0, 0- 0,0,0,0,0,0,0,0,0,0,0,0,01002,01059
26,5/24/2026,38,Man City,Aston Villa,0,0,0,0, 0- 0, 0- 0, 0- 0, 0- 0,0,0,0,0,0,0,0,0,0,0,0,01009,01003
26,5/24/2026,38,Nottingham,Bournemouth,0,0,0,0, 0- 0, 0- 0, 0- 0, 0- 0,0,0,0,0,0,0,0,0,0,0,0,01037,01063
26,5/24/2026,38,Sunderland,Chelsea,0,0,0,0, 0- 0, 0- 0, 0- 0, 0- 0,0,0,0,0,0,0,0,0,0,0,0,01021,01019
26,5/24/2026,38,Tottenham,Everton,0,0,0,0, 0- 0, 0- 0, 0- 0, 0- 0,0,0,0,0,0,0,0,0,0,0,0,01001,01017
26,5/24/2026,38,West Ham,Leeds,0,0,0,0, 0- 0, 0- 0, 0- 0, 0- 0,0,0,0,0,0,0,0,0,0,0,0,01022,01035
,  -   -,,Minimum,,0,0,0,0,19.0, 3.0, 1.0, 1.0,1.2,3.06,1.27,1.38,1.56,0,0,0,0,0,0,,
,  -   -,,Maximum,,0,0,0,0,81.0,28.0,10.0,13.0,12.24,7.5,15.35,2.54,3.16,0,0,0,0,0,0,,
,  -   -,,Average,,0,0,0,0,50.0,12.0, 4.2, 5.0,2.77,4,4.08,1.86,2.1,0,0,0,0,0,0,,
,  -   -,,Standard dev.,,0,0,0,0,15.5, 6.8, 2.9, 3.7,1.58,0.83,2.58,0.25,0.3,0,0,0,0,0,0,,
,  -   -,,Variance,,0,0,0,0, 242,46.2, 8.5,14.0,2.48,0.69,6.68,0.06,0.09,0,0,0,0,0,0,,
